{
"type": "FeatureCollection",
"name": "bhavanisagar_osm",
"crs": { "type": "name", "properties": { "name": "urn:ogc:def:crs:OGC:1.3:CRS84" } },
"features": [
{ "type": "Feature", "properties": { "feature_id": "br_001", "name": "Sirumugai Bypass Bridge", "feature_type": "bridge", "category": "highway" }, "geometry": { "type": "LineString", "coordinates": [ [ 77.169, 11.444 ], [ 77.171, 11.446 ] ] } },
{ "type": "Feature", "properties": { "feature_id": "br_002", "name": "Bhavani River Low Causeway", "feature_type": "bridge", "category": "highway" }, "geometry": { "type": "LineString", "coordinates": [ [ 77.124, 11.467 ], [ 77.126, 11.469 ] ] } },
{ "type": "Feature", "properties": { "feature_id": "br_003", "name": "Alakkombai Crossing", "feature_type": "bridge", "category": "highway" }, "geometry": { "type": "LineString", "coordinates": [ [ 77.144, 11.461 ], [ 77.146, 11.463 ] ] } },
{ "type": "Feature", "properties": { "feature_id": "br_004", "name": "NH-948 Sathyamangalam Causeway & High Bridge", "feature_type": "bridge", "category": "highway" }, "geometry": { "type": "LineString", "coordinates": [ [ 77.254, 11.511 ], [ 77.256, 11.513 ] ] } },
{ "type": "Feature", "properties": { "feature_id": "br_005", "name": "Bhavani-Cauvery Confluence Bridge", "feature_type": "bridge", "category": "highway" }, "geometry": { "type": "LineString", "coordinates": [ [ 77.674, 11.447 ], [ 77.676, 11.449 ] ] } },
{ "type": "Feature", "properties": { "feature_id": "hosp_001", "name": "Sirumugai Community Health Centre", "feature_type": "hospital", "category": "amenity" }, "geometry": { "type": "Polygon", "coordinates": [ [ [ 77.16235, 11.44765 ], [ 77.16235, 11.44835 ], [ 77.16165, 11.44835 ], [ 77.16165, 11.44765 ], [ 77.16235, 11.44765 ] ] ] } },
{ "type": "Feature", "properties": { "feature_id": "hosp_002", "name": "Bhavanisagar Primary Health Centre", "feature_type": "hospital", "category": "amenity" }, "geometry": { "type": "Polygon", "coordinates": [ [ [ 77.11935, 11.47165 ], [ 77.11935, 11.47235 ], [ 77.11865, 11.47235 ], [ 77.11865, 11.47165 ], [ 77.11935, 11.47165 ] ] ] } },
{ "type": "Feature", "properties": { "feature_id": "hosp_003", "name": "Alakkombai Rural Clinic", "feature_type": "hospital", "category": "amenity" }, "geometry": { "type": "Polygon", "coordinates": [ [ [ 77.14235, 11.46365 ], [ 77.14235, 11.46435 ], [ 77.14165, 11.46435 ], [ 77.14165, 11.46365 ], [ 77.14235, 11.46365 ] ] ] } },
{ "type": "Feature", "properties": { "feature_id": "hosp_004", "name": "Sathyamangalam Govt General Hospital", "feature_type": "hospital", "category": "amenity" }, "geometry": { "type": "Polygon", "coordinates": [ [ [ 77.24835, 11.50765 ], [ 77.24835, 11.50835 ], [ 77.24765, 11.50835 ], [ 77.24765, 11.50765 ], [ 77.24835, 11.50765 ] ] ] } },
{ "type": "Feature", "properties": { "feature_id": "hosp_005", "name": "Bhavani Urban Care Hospital", "feature_type": "hospital", "category": "amenity" }, "geometry": { "type": "Polygon", "coordinates": [ [ [ 77.68135, 11.44565 ], [ 77.68135, 11.44635 ], [ 77.68065, 11.44635 ], [ 77.68065, 11.44565 ], [ 77.68135, 11.44565 ] ] ] } },
{ "type": "Feature", "properties": { "feature_id": "sch_001", "name": "Sirumugai Govt Higher Secondary School", "feature_type": "school", "category": "amenity" }, "geometry": { "type": "Polygon", "coordinates": [ [ [ 77.1684, 11.4506 ], [ 77.1684, 11.4514 ], [ 77.1676, 11.4514 ], [ 77.1676, 11.4506 ], [ 77.1684, 11.4506 ] ] ] } },
{ "type": "Feature", "properties": { "feature_id": "sch_002", "name": "Bhavanisagar High Ground School", "feature_type": "school", "category": "amenity" }, "geometry": { "type": "Polygon", "coordinates": [ [ [ 77.1124, 11.4756 ], [ 77.1124, 11.4764 ], [ 77.1116, 11.4764 ], [ 77.1116, 11.4756 ], [ 77.1124, 11.4756 ] ] ] } },
{ "type": "Feature", "properties": { "feature_id": "sch_003", "name": "Alakkombai Panchayat Union Primary School", "feature_type": "school", "category": "amenity" }, "geometry": { "type": "Polygon", "coordinates": [ [ [ 77.1394, 11.4656 ], [ 77.1394, 11.4664 ], [ 77.1386, 11.4664 ], [ 77.1386, 11.4656 ], [ 77.1394, 11.4656 ] ] ] } },
{ "type": "Feature", "properties": { "feature_id": "sch_004", "name": "Sathyamangalam Relief Centre School", "feature_type": "school", "category": "amenity" }, "geometry": { "type": "Polygon", "coordinates": [ [ [ 77.2454, 11.5156 ], [ 77.2454, 11.5164 ], [ 77.2446, 11.5164 ], [ 77.2446, 11.5156 ], [ 77.2454, 11.5156 ] ] ] } },
{ "type": "Feature", "properties": { "feature_id": "road_001", "name": "Bhavani River Left Bank Road", "feature_type": "road", "category": "highway" }, "geometry": { "type": "LineString", "coordinates": [ [ 77.115, 11.472 ], [ 77.13, 11.466 ], [ 77.145, 11.458 ], [ 77.165, 11.446 ] ] } },
{ "type": "Feature", "properties": { "feature_id": "road_002", "name": "Sirumugai-Alakkombai Rural Link", "feature_type": "road", "category": "highway" }, "geometry": { "type": "LineString", "coordinates": [ [ 77.12, 11.468 ], [ 77.135, 11.463 ], [ 77.15, 11.452 ], [ 77.162, 11.443 ] ] } },
{ "type": "Feature", "properties": { "feature_id": "road_003", "name": "Dam Toe Spillway Access Road", "feature_type": "road", "category": "highway" }, "geometry": { "type": "LineString", "coordinates": [ [ 77.113, 11.47 ], [ 77.118, 11.469 ], [ 77.124, 11.468 ] ] } },
{ "type": "Feature", "properties": { "feature_id": "road_004", "name": "Sirumugai Industrial Bypass", "feature_type": "road", "category": "highway" }, "geometry": { "type": "LineString", "coordinates": [ [ 77.14, 11.455 ], [ 77.155, 11.448 ], [ 77.17, 11.442 ], [ 77.185, 11.44 ] ] } },
{ "type": "Feature", "properties": { "feature_id": "road_005", "name": "Sathyamangalam Highway NH-948 Section A", "feature_type": "road", "category": "highway" }, "geometry": { "type": "LineString", "coordinates": [ [ 77.165, 11.445 ], [ 77.195, 11.465 ], [ 77.225, 11.49 ], [ 77.255, 11.512 ] ] } },
{ "type": "Feature", "properties": { "feature_id": "road_006", "name": "Sathyamangalam Highway NH-948 Section B", "feature_type": "road", "category": "highway" }, "geometry": { "type": "LineString", "coordinates": [ [ 77.255, 11.512 ], [ 77.285, 11.52 ], [ 77.31, 11.518 ] ] } },
{ "type": "Feature", "properties": { "feature_id": "road_007", "name": "Gobichettipalayam Feeder Arterial", "feature_type": "road", "category": "highway" }, "geometry": { "type": "LineString", "coordinates": [ [ 77.25, 11.505 ], [ 77.29, 11.485 ], [ 77.34, 11.465 ], [ 77.38, 11.45 ] ] } },
{ "type": "Feature", "properties": { "feature_id": "road_008", "name": "South Bank Agricultural Service Road", "feature_type": "road", "category": "highway" }, "geometry": { "type": "LineString", "coordinates": [ [ 77.122, 11.465 ], [ 77.142, 11.455 ], [ 77.158, 11.441 ] ] } },
{ "type": "Feature", "properties": { "feature_id": "road_009", "name": "Bhavanisagar Residential Link Way", "feature_type": "road", "category": "highway" }, "geometry": { "type": "LineString", "coordinates": [ [ 77.11, 11.474 ], [ 77.114, 11.472 ], [ 77.12, 11.471 ] ] } },
{ "type": "Feature", "properties": { "feature_id": "road_010", "name": "Chunnambuthurai River Road", "feature_type": "road", "category": "highway" }, "geometry": { "type": "LineString", "coordinates": [ [ 77.132, 11.462 ], [ 77.148, 11.453 ], [ 77.16, 11.445 ] ] } },
{ "type": "Feature", "properties": { "feature_id": "road_011", "name": "Karachikorai Ghat Access Road", "feature_type": "road", "category": "highway" }, "geometry": { "type": "LineString", "coordinates": [ [ 77.116, 11.467 ], [ 77.128, 11.462 ] ] } },
{ "type": "Feature", "properties": { "feature_id": "road_012", "name": "Kalingarayan Canal Bund Road", "feature_type": "road", "category": "highway" }, "geometry": { "type": "LineString", "coordinates": [ [ 77.155, 11.449 ], [ 77.175, 11.444 ], [ 77.2, 11.455 ] ] } },
{ "type": "Feature", "properties": { "feature_id": "bld_0001", "name": "Building 1 (Sirumugai Riverfront)", "feature_type": "building", "category": "building" }, "geometry": { "type": "Polygon", "coordinates": [ [ [ 77.124491063497885, 11.474129475020222 ], [ 77.124491063497885, 11.474391954172075 ], [ 77.124228584346042, 11.474391954172075 ], [ 77.124228584346042, 11.474129475020222 ], [ 77.124491063497885, 11.474129475020222 ] ] ] } },
{ "type": "Feature", "properties": { "feature_id": "bld_0002", "name": "Building 2 (Sirumugai Riverfront)", "feature_type": "building", "category": "building" }, "geometry": { "type": "Polygon", "coordinates": [ [ [ 77.13184664959492, 11.462249359990214 ], [ 77.13184664959492, 11.462431199223062 ], [ 77.131664810362068, 11.462431199223062 ], [ 77.131664810362068, 11.462249359990214 ], [ 77.13184664959492, 11.462249359990214 ] ] ] } },
{ "type": "Feature", "properties": { "feature_id": "bld_0003", "name": "Building 3 (Sirumugai Riverfront)", "feature_type": "building", "category": "building" }, "geometry": { "type": "Polygon", "coordinates": [ [ [ 77.114038837252366, 11.472870564135802 ], [ 77.114038837252366, 11.473114720237445 ], [ 77.113794681150722, 11.473114720237445 ], [ 77.113794681150722, 11.472870564135802 ], [ 77.114038837252366, 11.472870564135802 ] ] ] } },
{ "type": "Feature", "properties": { "feature_id": "bld_0004", "name": "Building 4 (Sirumugai Riverfront)", "feature_type": "building", "category": "building" }, "geometry": { "type": "Polygon", "coordinates": [ [ [ 77.135514288756923, 11.460160873724785 ], [ 77.135514288756923, 11.460456661104089 ], [ 77.135218501377608, 11.460456661104089 ], [ 77.135218501377608, 11.460160873724785 ], [ 77.135514288756923, 11.460160873724785 ] ] ] } },
{ "type": "Feature", "properties": { "feature_id": "bld_0005", "name": "Building 5 (Sirumugai Riverfront)", "feature_type": "building", "category": "building" }, "geometry": { "type": "Polygon", "coordinates": [ [ [ 77.139563334894106, 11.463092358912471 ], [ 77.139563334894106, 11.46327781440788 ], [ 77.139377879398708, 11.46327781440788 ], [ 77.139377879398708, 11.463092358912471 ], [ 77.139563334894106, 11.463092358912471 ] ] ] } },
{ "type": "Feature", "properties": { "feature_id": "bld_0006", "name": "Building 6 (Sirumugai Riverfront)", "feature_type": "building", "category": "building" }, "geometry": { "type": "Polygon", "coordinates": [ [ [ 77.118169081775378, 11.464446900694179 ], [ 77.118169081775378, 11.464680366594608 ], [ 77.117935615874941, 11.464680366594608 ], [ 77.117935615874941, 11.464446900694179 ], [ 77.118169081775378, 11.464446900694179 ] ] ] } },
{ "type": "Feature", "properties": { "feature_id": "bld_0007", "name": "Building 7 (Sirumugai Riverfront)", "feature_type": "building", "category": "building" }, "geometry": { "type": "Polygon", "coordinates": [ [ [ 77.126377015317814, 11.46424560740034 ], [ 77.126377015317814, 11.464491266805602 ], [ 77.126131355912548, 11.464491266805602 ], [ 77.126131355912548, 11.46424560740034 ], [ 77.126377015317814, 11.46424560740034 ] ] ] } },
{ "type": "Feature", "properties": { "feature_id": "bld_0008", "name": "Building 8 (Sirumugai Riverfront)", "feature_type": "building", "category": "building" }, "geometry": { "type": "Polygon", "coordinates": [ [ [ 77.11670894273054, 11.464276524398999 ], [ 77.11670894273054, 11.46448781505706 ], [ 77.116497652072482, 11.46448781505706 ], [ 77.116497652072482, 11.464276524398999 ], [ 77.11670894273054, 11.464276524398999 ] ] ] } },
{ "type": "Feature", "properties": { "feature_id": "bld_0009", "name": "Building 9 (Sirumugai Riverfront)", "feature_type": "building", "category": "building" }, "geometry": { "type": "Polygon", "coordinates": [ [ [ 77.127144286643912, 11.471683662256144 ], [ 77.127144286643912, 11.471871616585645 ], [ 77.126956332314407, 11.471871616585645 ], [ 77.126956332314407, 11.471683662256144 ], [ 77.127144286643912, 11.471683662256144 ] ] ] } },
{ "type": "Feature", "properties": { "feature_id": "bld_0010", "name": "Building 10 (Sirumugai Riverfront)", "feature_type": "building", "category": "building" }, "geometry": { "type": "Polygon", "coordinates": [ [ [ 77.129052987996531, 11.46880296700404 ], [ 77.129052987996531, 11.46896947006182 ], [ 77.128886484938747, 11.46896947006182 ], [ 77.128886484938747, 11.46880296700404 ], [ 77.129052987996531, 11.46880296700404 ] ] ] } },
{ "type": "Feature", "properties": { "feature_id": "bld_0011", "name": "Building 11 (Sirumugai Riverfront)", "feature_type": "building", "category": "building" }, "geometry": { "type": "Polygon", "coordinates": [ [ [ 77.132133533724257, 11.4624733082438 ], [ 77.132133533724257, 11.462642415466819 ], [ 77.131964426501227, 11.462642415466819 ], [ 77.131964426501227, 11.4624733082438 ], [ 77.132133533724257, 11.4624733082438 ] ] ] } },
{ "type": "Feature", "properties": { "feature_id": "bld_0012", "name": "Building 12 (Sirumugai Riverfront)", "feature_type": "building", "category": "building" }, "geometry": { "type": "Polygon", "coordinates": [ [ [ 77.143449810543729, 11.474347892681751 ], [ 77.143449810543729, 11.474621068310485 ], [ 77.143176634914994, 11.474621068310485 ], [ 77.143176634914994, 11.474347892681751 ], [ 77.143449810543729, 11.474347892681751 ] ] ] } },
{ "type": "Feature", "properties": { "feature_id": "bld_0013", "name": "Building 13 (Sirumugai Riverfront)", "feature_type": "building", "category": "building" }, "geometry": { "type": "Polygon", "coordinates": [ [ [ 77.122180150694575, 11.461337185398241 ], [ 77.122180150694575, 11.461592978021953 ], [ 77.121924358070871, 11.461592978021953 ], [ 77.121924358070871, 11.461337185398241 ], [ 77.122180150694575, 11.461337185398241 ] ] ] } },
{ "type": "Feature", "properties": { "feature_id": "bld_0014", "name": "Building 14 (Sirumugai Riverfront)", "feature_type": "building", "category": "building" }, "geometry": { "type": "Polygon", "coordinates": [ [ [ 77.12663969467711, 11.461715911138965 ], [ 77.12663969467711, 11.461945235906379 ], [ 77.126410369909692, 11.461945235906379 ], [ 77.126410369909692, 11.461715911138965 ], [ 77.12663969467711, 11.461715911138965 ] ] ] } },
{ "type": "Feature", "properties": { "feature_id": "bld_0015", "name": "Building 15 (Sirumugai Riverfront)", "feature_type": "building", "category": "building" }, "geometry": { "type": "Polygon", "coordinates": [ [ [ 77.113232935795509, 11.473541691432469 ], [ 77.113232935795509, 11.473737920629894 ], [ 77.113036706598081, 11.473737920629894 ], [ 77.113036706598081, 11.473541691432469 ], [ 77.113232935795509, 11.473541691432469 ] ] ] } },
{ "type": "Feature", "properties": { "feature_id": "bld_0016", "name": "Building 16 (Sirumugai Riverfront)", "feature_type": "building", "category": "building" }, "geometry": { "type": "Polygon", "coordinates": [ [ [ 77.133979640145157, 11.464559261379858 ], [ 77.133979640145157, 11.464792070902824 ], [ 77.133746830622187, 11.464792070902824 ], [ 77.133746830622187, 11.464559261379858 ], [ 77.133979640145157, 11.464559261379858 ] ] ] } },
{ "type": "Feature", "properties": { "feature_id": "bld_0017", "name": "Building 17 (Sirumugai Riverfront)", "feature_type": "building", "category": "building" }, "geometry": { "type": "Polygon", "coordinates": [ [ [ 77.130189310142256, 11.46262494590894 ], [ 77.130189310142256, 11.462920687756826 ], [ 77.129893568294378, 11.462920687756826 ], [ 77.129893568294378, 11.46262494590894 ], [ 77.130189310142256, 11.46262494590894 ] ] ] } },
{ "type": "Feature", "properties": { "feature_id": "bld_0018", "name": "Building 18 (Sirumugai Riverfront)", "feature_type": "building", "category": "building" }, "geometry": { "type": "Polygon", "coordinates": [ [ [ 77.137722021085452, 11.473949846208932 ], [ 77.137722021085452, 11.474235122037992 ], [ 77.13743674525638, 11.474235122037992 ], [ 77.13743674525638, 11.473949846208932 ], [ 77.137722021085452, 11.473949846208932 ] ] ] } },
{ "type": "Feature", "properties": { "feature_id": "bld_0019", "name": "Building 19 (Sirumugai Riverfront)", "feature_type": "building", "category": "building" }, "geometry": { "type": "Polygon", "coordinates": [ [ [ 77.131816893775905, 11.473741919050203 ], [ 77.131816893775905, 11.47391430800049 ], [ 77.131644504825616, 11.47391430800049 ], [ 77.131644504825616, 11.473741919050203 ], [ 77.131816893775905, 11.473741919050203 ] ] ] } },
{ "type": "Feature", "properties": { "feature_id": "bld_0020", "name": "Building 20 (Sirumugai Riverfront)", "feature_type": "building", "category": "building" }, "geometry": { "type": "Polygon", "coordinates": [ [ [ 77.118570207582991, 11.460575636210505 ], [ 77.118570207582991, 11.460781182456811 ], [ 77.11836466133667, 11.460781182456811 ], [ 77.11836466133667, 11.460575636210505 ], [ 77.118570207582991, 11.460575636210505 ] ] ] } },
{ "type": "Feature", "properties": { "feature_id": "bld_0021", "name": "Building 21 (Sirumugai Riverfront)", "feature_type": "building", "category": "building" }, "geometry": { "type": "Polygon", "coordinates": [ [ [ 77.124964362185381, 11.463932223850968 ], [ 77.124964362185381, 11.464208247102249 ], [ 77.124688338934106, 11.464208247102249 ], [ 77.124688338934106, 11.463932223850968 ], [ 77.124964362185381, 11.463932223850968 ] ] ] } },
{ "type": "Feature", "properties": { "feature_id": "bld_0022", "name": "Building 22 (Sirumugai Riverfront)", "feature_type": "building", "category": "building" }, "geometry": { "type": "Polygon", "coordinates": [ [ [ 77.123890848506704, 11.46409602891949 ], [ 77.123890848506704, 11.464332006371132 ], [ 77.123654871055066, 11.464332006371132 ], [ 77.123654871055066, 11.46409602891949 ], [ 77.123890848506704, 11.46409602891949 ] ] ] } },
{ "type": "Feature", "properties": { "feature_id": "bld_0023", "name": "Building 23 (Sirumugai Riverfront)", "feature_type": "building", "category": "building" }, "geometry": { "type": "Polygon", "coordinates": [ [ [ 77.11673571796922, 11.471947736166253 ], [ 77.11673571796922, 11.472118173256369 ], [ 77.116565280879115, 11.472118173256369 ], [ 77.116565280879115, 11.471947736166253 ], [ 77.11673571796922, 11.471947736166253 ] ] ] } },
{ "type": "Feature", "properties": { "feature_id": "bld_0024", "name": "Building 24 (Sirumugai Riverfront)", "feature_type": "building", "category": "building" }, "geometry": { "type": "Polygon", "coordinates": [ [ [ 77.14466117900551, 11.471489761441743 ], [ 77.14466117900551, 11.471677581637158 ], [ 77.144473358810103, 11.471677581637158 ], [ 77.144473358810103, 11.471489761441743 ], [ 77.14466117900551, 11.471489761441743 ] ] ] } },
{ "type": "Feature", "properties": { "feature_id": "bld_0025", "name": "Building 25 (Sirumugai Riverfront)", "feature_type": "building", "category": "building" }, "geometry": { "type": "Polygon", "coordinates": [ [ [ 77.112311709879137, 11.472102441412753 ], [ 77.112311709879137, 11.472361401440891 ], [ 77.112052749851003, 11.472361401440891 ], [ 77.112052749851003, 11.472102441412753 ], [ 77.112311709879137, 11.472102441412753 ] ] ] } },
{ "type": "Feature", "properties": { "feature_id": "bld_0026", "name": "Building 26 (Sirumugai Riverfront)", "feature_type": "building", "category": "building" }, "geometry": { "type": "Polygon", "coordinates": [ [ [ 77.136142419670975, 11.471483872074668 ], [ 77.136142419670975, 11.471654238325911 ], [ 77.135972053419735, 11.471654238325911 ], [ 77.135972053419735, 11.471483872074668 ], [ 77.136142419670975, 11.471483872074668 ] ] ] } },
{ "type": "Feature", "properties": { "feature_id": "bld_0027", "name": "Building 27 (Sirumugai Riverfront)", "feature_type": "building", "category": "building" }, "geometry": { "type": "Polygon", "coordinates": [ [ [ 77.123969786281762, 11.461597618653068 ], [ 77.123969786281762, 11.461878453132689 ], [ 77.123688951802151, 11.461878453132689 ], [ 77.123688951802151, 11.461597618653068 ], [ 77.123969786281762, 11.461597618653068 ] ] ] } },
{ "type": "Feature", "properties": { "feature_id": "bld_0028", "name": "Building 28 (Sirumugai Riverfront)", "feature_type": "building", "category": "building" }, "geometry": { "type": "Polygon", "coordinates": [ [ [ 77.132653287269832, 11.464879021288271 ], [ 77.132653287269832, 11.46504791945731 ], [ 77.132484389100782, 11.46504791945731 ], [ 77.132484389100782, 11.464879021288271 ], [ 77.132653287269832, 11.464879021288271 ] ] ] } },
{ "type": "Feature", "properties": { "feature_id": "bld_0029", "name": "Building 29 (Sirumugai Riverfront)", "feature_type": "building", "category": "building" }, "geometry": { "type": "Polygon", "coordinates": [ [ [ 77.122393489049088, 11.464746677397919 ], [ 77.122393489049088, 11.465008822262885 ], [ 77.122131344184126, 11.465008822262885 ], [ 77.122131344184126, 11.464746677397919 ], [ 77.122393489049088, 11.464746677397919 ] ] ] } },
{ "type": "Feature", "properties": { "feature_id": "bld_0030", "name": "Building 30 (Sirumugai Riverfront)", "feature_type": "building", "category": "building" }, "geometry": { "type": "Polygon", "coordinates": [ [ [ 77.133152451599486, 11.473195136093883 ], [ 77.133152451599486, 11.473421246183404 ], [ 77.132926341509958, 11.473421246183404 ], [ 77.132926341509958, 11.473195136093883 ], [ 77.133152451599486, 11.473195136093883 ] ] ] } },
{ "type": "Feature", "properties": { "feature_id": "bld_0031", "name": "Building 31 (Sirumugai Riverfront)", "feature_type": "building", "category": "building" }, "geometry": { "type": "Polygon", "coordinates": [ [ [ 77.116079865069352, 11.470565416854942 ], [ 77.116079865069352, 11.470831926761747 ], [ 77.115813355162558, 11.470831926761747 ], [ 77.115813355162558, 11.470565416854942 ], [ 77.116079865069352, 11.470565416854942 ] ] ] } },
{ "type": "Feature", "properties": { "feature_id": "bld_0032", "name": "Building 32 (Sirumugai Riverfront)", "feature_type": "building", "category": "building" }, "geometry": { "type": "Polygon", "coordinates": [ [ [ 77.13063671321153, 11.471449942007572 ], [ 77.13063671321153, 11.471679073391064 ], [ 77.130407581828038, 11.471679073391064 ], [ 77.130407581828038, 11.471449942007572 ], [ 77.13063671321153, 11.471449942007572 ] ] ] } },
{ "type": "Feature", "properties": { "feature_id": "bld_0033", "name": "Building 33 (Sirumugai Riverfront)", "feature_type": "building", "category": "building" }, "geometry": { "type": "Polygon", "coordinates": [ [ [ 77.129331962708477, 11.466331335936506 ], [ 77.129331962708477, 11.46649489461425 ], [ 77.129168404030736, 11.46649489461425 ], [ 77.129168404030736, 11.466331335936506 ], [ 77.129331962708477, 11.466331335936506 ] ] ] } },
{ "type": "Feature", "properties": { "feature_id": "bld_0034", "name": "Building 34 (Sirumugai Riverfront)", "feature_type": "building", "category": "building" }, "geometry": { "type": "Polygon", "coordinates": [ [ [ 77.115684965819568, 11.460346889056513 ], [ 77.115684965819568, 11.46059598651409 ], [ 77.115435868361985, 11.46059598651409 ], [ 77.115435868361985, 11.460346889056513 ], [ 77.115684965819568, 11.460346889056513 ] ] ] } },
{ "type": "Feature", "properties": { "feature_id": "bld_0035", "name": "Building 35 (Sirumugai Riverfront)", "feature_type": "building", "category": "building" }, "geometry": { "type": "Polygon", "coordinates": [ [ [ 77.122517277028692, 11.467485030714297 ], [ 77.122517277028692, 11.467772090020645 ], [ 77.122230217722347, 11.467772090020645 ], [ 77.122230217722347, 11.467485030714297 ], [ 77.122517277028692, 11.467485030714297 ] ] ] } },
{ "type": "Feature", "properties": { "feature_id": "bld_0036", "name": "Building 36 (Sirumugai Riverfront)", "feature_type": "building", "category": "building" }, "geometry": { "type": "Polygon", "coordinates": [ [ [ 77.120359532141606, 11.466022855265837 ], [ 77.120359532141606, 11.466288632425233 ], [ 77.120093754982207, 11.466288632425233 ], [ 77.120093754982207, 11.466022855265837 ], [ 77.120359532141606, 11.466022855265837 ] ] ] } },
{ "type": "Feature", "properties": { "feature_id": "bld_0037", "name": "Building 37 (Sirumugai Riverfront)", "feature_type": "building", "category": "building" }, "geometry": { "type": "Polygon", "coordinates": [ [ [ 77.11965062206292, 11.461054416045728 ], [ 77.11965062206292, 11.461254981249136 ], [ 77.119450056859506, 11.461254981249136 ], [ 77.119450056859506, 11.461054416045728 ], [ 77.11965062206292, 11.461054416045728 ] ] ] } },
{ "type": "Feature", "properties": { "feature_id": "bld_0038", "name": "Building 38 (Sirumugai Riverfront)", "feature_type": "building", "category": "building" }, "geometry": { "type": "Polygon", "coordinates": [ [ [ 77.11745687090594, 11.47380889635857 ], [ 77.11745687090594, 11.474082033211708 ], [ 77.117183734052801, 11.474082033211708 ], [ 77.117183734052801, 11.47380889635857 ], [ 77.11745687090594, 11.47380889635857 ] ] ] } },
{ "type": "Feature", "properties": { "feature_id": "bld_0039", "name": "Building 39 (Sirumugai Riverfront)", "feature_type": "building", "category": "building" }, "geometry": { "type": "Polygon", "coordinates": [ [ [ 77.133038581010226, 11.472935651807433 ], [ 77.133038581010226, 11.4732081658982 ], [ 77.132766066919459, 11.4732081658982 ], [ 77.132766066919459, 11.472935651807433 ], [ 77.133038581010226, 11.472935651807433 ] ] ] } },
{ "type": "Feature", "properties": { "feature_id": "bld_0040", "name": "Building 40 (Sirumugai Riverfront)", "feature_type": "building", "category": "building" }, "geometry": { "type": "Polygon", "coordinates": [ [ [ 77.118274565900165, 11.473270631020416 ], [ 77.118274565900165, 11.473506138934283 ], [ 77.118039057986309, 11.473506138934283 ], [ 77.118039057986309, 11.473270631020416 ], [ 77.118274565900165, 11.473270631020416 ] ] ] } },
{ "type": "Feature", "properties": { "feature_id": "bld_0041", "name": "Building 41 (Sirumugai Riverfront)", "feature_type": "building", "category": "building" }, "geometry": { "type": "Polygon", "coordinates": [ [ [ 77.138747785363663, 11.473339109255605 ], [ 77.138747785363663, 11.4735436297421 ], [ 77.138543264877157, 11.4735436297421 ], [ 77.138543264877157, 11.473339109255605 ], [ 77.138747785363663, 11.473339109255605 ] ] ] } },
{ "type": "Feature", "properties": { "feature_id": "bld_0042", "name": "Building 42 (Sirumugai Riverfront)", "feature_type": "building", "category": "building" }, "geometry": { "type": "Polygon", "coordinates": [ [ [ 77.115741611054602, 11.463309129892925 ], [ 77.115741611054602, 11.463528924983335 ], [ 77.1155218159642, 11.463528924983335 ], [ 77.1155218159642, 11.463309129892925 ], [ 77.115741611054602, 11.463309129892925 ] ] ] } },
{ "type": "Feature", "properties": { "feature_id": "bld_0043", "name": "Building 43 (Sirumugai Riverfront)", "feature_type": "building", "category": "building" }, "geometry": { "type": "Polygon", "coordinates": [ [ [ 77.139074973924579, 11.472830472099707 ], [ 77.139074973924579, 11.472991445397982 ], [ 77.138914000626301, 11.472991445397982 ], [ 77.138914000626301, 11.472830472099707 ], [ 77.139074973924579, 11.472830472099707 ] ] ] } },
{ "type": "Feature", "properties": { "feature_id": "bld_0044", "name": "Building 44 (Sirumugai Riverfront)", "feature_type": "building", "category": "building" }, "geometry": { "type": "Polygon", "coordinates": [ [ [ 77.128950208531791, 11.466165617500499 ], [ 77.128950208531791, 11.466356712593965 ], [ 77.128759113438321, 11.466356712593965 ], [ 77.128759113438321, 11.466165617500499 ], [ 77.128950208531791, 11.466165617500499 ] ] ] } },
{ "type": "Feature", "properties": { "feature_id": "bld_0045", "name": "Building 45 (Sirumugai Riverfront)", "feature_type": "building", "category": "building" }, "geometry": { "type": "Polygon", "coordinates": [ [ [ 77.116101560801283, 11.464918223891781 ], [ 77.116101560801283, 11.46521023125033 ], [ 77.11580955344273, 11.46521023125033 ], [ 77.11580955344273, 11.464918223891781 ], [ 77.116101560801283, 11.464918223891781 ] ] ] } },
{ "type": "Feature", "properties": { "feature_id": "bld_0046", "name": "Building 46 (Sirumugai Riverfront)", "feature_type": "building", "category": "building" }, "geometry": { "type": "Polygon", "coordinates": [ [ [ 77.122794908083804, 11.467652647999028 ], [ 77.122794908083804, 11.467911070653273 ], [ 77.122536485429563, 11.467911070653273 ], [ 77.122536485429563, 11.467652647999028 ], [ 77.122794908083804, 11.467652647999028 ] ] ] } },
{ "type": "Feature", "properties": { "feature_id": "bld_0047", "name": "Building 47 (Sirumugai Riverfront)", "feature_type": "building", "category": "building" }, "geometry": { "type": "Polygon", "coordinates": [ [ [ 77.124147148189152, 11.474429359930168 ], [ 77.124147148189152, 11.474724102551461 ], [ 77.12385240556786, 11.474724102551461 ], [ 77.12385240556786, 11.474429359930168 ], [ 77.124147148189152, 11.474429359930168 ] ] ] } },
{ "type": "Feature", "properties": { "feature_id": "bld_0048", "name": "Building 48 (Sirumugai Riverfront)", "feature_type": "building", "category": "building" }, "geometry": { "type": "Polygon", "coordinates": [ [ [ 77.120409877243915, 11.4673576661067 ], [ 77.120409877243915, 11.467559789070073 ], [ 77.120207754280543, 11.467559789070073 ], [ 77.120207754280543, 11.4673576661067 ], [ 77.120409877243915, 11.4673576661067 ] ] ] } },
{ "type": "Feature", "properties": { "feature_id": "bld_0049", "name": "Building 49 (Sirumugai Riverfront)", "feature_type": "building", "category": "building" }, "geometry": { "type": "Polygon", "coordinates": [ [ [ 77.121522405817842, 11.46043063470694 ], [ 77.121522405817842, 11.460675973713697 ], [ 77.121277066811075, 11.460675973713697 ], [ 77.121277066811075, 11.46043063470694 ], [ 77.121522405817842, 11.46043063470694 ] ] ] } },
{ "type": "Feature", "properties": { "feature_id": "bld_0050", "name": "Building 50 (Sirumugai Riverfront)", "feature_type": "building", "category": "building" }, "geometry": { "type": "Polygon", "coordinates": [ [ [ 77.128687913019036, 11.460672676016253 ], [ 77.128687913019036, 11.460871686521246 ], [ 77.12848890251405, 11.460871686521246 ], [ 77.12848890251405, 11.460672676016253 ], [ 77.128687913019036, 11.460672676016253 ] ] ] } },
{ "type": "Feature", "properties": { "feature_id": "bld_0051", "name": "Building 51 (Sirumugai Riverfront)", "feature_type": "building", "category": "building" }, "geometry": { "type": "Polygon", "coordinates": [ [ [ 77.142062916877933, 11.463503285718959 ], [ 77.142062916877933, 11.463683571001051 ], [ 77.141882631595848, 11.463683571001051 ], [ 77.141882631595848, 11.463503285718959 ], [ 77.142062916877933, 11.463503285718959 ] ] ] } },
{ "type": "Feature", "properties": { "feature_id": "bld_0052", "name": "Building 52 (Sirumugai Riverfront)", "feature_type": "building", "category": "building" }, "geometry": { "type": "Polygon", "coordinates": [ [ [ 77.128248884958168, 11.474687812942653 ], [ 77.128248884958168, 11.474881700680664 ], [ 77.128054997220147, 11.474881700680664 ], [ 77.128054997220147, 11.474687812942653 ], [ 77.128248884958168, 11.474687812942653 ] ] ] } },
{ "type": "Feature", "properties": { "feature_id": "bld_0053", "name": "Building 53 (Sirumugai Riverfront)", "feature_type": "building", "category": "building" }, "geometry": { "type": "Polygon", "coordinates": [ [ [ 77.134277107692469, 11.471327659601851 ], [ 77.134277107692469, 11.471520928858009 ], [ 77.134083838436311, 11.471520928858009 ], [ 77.134083838436311, 11.471327659601851 ], [ 77.134277107692469, 11.471327659601851 ] ] ] } },
{ "type": "Feature", "properties": { "feature_id": "bld_0054", "name": "Building 54 (Sirumugai Riverfront)", "feature_type": "building", "category": "building" }, "geometry": { "type": "Polygon", "coordinates": [ [ [ 77.13615540091233, 11.465392485582647 ], [ 77.13615540091233, 11.465641008398929 ], [ 77.135906878096037, 11.465641008398929 ], [ 77.135906878096037, 11.465392485582647 ], [ 77.13615540091233, 11.465392485582647 ] ] ] } },
{ "type": "Feature", "properties": { "feature_id": "bld_0055", "name": "Building 55 (Sirumugai Riverfront)", "feature_type": "building", "category": "building" }, "geometry": { "type": "Polygon", "coordinates": [ [ [ 77.132992800739004, 11.467950299977218 ], [ 77.132992800739004, 11.468122940545026 ], [ 77.132820160171207, 11.468122940545026 ], [ 77.132820160171207, 11.467950299977218 ], [ 77.132992800739004, 11.467950299977218 ] ] ] } },
{ "type": "Feature", "properties": { "feature_id": "bld_0056", "name": "Building 56 (Sirumugai Riverfront)", "feature_type": "building", "category": "building" }, "geometry": { "type": "Polygon", "coordinates": [ [ [ 77.139658038650168, 11.464718644678848 ], [ 77.139658038650168, 11.464904757270306 ], [ 77.139471926058718, 11.464904757270306 ], [ 77.139471926058718, 11.464718644678848 ], [ 77.139658038650168, 11.464718644678848 ] ] ] } },
{ "type": "Feature", "properties": { "feature_id": "bld_0057", "name": "Building 57 (Sirumugai Riverfront)", "feature_type": "building", "category": "building" }, "geometry": { "type": "Polygon", "coordinates": [ [ [ 77.11347300917663, 11.468735964642496 ], [ 77.11347300917663, 11.468990823653153 ], [ 77.113218150165977, 11.468990823653153 ], [ 77.113218150165977, 11.468735964642496 ], [ 77.11347300917663, 11.468735964642496 ] ] ] } },
{ "type": "Feature", "properties": { "feature_id": "bld_0058", "name": "Building 58 (Sirumugai Riverfront)", "feature_type": "building", "category": "building" }, "geometry": { "type": "Polygon", "coordinates": [ [ [ 77.112643253058877, 11.467585541170225 ], [ 77.112643253058877, 11.467777250578754 ], [ 77.112451543650337, 11.467777250578754 ], [ 77.112451543650337, 11.467585541170225 ], [ 77.112643253058877, 11.467585541170225 ] ] ] } },
{ "type": "Feature", "properties": { "feature_id": "bld_0059", "name": "Building 59 (Sirumugai Riverfront)", "feature_type": "building", "category": "building" }, "geometry": { "type": "Polygon", "coordinates": [ [ [ 77.133419067725185, 11.462487130793409 ], [ 77.133419067725185, 11.462743862076742 ], [ 77.133162336441842, 11.462743862076742 ], [ 77.133162336441842, 11.462487130793409 ], [ 77.133419067725185, 11.462487130793409 ] ] ] } },
{ "type": "Feature", "properties": { "feature_id": "bld_0060", "name": "Building 60 (Sirumugai Riverfront)", "feature_type": "building", "category": "building" }, "geometry": { "type": "Polygon", "coordinates": [ [ [ 77.124851892894, 11.473961323364961 ], [ 77.124851892894, 11.474140576297142 ], [ 77.124672639961815, 11.474140576297142 ], [ 77.124672639961815, 11.473961323364961 ], [ 77.124851892894, 11.473961323364961 ] ] ] } },
{ "type": "Feature", "properties": { "feature_id": "bld_0061", "name": "Building 61 (Sirumugai Riverfront)", "feature_type": "building", "category": "building" }, "geometry": { "type": "Polygon", "coordinates": [ [ [ 77.123399918137935, 11.461557374265331 ], [ 77.123399918137935, 11.461846831371888 ], [ 77.123110461031374, 11.461846831371888 ], [ 77.123110461031374, 11.461557374265331 ], [ 77.123399918137935, 11.461557374265331 ] ] ] } },
{ "type": "Feature", "properties": { "feature_id": "bld_0062", "name": "Building 62 (Sirumugai Riverfront)", "feature_type": "building", "category": "building" }, "geometry": { "type": "Polygon", "coordinates": [ [ [ 77.141078397544788, 11.463742925532506 ], [ 77.141078397544788, 11.463995323298951 ], [ 77.140825999778343, 11.463995323298951 ], [ 77.140825999778343, 11.463742925532506 ], [ 77.141078397544788, 11.463742925532506 ] ] ] } },
{ "type": "Feature", "properties": { "feature_id": "bld_0063", "name": "Building 63 (Sirumugai Riverfront)", "feature_type": "building", "category": "building" }, "geometry": { "type": "Polygon", "coordinates": [ [ [ 77.139085408147125, 11.468210936633508 ], [ 77.139085408147125, 11.468445087714478 ], [ 77.13885125706615, 11.468445087714478 ], [ 77.13885125706615, 11.468210936633508 ], [ 77.139085408147125, 11.468210936633508 ] ] ] } },
{ "type": "Feature", "properties": { "feature_id": "bld_0064", "name": "Building 64 (Sirumugai Riverfront)", "feature_type": "building", "category": "building" }, "geometry": { "type": "Polygon", "coordinates": [ [ [ 77.120123930702761, 11.461253736414033 ], [ 77.120123930702761, 11.461539346620146 ], [ 77.119838320496655, 11.461539346620146 ], [ 77.119838320496655, 11.461253736414033 ], [ 77.120123930702761, 11.461253736414033 ] ] ] } },
{ "type": "Feature", "properties": { "feature_id": "bld_0065", "name": "Building 65 (Sirumugai Riverfront)", "feature_type": "building", "category": "building" }, "geometry": { "type": "Polygon", "coordinates": [ [ [ 77.141817527971767, 11.469392789773726 ], [ 77.141817527971767, 11.469600253944472 ], [ 77.141610063801011, 11.469600253944472 ], [ 77.141610063801011, 11.469392789773726 ], [ 77.141817527971767, 11.469392789773726 ] ] ] } },
{ "type": "Feature", "properties": { "feature_id": "bld_0066", "name": "Building 66 (Sirumugai Riverfront)", "feature_type": "building", "category": "building" }, "geometry": { "type": "Polygon", "coordinates": [ [ [ 77.123666713680407, 11.470746537464859 ], [ 77.123666713680407, 11.47103213290125 ], [ 77.123381118244012, 11.47103213290125 ], [ 77.123381118244012, 11.470746537464859 ], [ 77.123666713680407, 11.470746537464859 ] ] ] } },
{ "type": "Feature", "properties": { "feature_id": "bld_0067", "name": "Building 67 (Sirumugai Riverfront)", "feature_type": "building", "category": "building" }, "geometry": { "type": "Polygon", "coordinates": [ [ [ 77.141398794215988, 11.471573190972633 ], [ 77.141398794215988, 11.471823075403096 ], [ 77.141148909785514, 11.471823075403096 ], [ 77.141148909785514, 11.471573190972633 ], [ 77.141398794215988, 11.471573190972633 ] ] ] } },
{ "type": "Feature", "properties": { "feature_id": "bld_0068", "name": "Building 68 (Sirumugai Riverfront)", "feature_type": "building", "category": "building" }, "geometry": { "type": "Polygon", "coordinates": [ [ [ 77.114919517638029, 11.462281531918224 ], [ 77.114919517638029, 11.462567329504617 ], [ 77.114633720051629, 11.462567329504617 ], [ 77.114633720051629, 11.462281531918224 ], [ 77.114919517638029, 11.462281531918224 ] ] ] } },
{ "type": "Feature", "properties": { "feature_id": "bld_0069", "name": "Building 69 (Sirumugai Riverfront)", "feature_type": "building", "category": "building" }, "geometry": { "type": "Polygon", "coordinates": [ [ [ 77.132099261976762, 11.460050852766249 ], [ 77.132099261976762, 11.460225058782251 ], [ 77.131925055960764, 11.460225058782251 ], [ 77.131925055960764, 11.460050852766249 ], [ 77.132099261976762, 11.460050852766249 ] ] ] } },
{ "type": "Feature", "properties": { "feature_id": "bld_0070", "name": "Building 70 (Sirumugai Riverfront)", "feature_type": "building", "category": "building" }, "geometry": { "type": "Polygon", "coordinates": [ [ [ 77.133986814944151, 11.459984667194094 ], [ 77.133986814944151, 11.460167180321294 ], [ 77.133804301816966, 11.460167180321294 ], [ 77.133804301816966, 11.459984667194094 ], [ 77.133986814944151, 11.459984667194094 ] ] ] } },
{ "type": "Feature", "properties": { "feature_id": "bld_0071", "name": "Building 71 (Sirumugai Riverfront)", "feature_type": "building", "category": "building" }, "geometry": { "type": "Polygon", "coordinates": [ [ [ 77.130233852337255, 11.470252790677224 ], [ 77.130233852337255, 11.470504065253555 ], [ 77.129982577760927, 11.470504065253555 ], [ 77.129982577760927, 11.470252790677224 ], [ 77.130233852337255, 11.470252790677224 ] ] ] } },
{ "type": "Feature", "properties": { "feature_id": "bld_0072", "name": "Building 72 (Sirumugai Riverfront)", "feature_type": "building", "category": "building" }, "geometry": { "type": "Polygon", "coordinates": [ [ [ 77.119497494648314, 11.470586080884088 ], [ 77.119497494648314, 11.470779295756339 ], [ 77.119304279776074, 11.470779295756339 ], [ 77.119304279776074, 11.470586080884088 ], [ 77.119497494648314, 11.470586080884088 ] ] ] } },
{ "type": "Feature", "properties": { "feature_id": "bld_0073", "name": "Building 73 (Sirumugai Riverfront)", "feature_type": "building", "category": "building" }, "geometry": { "type": "Polygon", "coordinates": [ [ [ 77.122863664342191, 11.471071896773838 ], [ 77.122863664342191, 11.471322845379705 ], [ 77.122612715736324, 11.471322845379705 ], [ 77.122612715736324, 11.471071896773838 ], [ 77.122863664342191, 11.471071896773838 ] ] ] } },
{ "type": "Feature", "properties": { "feature_id": "bld_0074", "name": "Building 74 (Sirumugai Riverfront)", "feature_type": "building", "category": "building" }, "geometry": { "type": "Polygon", "coordinates": [ [ [ 77.140144154148544, 11.469744411782273 ], [ 77.140144154148544, 11.469983974986739 ], [ 77.13990459094407, 11.469983974986739 ], [ 77.13990459094407, 11.469744411782273 ], [ 77.140144154148544, 11.469744411782273 ] ] ] } },
{ "type": "Feature", "properties": { "feature_id": "bld_0075", "name": "Building 75 (Sirumugai Riverfront)", "feature_type": "building", "category": "building" }, "geometry": { "type": "Polygon", "coordinates": [ [ [ 77.115189831504068, 11.465417172880155 ], [ 77.115189831504068, 11.46561430121163 ], [ 77.114992703172589, 11.46561430121163 ], [ 77.114992703172589, 11.465417172880155 ], [ 77.115189831504068, 11.465417172880155 ] ] ] } },
{ "type": "Feature", "properties": { "feature_id": "bld_0076", "name": "Building 76 (Sirumugai Riverfront)", "feature_type": "building", "category": "building" }, "geometry": { "type": "Polygon", "coordinates": [ [ [ 77.120159175072232, 11.474487641480559 ], [ 77.120159175072232, 11.474702675162012 ], [ 77.119944141390775, 11.474702675162012 ], [ 77.119944141390775, 11.474487641480559 ], [ 77.120159175072232, 11.474487641480559 ] ] ] } },
{ "type": "Feature", "properties": { "feature_id": "bld_0077", "name": "Building 77 (Sirumugai Riverfront)", "feature_type": "building", "category": "building" }, "geometry": { "type": "Polygon", "coordinates": [ [ [ 77.141573173112079, 11.469331442598712 ], [ 77.141573173112079, 11.469602716181207 ], [ 77.141301899529594, 11.469602716181207 ], [ 77.141301899529594, 11.469331442598712 ], [ 77.141573173112079, 11.469331442598712 ] ] ] } },
{ "type": "Feature", "properties": { "feature_id": "bld_0078", "name": "Building 78 (Sirumugai Riverfront)", "feature_type": "building", "category": "building" }, "geometry": { "type": "Polygon", "coordinates": [ [ [ 77.128701500311038, 11.468539082030828 ], [ 77.128701500311038, 11.468768034507962 ], [ 77.128472547833908, 11.468768034507962 ], [ 77.128472547833908, 11.468539082030828 ], [ 77.128701500311038, 11.468539082030828 ] ] ] } },
{ "type": "Feature", "properties": { "feature_id": "bld_0079", "name": "Building 79 (Sirumugai Riverfront)", "feature_type": "building", "category": "building" }, "geometry": { "type": "Polygon", "coordinates": [ [ [ 77.118542672662699, 11.470737127663551 ], [ 77.118542672662699, 11.470936435794293 ], [ 77.118343364531967, 11.470936435794293 ], [ 77.118343364531967, 11.470737127663551 ], [ 77.118542672662699, 11.470737127663551 ] ] ] } },
{ "type": "Feature", "properties": { "feature_id": "bld_0080", "name": "Building 80 (Sirumugai Riverfront)", "feature_type": "building", "category": "building" }, "geometry": { "type": "Polygon", "coordinates": [ [ [ 77.112894824639795, 11.46958968669105 ], [ 77.112894824639795, 11.469774482186166 ], [ 77.112710029144665, 11.469774482186166 ], [ 77.112710029144665, 11.46958968669105 ], [ 77.112894824639795, 11.46958968669105 ] ] ] } },
{ "type": "Feature", "properties": { "feature_id": "bld_0081", "name": "Building 81 (Sirumugai Riverfront)", "feature_type": "building", "category": "building" }, "geometry": { "type": "Polygon", "coordinates": [ [ [ 77.143179173790969, 11.474164888147723 ], [ 77.143179173790969, 11.474452969162353 ], [ 77.142891092776324, 11.474452969162353 ], [ 77.142891092776324, 11.474164888147723 ], [ 77.143179173790969, 11.474164888147723 ] ] ] } },
{ "type": "Feature", "properties": { "feature_id": "bld_0082", "name": "Building 82 (Sirumugai Riverfront)", "feature_type": "building", "category": "building" }, "geometry": { "type": "Polygon", "coordinates": [ [ [ 77.124360219407805, 11.460086866948552 ], [ 77.124360219407805, 11.460376831547316 ], [ 77.124070254809055, 11.460376831547316 ], [ 77.124070254809055, 11.460086866948552 ], [ 77.124360219407805, 11.460086866948552 ] ] ] } },
{ "type": "Feature", "properties": { "feature_id": "bld_0083", "name": "Building 83 (Sirumugai Riverfront)", "feature_type": "building", "category": "building" }, "geometry": { "type": "Polygon", "coordinates": [ [ [ 77.126277530292867, 11.474352368887258 ], [ 77.126277530292867, 11.474647275684051 ], [ 77.125982623496071, 11.474647275684051 ], [ 77.125982623496071, 11.474352368887258 ], [ 77.126277530292867, 11.474352368887258 ] ] ] } },
{ "type": "Feature", "properties": { "feature_id": "bld_0084", "name": "Building 84 (Sirumugai Riverfront)", "feature_type": "building", "category": "building" }, "geometry": { "type": "Polygon", "coordinates": [ [ [ 77.140256268871426, 11.464309776540043 ], [ 77.140256268871426, 11.464523690222046 ], [ 77.140042355189408, 11.464523690222046 ], [ 77.140042355189408, 11.464309776540043 ], [ 77.140256268871426, 11.464309776540043 ] ] ] } },
{ "type": "Feature", "properties": { "feature_id": "bld_0085", "name": "Building 85 (Sirumugai Riverfront)", "feature_type": "building", "category": "building" }, "geometry": { "type": "Polygon", "coordinates": [ [ [ 77.14017937465232, 11.464661965585078 ], [ 77.14017937465232, 11.464845694569613 ], [ 77.139995645667796, 11.464845694569613 ], [ 77.139995645667796, 11.464661965585078 ], [ 77.14017937465232, 11.464661965585078 ] ] ] } },
{ "type": "Feature", "properties": { "feature_id": "bld_0086", "name": "Building 86 (Sirumugai Riverfront)", "feature_type": "building", "category": "building" }, "geometry": { "type": "Polygon", "coordinates": [ [ [ 77.13050316374688, 11.473913599526645 ], [ 77.13050316374688, 11.474171043698179 ], [ 77.130245719575356, 11.474171043698179 ], [ 77.130245719575356, 11.473913599526645 ], [ 77.13050316374688, 11.473913599526645 ] ] ] } },
{ "type": "Feature", "properties": { "feature_id": "bld_0087", "name": "Building 87 (Sirumugai Riverfront)", "feature_type": "building", "category": "building" }, "geometry": { "type": "Polygon", "coordinates": [ [ [ 77.130935069118806, 11.461334596900693 ], [ 77.130935069118806, 11.46158069791243 ], [ 77.13068896810708, 11.46158069791243 ], [ 77.13068896810708, 11.461334596900693 ], [ 77.130935069118806, 11.461334596900693 ] ] ] } },
{ "type": "Feature", "properties": { "feature_id": "bld_0088", "name": "Building 88 (Sirumugai Riverfront)", "feature_type": "building", "category": "building" }, "geometry": { "type": "Polygon", "coordinates": [ [ [ 77.144788060129102, 11.461984977152882 ], [ 77.144788060129102, 11.462217543304215 ], [ 77.144555493977762, 11.462217543304215 ], [ 77.144555493977762, 11.461984977152882 ], [ 77.144788060129102, 11.461984977152882 ] ] ] } },
{ "type": "Feature", "properties": { "feature_id": "bld_0089", "name": "Building 89 (Sirumugai Riverfront)", "feature_type": "building", "category": "building" }, "geometry": { "type": "Polygon", "coordinates": [ [ [ 77.141082102475494, 11.470982738164443 ], [ 77.141082102475494, 11.471240320368183 ], [ 77.14082452027175, 11.471240320368183 ], [ 77.14082452027175, 11.470982738164443 ], [ 77.141082102475494, 11.470982738164443 ] ] ] } },
{ "type": "Feature", "properties": { "feature_id": "bld_0090", "name": "Building 90 (Sirumugai Riverfront)", "feature_type": "building", "category": "building" }, "geometry": { "type": "Polygon", "coordinates": [ [ [ 77.135282526200669, 11.465291815839199 ], [ 77.135282526200669, 11.465492918697395 ], [ 77.13508142334247, 11.465492918697395 ], [ 77.13508142334247, 11.465291815839199 ], [ 77.135282526200669, 11.465291815839199 ] ] ] } },
{ "type": "Feature", "properties": { "feature_id": "bld_0091", "name": "Building 91 (Sirumugai Riverfront)", "feature_type": "building", "category": "building" }, "geometry": { "type": "Polygon", "coordinates": [ [ [ 77.138849613193088, 11.472011005857887 ], [ 77.138849613193088, 11.472292395982489 ], [ 77.138568223068489, 11.472292395982489 ], [ 77.138568223068489, 11.472011005857887 ], [ 77.138849613193088, 11.472011005857887 ] ] ] } },
{ "type": "Feature", "properties": { "feature_id": "bld_0092", "name": "Building 92 (Sirumugai Riverfront)", "feature_type": "building", "category": "building" }, "geometry": { "type": "Polygon", "coordinates": [ [ [ 77.142252044374985, 11.467555029842286 ], [ 77.142252044374985, 11.467785242123542 ], [ 77.142021832093732, 11.467785242123542 ], [ 77.142021832093732, 11.467555029842286 ], [ 77.142252044374985, 11.467555029842286 ] ] ] } },
{ "type": "Feature", "properties": { "feature_id": "bld_0093", "name": "Building 93 (Sirumugai Riverfront)", "feature_type": "building", "category": "building" }, "geometry": { "type": "Polygon", "coordinates": [ [ [ 77.138472878587308, 11.469620321280258 ], [ 77.138472878587308, 11.469878596643076 ], [ 77.138214603224483, 11.469878596643076 ], [ 77.138214603224483, 11.469620321280258 ], [ 77.138472878587308, 11.469620321280258 ] ] ] } },
{ "type": "Feature", "properties": { "feature_id": "bld_0094", "name": "Building 94 (Sirumugai Riverfront)", "feature_type": "building", "category": "building" }, "geometry": { "type": "Polygon", "coordinates": [ [ [ 77.138364817752361, 11.473246420466284 ], [ 77.138364817752361, 11.473453739788242 ], [ 77.138157498430402, 11.473453739788242 ], [ 77.138157498430402, 11.473246420466284 ], [ 77.138364817752361, 11.473246420466284 ] ] ] } },
{ "type": "Feature", "properties": { "feature_id": "bld_0095", "name": "Building 95 (Sirumugai Riverfront)", "feature_type": "building", "category": "building" }, "geometry": { "type": "Polygon", "coordinates": [ [ [ 77.124514717046992, 11.461289249487745 ], [ 77.124514717046992, 11.461530208707483 ], [ 77.12427375782724, 11.461530208707483 ], [ 77.12427375782724, 11.461289249487745 ], [ 77.124514717046992, 11.461289249487745 ] ] ] } },
{ "type": "Feature", "properties": { "feature_id": "bld_0096", "name": "Building 96 (Sirumugai Riverfront)", "feature_type": "building", "category": "building" }, "geometry": { "type": "Polygon", "coordinates": [ [ [ 77.113304080159722, 11.466865985147559 ], [ 77.113304080159722, 11.467101955396418 ], [ 77.113068109910856, 11.467101955396418 ], [ 77.113068109910856, 11.466865985147559 ], [ 77.113304080159722, 11.466865985147559 ] ] ] } },
{ "type": "Feature", "properties": { "feature_id": "bld_0097", "name": "Building 97 (Sirumugai Riverfront)", "feature_type": "building", "category": "building" }, "geometry": { "type": "Polygon", "coordinates": [ [ [ 77.121537996337722, 11.468780363891041 ], [ 77.121537996337722, 11.46894463392603 ], [ 77.121373726302735, 11.46894463392603 ], [ 77.121373726302735, 11.468780363891041 ], [ 77.121537996337722, 11.468780363891041 ] ] ] } },
{ "type": "Feature", "properties": { "feature_id": "bld_0098", "name": "Building 98 (Sirumugai Riverfront)", "feature_type": "building", "category": "building" }, "geometry": { "type": "Polygon", "coordinates": [ [ [ 77.11333770357362, 11.472233795064996 ], [ 77.11333770357362, 11.472444221754794 ], [ 77.11312727688383, 11.472444221754794 ], [ 77.11312727688383, 11.472233795064996 ], [ 77.11333770357362, 11.472233795064996 ] ] ] } },
{ "type": "Feature", "properties": { "feature_id": "bld_0099", "name": "Building 99 (Sirumugai Riverfront)", "feature_type": "building", "category": "building" }, "geometry": { "type": "Polygon", "coordinates": [ [ [ 77.116326896466219, 11.467699749352105 ], [ 77.116326896466219, 11.467967548449538 ], [ 77.11605909736879, 11.467967548449538 ], [ 77.11605909736879, 11.467699749352105 ], [ 77.116326896466219, 11.467699749352105 ] ] ] } },
{ "type": "Feature", "properties": { "feature_id": "bld_0100", "name": "Building 100 (Sirumugai Riverfront)", "feature_type": "building", "category": "building" }, "geometry": { "type": "Polygon", "coordinates": [ [ [ 77.119208068229938, 11.469257382814735 ], [ 77.119208068229938, 11.469429331459835 ], [ 77.119036119584848, 11.469429331459835 ], [ 77.119036119584848, 11.469257382814735 ], [ 77.119208068229938, 11.469257382814735 ] ] ] } },
{ "type": "Feature", "properties": { "feature_id": "bld_0101", "name": "Building 101 (Sirumugai Riverfront)", "feature_type": "building", "category": "building" }, "geometry": { "type": "Polygon", "coordinates": [ [ [ 77.113823341257074, 11.467852475015009 ], [ 77.113823341257074, 11.468088163932036 ], [ 77.113587652340044, 11.468088163932036 ], [ 77.113587652340044, 11.467852475015009 ], [ 77.113823341257074, 11.467852475015009 ] ] ] } },
{ "type": "Feature", "properties": { "feature_id": "bld_0102", "name": "Building 102 (Sirumugai Riverfront)", "feature_type": "building", "category": "building" }, "geometry": { "type": "Polygon", "coordinates": [ [ [ 77.133183496395006, 11.470743060360277 ], [ 77.133183496395006, 11.471039679651401 ], [ 77.132886877103871, 11.471039679651401 ], [ 77.132886877103871, 11.470743060360277 ], [ 77.133183496395006, 11.470743060360277 ] ] ] } },
{ "type": "Feature", "properties": { "feature_id": "bld_0103", "name": "Building 103 (Sirumugai Riverfront)", "feature_type": "building", "category": "building" }, "geometry": { "type": "Polygon", "coordinates": [ [ [ 77.12917357452757, 11.464708684060486 ], [ 77.12917357452757, 11.464980010127753 ], [ 77.128902248460307, 11.464980010127753 ], [ 77.128902248460307, 11.464708684060486 ], [ 77.12917357452757, 11.464708684060486 ] ] ] } },
{ "type": "Feature", "properties": { "feature_id": "bld_0104", "name": "Building 104 (Sirumugai Riverfront)", "feature_type": "building", "category": "building" }, "geometry": { "type": "Polygon", "coordinates": [ [ [ 77.121022956238335, 11.466499079363892 ], [ 77.121022956238335, 11.466670063257279 ], [ 77.120851972344951, 11.466670063257279 ], [ 77.120851972344951, 11.466499079363892 ], [ 77.121022956238335, 11.466499079363892 ] ] ] } },
{ "type": "Feature", "properties": { "feature_id": "bld_0105", "name": "Building 105 (Sirumugai Riverfront)", "feature_type": "building", "category": "building" }, "geometry": { "type": "Polygon", "coordinates": [ [ [ 77.112975093141145, 11.474301207611733 ], [ 77.112975093141145, 11.474578244828605 ], [ 77.11269805592427, 11.474578244828605 ], [ 77.11269805592427, 11.474301207611733 ], [ 77.112975093141145, 11.474301207611733 ] ] ] } },
{ "type": "Feature", "properties": { "feature_id": "bld_0106", "name": "Building 106 (Sirumugai Riverfront)", "feature_type": "building", "category": "building" }, "geometry": { "type": "Polygon", "coordinates": [ [ [ 77.135059279403492, 11.466042163563809 ], [ 77.135059279403492, 11.466226424768621 ], [ 77.13487501819867, 11.466226424768621 ], [ 77.13487501819867, 11.466042163563809 ], [ 77.135059279403492, 11.466042163563809 ] ] ] } },
{ "type": "Feature", "properties": { "feature_id": "bld_0107", "name": "Building 107 (Sirumugai Riverfront)", "feature_type": "building", "category": "building" }, "geometry": { "type": "Polygon", "coordinates": [ [ [ 77.117280868274676, 11.463635197605939 ], [ 77.117280868274676, 11.463872089338999 ], [ 77.117043976541609, 11.463872089338999 ], [ 77.117043976541609, 11.463635197605939 ], [ 77.117280868274676, 11.463635197605939 ] ] ] } },
{ "type": "Feature", "properties": { "feature_id": "bld_0108", "name": "Building 108 (Sirumugai Riverfront)", "feature_type": "building", "category": "building" }, "geometry": { "type": "Polygon", "coordinates": [ [ [ 77.135681260821883, 11.469803365277979 ], [ 77.135681260821883, 11.470002556023552 ], [ 77.135482070076307, 11.470002556023552 ], [ 77.135482070076307, 11.469803365277979 ], [ 77.135681260821883, 11.469803365277979 ] ] ] } },
{ "type": "Feature", "properties": { "feature_id": "bld_0109", "name": "Building 109 (Sirumugai Riverfront)", "feature_type": "building", "category": "building" }, "geometry": { "type": "Polygon", "coordinates": [ [ [ 77.143629359045562, 11.47094964896676 ], [ 77.143629359045562, 11.471187258534114 ], [ 77.143391749478198, 11.471187258534114 ], [ 77.143391749478198, 11.47094964896676 ], [ 77.143629359045562, 11.47094964896676 ] ] ] } },
{ "type": "Feature", "properties": { "feature_id": "bld_0110", "name": "Building 110 (Sirumugai Riverfront)", "feature_type": "building", "category": "building" }, "geometry": { "type": "Polygon", "coordinates": [ [ [ 77.132284125794996, 11.466196659767151 ], [ 77.132284125794996, 11.466391342105682 ], [ 77.132089443456465, 11.466391342105682 ], [ 77.132089443456465, 11.466196659767151 ], [ 77.132284125794996, 11.466196659767151 ] ] ] } },
{ "type": "Feature", "properties": { "feature_id": "bld_0111", "name": "Building 111 (Sirumugai Riverfront)", "feature_type": "building", "category": "building" }, "geometry": { "type": "Polygon", "coordinates": [ [ [ 77.123828105939694, 11.471286684112762 ], [ 77.123828105939694, 11.471448699201169 ], [ 77.123666090851273, 11.471448699201169 ], [ 77.123666090851273, 11.471286684112762 ], [ 77.123828105939694, 11.471286684112762 ] ] ] } },
{ "type": "Feature", "properties": { "feature_id": "bld_0112", "name": "Building 112 (Sirumugai Riverfront)", "feature_type": "building", "category": "building" }, "geometry": { "type": "Polygon", "coordinates": [ [ [ 77.115913248152879, 11.460607188614166 ], [ 77.115913248152879, 11.460772890646489 ], [ 77.115747546120559, 11.460772890646489 ], [ 77.115747546120559, 11.460607188614166 ], [ 77.115913248152879, 11.460607188614166 ] ] ] } },
{ "type": "Feature", "properties": { "feature_id": "bld_0113", "name": "Building 113 (Sirumugai Riverfront)", "feature_type": "building", "category": "building" }, "geometry": { "type": "Polygon", "coordinates": [ [ [ 77.140343391440382, 11.470441675722663 ], [ 77.140343391440382, 11.470668060058737 ], [ 77.140117007104323, 11.470668060058737 ], [ 77.140117007104323, 11.470441675722663 ], [ 77.140343391440382, 11.470441675722663 ] ] ] } },
{ "type": "Feature", "properties": { "feature_id": "bld_0114", "name": "Building 114 (Sirumugai Riverfront)", "feature_type": "building", "category": "building" }, "geometry": { "type": "Polygon", "coordinates": [ [ [ 77.115341670325435, 11.467261095102799 ], [ 77.115341670325435, 11.467487381150708 ], [ 77.11511538427753, 11.467487381150708 ], [ 77.11511538427753, 11.467261095102799 ], [ 77.115341670325435, 11.467261095102799 ] ] ] } },
{ "type": "Feature", "properties": { "feature_id": "bld_0115", "name": "Building 115 (Sirumugai Riverfront)", "feature_type": "building", "category": "building" }, "geometry": { "type": "Polygon", "coordinates": [ [ [ 77.117823557038435, 11.466399879407163 ], [ 77.117823557038435, 11.466615670069977 ], [ 77.117607766375613, 11.466615670069977 ], [ 77.117607766375613, 11.466399879407163 ], [ 77.117823557038435, 11.466399879407163 ] ] ] } },
{ "type": "Feature", "properties": { "feature_id": "bld_0116", "name": "Building 116 (Sirumugai Riverfront)", "feature_type": "building", "category": "building" }, "geometry": { "type": "Polygon", "coordinates": [ [ [ 77.132406224516401, 11.46944323348233 ], [ 77.132406224516401, 11.469609576043698 ], [ 77.132239881955044, 11.469609576043698 ], [ 77.132239881955044, 11.46944323348233 ], [ 77.132406224516401, 11.46944323348233 ] ] ] } },
{ "type": "Feature", "properties": { "feature_id": "bld_0117", "name": "Building 117 (Sirumugai Riverfront)", "feature_type": "building", "category": "building" }, "geometry": { "type": "Polygon", "coordinates": [ [ [ 77.124477435820765, 11.469272679197614 ], [ 77.124477435820765, 11.469503118273815 ], [ 77.12424699674456, 11.469503118273815 ], [ 77.12424699674456, 11.469272679197614 ], [ 77.124477435820765, 11.469272679197614 ] ] ] } },
{ "type": "Feature", "properties": { "feature_id": "bld_0118", "name": "Building 118 (Sirumugai Riverfront)", "feature_type": "building", "category": "building" }, "geometry": { "type": "Polygon", "coordinates": [ [ [ 77.140355570169106, 11.46978899906439 ], [ 77.140355570169106, 11.46997180988418 ], [ 77.140172759349326, 11.46997180988418 ], [ 77.140172759349326, 11.46978899906439 ], [ 77.140355570169106, 11.46978899906439 ] ] ] } },
{ "type": "Feature", "properties": { "feature_id": "bld_0119", "name": "Building 119 (Sirumugai Riverfront)", "feature_type": "building", "category": "building" }, "geometry": { "type": "Polygon", "coordinates": [ [ [ 77.114410624455942, 11.469554433381358 ], [ 77.114410624455942, 11.469718144964833 ], [ 77.114246912872474, 11.469718144964833 ], [ 77.114246912872474, 11.469554433381358 ], [ 77.114410624455942, 11.469554433381358 ] ] ] } },
{ "type": "Feature", "properties": { "feature_id": "bld_0120", "name": "Building 120 (Sirumugai Riverfront)", "feature_type": "building", "category": "building" }, "geometry": { "type": "Polygon", "coordinates": [ [ [ 77.131450877374462, 11.473983170428923 ], [ 77.131450877374462, 11.474223736813826 ], [ 77.131210310989573, 11.474223736813826 ], [ 77.131210310989573, 11.473983170428923 ], [ 77.131450877374462, 11.473983170428923 ] ] ] } },
{ "type": "Feature", "properties": { "feature_id": "bld_0121", "name": "Building 121 (Sirumugai Riverfront)", "feature_type": "building", "category": "building" }, "geometry": { "type": "Polygon", "coordinates": [ [ [ 77.124921685267154, 11.469537245574301 ], [ 77.124921685267154, 11.469761400978971 ], [ 77.124697529862473, 11.469761400978971 ], [ 77.124697529862473, 11.469537245574301 ], [ 77.124921685267154, 11.469537245574301 ] ] ] } },
{ "type": "Feature", "properties": { "feature_id": "bld_0122", "name": "Building 122 (Sirumugai Riverfront)", "feature_type": "building", "category": "building" }, "geometry": { "type": "Polygon", "coordinates": [ [ [ 77.130112381232067, 11.474014944947003 ], [ 77.130112381232067, 11.474228999316294 ], [ 77.129898326862786, 11.474228999316294 ], [ 77.129898326862786, 11.474014944947003 ], [ 77.130112381232067, 11.474014944947003 ] ] ] } },
{ "type": "Feature", "properties": { "feature_id": "bld_0123", "name": "Building 123 (Sirumugai Riverfront)", "feature_type": "building", "category": "building" }, "geometry": { "type": "Polygon", "coordinates": [ [ [ 77.143812993985634, 11.473486554249906 ], [ 77.143812993985634, 11.473673965008775 ], [ 77.143625583226751, 11.473673965008775 ], [ 77.143625583226751, 11.473486554249906 ], [ 77.143812993985634, 11.473486554249906 ] ] ] } },
{ "type": "Feature", "properties": { "feature_id": "bld_0124", "name": "Building 124 (Sirumugai Riverfront)", "feature_type": "building", "category": "building" }, "geometry": { "type": "Polygon", "coordinates": [ [ [ 77.114370198456669, 11.461430394492867 ], [ 77.114370198456669, 11.461592945548459 ], [ 77.114207647401088, 11.461592945548459 ], [ 77.114207647401088, 11.461430394492867 ], [ 77.114370198456669, 11.461430394492867 ] ] ] } },
{ "type": "Feature", "properties": { "feature_id": "bld_0125", "name": "Building 125 (Sirumugai Riverfront)", "feature_type": "building", "category": "building" }, "geometry": { "type": "Polygon", "coordinates": [ [ [ 77.115201600910339, 11.470160118395853 ], [ 77.115201600910339, 11.470330084806637 ], [ 77.115031634499545, 11.470330084806637 ], [ 77.115031634499545, 11.470160118395853 ], [ 77.115201600910339, 11.470160118395853 ] ] ] } },
{ "type": "Feature", "properties": { "feature_id": "bld_0126", "name": "Building 126 (Sirumugai Riverfront)", "feature_type": "building", "category": "building" }, "geometry": { "type": "Polygon", "coordinates": [ [ [ 77.1226078248352, 11.47259150062904 ], [ 77.1226078248352, 11.472754758700042 ], [ 77.122444566764187, 11.472754758700042 ], [ 77.122444566764187, 11.47259150062904 ], [ 77.1226078248352, 11.47259150062904 ] ] ] } },
{ "type": "Feature", "properties": { "feature_id": "bld_0127", "name": "Building 127 (Sirumugai Riverfront)", "feature_type": "building", "category": "building" }, "geometry": { "type": "Polygon", "coordinates": [ [ [ 77.138965731463358, 11.464139550083669 ], [ 77.138965731463358, 11.464316093159535 ], [ 77.138789188387491, 11.464316093159535 ], [ 77.138789188387491, 11.464139550083669 ], [ 77.138965731463358, 11.464139550083669 ] ] ] } },
{ "type": "Feature", "properties": { "feature_id": "bld_0128", "name": "Building 128 (Sirumugai Riverfront)", "feature_type": "building", "category": "building" }, "geometry": { "type": "Polygon", "coordinates": [ [ [ 77.135133749497953, 11.469292719660752 ], [ 77.135133749497953, 11.469575565742646 ], [ 77.134850903416066, 11.469575565742646 ], [ 77.134850903416066, 11.469292719660752 ], [ 77.135133749497953, 11.469292719660752 ] ] ] } },
{ "type": "Feature", "properties": { "feature_id": "bld_0129", "name": "Building 129 (Sirumugai Riverfront)", "feature_type": "building", "category": "building" }, "geometry": { "type": "Polygon", "coordinates": [ [ [ 77.136357086865601, 11.471952471535692 ], [ 77.136357086865601, 11.472151956375852 ], [ 77.136157602025449, 11.472151956375852 ], [ 77.136157602025449, 11.471952471535692 ], [ 77.136357086865601, 11.471952471535692 ] ] ] } },
{ "type": "Feature", "properties": { "feature_id": "bld_0130", "name": "Building 130 (Sirumugai Riverfront)", "feature_type": "building", "category": "building" }, "geometry": { "type": "Polygon", "coordinates": [ [ [ 77.11799198337647, 11.471122742842864 ], [ 77.11799198337647, 11.471395699706362 ], [ 77.117719026512987, 11.471395699706362 ], [ 77.117719026512987, 11.471122742842864 ], [ 77.11799198337647, 11.471122742842864 ] ] ] } },
{ "type": "Feature", "properties": { "feature_id": "bld_0131", "name": "Building 131 (Sirumugai Riverfront)", "feature_type": "building", "category": "building" }, "geometry": { "type": "Polygon", "coordinates": [ [ [ 77.144792710952032, 11.466083223887665 ], [ 77.144792710952032, 11.466295306419678 ], [ 77.144580628420016, 11.466295306419678 ], [ 77.144580628420016, 11.466083223887665 ], [ 77.144792710952032, 11.466083223887665 ] ] ] } },
{ "type": "Feature", "properties": { "feature_id": "bld_0132", "name": "Building 132 (Sirumugai Riverfront)", "feature_type": "building", "category": "building" }, "geometry": { "type": "Polygon", "coordinates": [ [ [ 77.137766780717271, 11.464966900091005 ], [ 77.137766780717271, 11.465257206116588 ], [ 77.137476474691681, 11.465257206116588 ], [ 77.137476474691681, 11.464966900091005 ], [ 77.137766780717271, 11.464966900091005 ] ] ] } },
{ "type": "Feature", "properties": { "feature_id": "bld_0133", "name": "Building 133 (Sirumugai Riverfront)", "feature_type": "building", "category": "building" }, "geometry": { "type": "Polygon", "coordinates": [ [ [ 77.140460181785556, 11.466302349435882 ], [ 77.140460181785556, 11.466567471385371 ], [ 77.14019505983606, 11.466567471385371 ], [ 77.14019505983606, 11.466302349435882 ], [ 77.140460181785556, 11.466302349435882 ] ] ] } },
{ "type": "Feature", "properties": { "feature_id": "bld_0134", "name": "Building 134 (Sirumugai Riverfront)", "feature_type": "building", "category": "building" }, "geometry": { "type": "Polygon", "coordinates": [ [ [ 77.137043093548257, 11.461403679329072 ], [ 77.137043093548257, 11.461690036736007 ], [ 77.136756736141322, 11.461690036736007 ], [ 77.136756736141322, 11.461403679329072 ], [ 77.137043093548257, 11.461403679329072 ] ] ] } },
{ "type": "Feature", "properties": { "feature_id": "bld_0135", "name": "Building 135 (Sirumugai Riverfront)", "feature_type": "building", "category": "building" }, "geometry": { "type": "Polygon", "coordinates": [ [ [ 77.128775731762843, 11.472294458519544 ], [ 77.128775731762843, 11.472499265463687 ], [ 77.128570924818703, 11.472499265463687 ], [ 77.128570924818703, 11.472294458519544 ], [ 77.128775731762843, 11.472294458519544 ] ] ] } },
{ "type": "Feature", "properties": { "feature_id": "bld_0136", "name": "Building 136 (Sirumugai Riverfront)", "feature_type": "building", "category": "building" }, "geometry": { "type": "Polygon", "coordinates": [ [ [ 77.141633025175977, 11.46575726654541 ], [ 77.141633025175977, 11.465918783816615 ], [ 77.141471507904768, 11.465918783816615 ], [ 77.141471507904768, 11.46575726654541 ], [ 77.141633025175977, 11.46575726654541 ] ] ] } },
{ "type": "Feature", "properties": { "feature_id": "bld_0137", "name": "Building 137 (Sirumugai Riverfront)", "feature_type": "building", "category": "building" }, "geometry": { "type": "Polygon", "coordinates": [ [ [ 77.141979957176474, 11.461266948197162 ], [ 77.141979957176474, 11.461471652106423 ], [ 77.141775253267198, 11.461471652106423 ], [ 77.141775253267198, 11.461266948197162 ], [ 77.141979957176474, 11.461266948197162 ] ] ] } },
{ "type": "Feature", "properties": { "feature_id": "bld_0138", "name": "Building 138 (Sirumugai Riverfront)", "feature_type": "building", "category": "building" }, "geometry": { "type": "Polygon", "coordinates": [ [ [ 77.143472185564846, 11.474138966551894 ], [ 77.143472185564846, 11.474379247856231 ], [ 77.143231904260503, 11.474379247856231 ], [ 77.143231904260503, 11.474138966551894 ], [ 77.143472185564846, 11.474138966551894 ] ] ] } },
{ "type": "Feature", "properties": { "feature_id": "bld_0139", "name": "Building 139 (Sirumugai Riverfront)", "feature_type": "building", "category": "building" }, "geometry": { "type": "Polygon", "coordinates": [ [ [ 77.132951152755624, 11.466626158075655 ], [ 77.132951152755624, 11.466827207583695 ], [ 77.132750103247588, 11.466827207583695 ], [ 77.132750103247588, 11.466626158075655 ], [ 77.132951152755624, 11.466626158075655 ] ] ] } },
{ "type": "Feature", "properties": { "feature_id": "bld_0140", "name": "Building 140 (Sirumugai Riverfront)", "feature_type": "building", "category": "building" }, "geometry": { "type": "Polygon", "coordinates": [ [ [ 77.122978596214253, 11.469955110624095 ], [ 77.122978596214253, 11.470220443058217 ], [ 77.122713263780142, 11.470220443058217 ], [ 77.122713263780142, 11.469955110624095 ], [ 77.122978596214253, 11.469955110624095 ] ] ] } },
{ "type": "Feature", "properties": { "feature_id": "bld_0141", "name": "Building 141 (Sirumugai Riverfront)", "feature_type": "building", "category": "building" }, "geometry": { "type": "Polygon", "coordinates": [ [ [ 77.138208492870163, 11.471757887714706 ], [ 77.138208492870163, 11.471930656569132 ], [ 77.138035724015722, 11.471930656569132 ], [ 77.138035724015722, 11.471757887714706 ], [ 77.138208492870163, 11.471757887714706 ] ] ] } },
{ "type": "Feature", "properties": { "feature_id": "bld_0142", "name": "Building 142 (Sirumugai Riverfront)", "feature_type": "building", "category": "building" }, "geometry": { "type": "Polygon", "coordinates": [ [ [ 77.128434337076939, 11.460744914378488 ], [ 77.128434337076939, 11.460981848422012 ], [ 77.128197403033411, 11.460981848422012 ], [ 77.128197403033411, 11.460744914378488 ], [ 77.128434337076939, 11.460744914378488 ] ] ] } },
{ "type": "Feature", "properties": { "feature_id": "bld_0143", "name": "Building 143 (Sirumugai Riverfront)", "feature_type": "building", "category": "building" }, "geometry": { "type": "Polygon", "coordinates": [ [ [ 77.126675070596193, 11.473210998690496 ], [ 77.126675070596193, 11.473420126792254 ], [ 77.126465942494448, 11.473420126792254 ], [ 77.126465942494448, 11.473210998690496 ], [ 77.126675070596193, 11.473210998690496 ] ] ] } },
{ "type": "Feature", "properties": { "feature_id": "bld_0144", "name": "Building 144 (Sirumugai Riverfront)", "feature_type": "building", "category": "building" }, "geometry": { "type": "Polygon", "coordinates": [ [ [ 77.11599651728632, 11.462011569486572 ], [ 77.11599651728632, 11.462278180975014 ], [ 77.115729905797892, 11.462278180975014 ], [ 77.115729905797892, 11.462011569486572 ], [ 77.11599651728632, 11.462011569486572 ] ] ] } },
{ "type": "Feature", "properties": { "feature_id": "bld_0145", "name": "Building 145 (Sirumugai Riverfront)", "feature_type": "building", "category": "building" }, "geometry": { "type": "Polygon", "coordinates": [ [ [ 77.132487083565863, 11.461430952665413 ], [ 77.132487083565863, 11.461602727618271 ], [ 77.132315308613002, 11.461602727618271 ], [ 77.132315308613002, 11.461430952665413 ], [ 77.132487083565863, 11.461430952665413 ] ] ] } },
{ "type": "Feature", "properties": { "feature_id": "bld_0146", "name": "Building 146 (Sirumugai Riverfront)", "feature_type": "building", "category": "building" }, "geometry": { "type": "Polygon", "coordinates": [ [ [ 77.135269511542305, 11.460953914891315 ], [ 77.135269511542305, 11.461228975299614 ], [ 77.134994451133991, 11.461228975299614 ], [ 77.134994451133991, 11.460953914891315 ], [ 77.135269511542305, 11.460953914891315 ] ] ] } },
{ "type": "Feature", "properties": { "feature_id": "bld_0147", "name": "Building 147 (Sirumugai Riverfront)", "feature_type": "building", "category": "building" }, "geometry": { "type": "Polygon", "coordinates": [ [ [ 77.135391932136145, 11.461134293069644 ], [ 77.135391932136145, 11.461306170349616 ], [ 77.135220054856177, 11.461306170349616 ], [ 77.135220054856177, 11.461134293069644 ], [ 77.135391932136145, 11.461134293069644 ] ] ] } },
{ "type": "Feature", "properties": { "feature_id": "bld_0148", "name": "Building 148 (Sirumugai Riverfront)", "feature_type": "building", "category": "building" }, "geometry": { "type": "Polygon", "coordinates": [ [ [ 77.144665051040832, 11.465508116986047 ], [ 77.144665051040832, 11.465720006886638 ], [ 77.144453161140248, 11.465720006886638 ], [ 77.144453161140248, 11.465508116986047 ], [ 77.144665051040832, 11.465508116986047 ] ] ] } },
{ "type": "Feature", "properties": { "feature_id": "bld_0149", "name": "Building 149 (Sirumugai Riverfront)", "feature_type": "building", "category": "building" }, "geometry": { "type": "Polygon", "coordinates": [ [ [ 77.138971405793967, 11.474059708586291 ], [ 77.138971405793967, 11.474357748735224 ], [ 77.138673365645019, 11.474357748735224 ], [ 77.138673365645019, 11.474059708586291 ], [ 77.138971405793967, 11.474059708586291 ] ] ] } },
{ "type": "Feature", "properties": { "feature_id": "bld_0150", "name": "Building 150 (Sirumugai Riverfront)", "feature_type": "building", "category": "building" }, "geometry": { "type": "Polygon", "coordinates": [ [ [ 77.136947325163703, 11.465558048732795 ], [ 77.136947325163703, 11.465729738833133 ], [ 77.136775635063373, 11.465729738833133 ], [ 77.136775635063373, 11.465558048732795 ], [ 77.136947325163703, 11.465558048732795 ] ] ] } },
{ "type": "Feature", "properties": { "feature_id": "bld_0151", "name": "Building 151 (Sirumugai Riverfront)", "feature_type": "building", "category": "building" }, "geometry": { "type": "Polygon", "coordinates": [ [ [ 77.137755543766247, 11.46826636820539 ], [ 77.137755543766247, 11.468485759286684 ], [ 77.137536152684959, 11.468485759286684 ], [ 77.137536152684959, 11.46826636820539 ], [ 77.137755543766247, 11.46826636820539 ] ] ] } },
{ "type": "Feature", "properties": { "feature_id": "bld_0152", "name": "Building 152 (Sirumugai Riverfront)", "feature_type": "building", "category": "building" }, "geometry": { "type": "Polygon", "coordinates": [ [ [ 77.142024178465419, 11.461553478477292 ], [ 77.142024178465419, 11.461782445991894 ], [ 77.141795210950818, 11.461782445991894 ], [ 77.141795210950818, 11.461553478477292 ], [ 77.142024178465419, 11.461553478477292 ] ] ] } },
{ "type": "Feature", "properties": { "feature_id": "bld_0153", "name": "Building 153 (Sirumugai Riverfront)", "feature_type": "building", "category": "building" }, "geometry": { "type": "Polygon", "coordinates": [ [ [ 77.112458611506611, 11.466945968400616 ], [ 77.112458611506611, 11.46711385085921 ], [ 77.112290729048027, 11.46711385085921 ], [ 77.112290729048027, 11.466945968400616 ], [ 77.112458611506611, 11.466945968400616 ] ] ] } },
{ "type": "Feature", "properties": { "feature_id": "bld_0154", "name": "Building 154 (Sirumugai Riverfront)", "feature_type": "building", "category": "building" }, "geometry": { "type": "Polygon", "coordinates": [ [ [ 77.116046435957998, 11.461637448980509 ], [ 77.116046435957998, 11.461888338422805 ], [ 77.115795546515699, 11.461888338422805 ], [ 77.115795546515699, 11.461637448980509 ], [ 77.116046435957998, 11.461637448980509 ] ] ] } },
{ "type": "Feature", "properties": { "feature_id": "bld_0155", "name": "Building 155 (Sirumugai Riverfront)", "feature_type": "building", "category": "building" }, "geometry": { "type": "Polygon", "coordinates": [ [ [ 77.136766833094143, 11.468603179398064 ], [ 77.136766833094143, 11.468897883554851 ], [ 77.13647212893737, 11.468897883554851 ], [ 77.13647212893737, 11.468603179398064 ], [ 77.136766833094143, 11.468603179398064 ] ] ] } },
{ "type": "Feature", "properties": { "feature_id": "bld_0156", "name": "Building 156 (Sirumugai Riverfront)", "feature_type": "building", "category": "building" }, "geometry": { "type": "Polygon", "coordinates": [ [ [ 77.124511531063249, 11.464144879355255 ], [ 77.124511531063249, 11.464426483233202 ], [ 77.124229927185311, 11.464426483233202 ], [ 77.124229927185311, 11.464144879355255 ], [ 77.124511531063249, 11.464144879355255 ] ] ] } },
{ "type": "Feature", "properties": { "feature_id": "bld_0157", "name": "Building 157 (Sirumugai Riverfront)", "feature_type": "building", "category": "building" }, "geometry": { "type": "Polygon", "coordinates": [ [ [ 77.119459513484372, 11.47436748727838 ], [ 77.119459513484372, 11.474529188904837 ], [ 77.119297811857905, 11.474529188904837 ], [ 77.119297811857905, 11.47436748727838 ], [ 77.119459513484372, 11.47436748727838 ] ] ] } },
{ "type": "Feature", "properties": { "feature_id": "bld_0158", "name": "Building 158 (Sirumugai Riverfront)", "feature_type": "building", "category": "building" }, "geometry": { "type": "Polygon", "coordinates": [ [ [ 77.144148381299317, 11.460505018661301 ], [ 77.144148381299317, 11.460789778697219 ], [ 77.143863621263392, 11.460789778697219 ], [ 77.143863621263392, 11.460505018661301 ], [ 77.144148381299317, 11.460505018661301 ] ] ] } },
{ "type": "Feature", "properties": { "feature_id": "bld_0159", "name": "Building 159 (Sirumugai Riverfront)", "feature_type": "building", "category": "building" }, "geometry": { "type": "Polygon", "coordinates": [ [ [ 77.129499302359378, 11.474809306182259 ], [ 77.129499302359378, 11.47497963770132 ], [ 77.129328970840319, 11.47497963770132 ], [ 77.129328970840319, 11.474809306182259 ], [ 77.129499302359378, 11.474809306182259 ] ] ] } },
{ "type": "Feature", "properties": { "feature_id": "bld_0160", "name": "Building 160 (Sirumugai Riverfront)", "feature_type": "building", "category": "building" }, "geometry": { "type": "Polygon", "coordinates": [ [ [ 77.130393808234331, 11.474422921185194 ], [ 77.130393808234331, 11.474656154883377 ], [ 77.130160574536134, 11.474656154883377 ], [ 77.130160574536134, 11.474422921185194 ], [ 77.130393808234331, 11.474422921185194 ] ] ] } },
{ "type": "Feature", "properties": { "feature_id": "bld_0161", "name": "Building 161 (Sirumugai Riverfront)", "feature_type": "building", "category": "building" }, "geometry": { "type": "Polygon", "coordinates": [ [ [ 77.132881972932992, 11.470324412460236 ], [ 77.132881972932992, 11.470548048209302 ], [ 77.132658337183912, 11.470548048209302 ], [ 77.132658337183912, 11.470324412460236 ], [ 77.132881972932992, 11.470324412460236 ] ] ] } },
{ "type": "Feature", "properties": { "feature_id": "bld_0162", "name": "Building 162 (Sirumugai Riverfront)", "feature_type": "building", "category": "building" }, "geometry": { "type": "Polygon", "coordinates": [ [ [ 77.132852497703496, 11.468621633618111 ], [ 77.132852497703496, 11.468907795739581 ], [ 77.132566335582041, 11.468907795739581 ], [ 77.132566335582041, 11.468621633618111 ], [ 77.132852497703496, 11.468621633618111 ] ] ] } },
{ "type": "Feature", "properties": { "feature_id": "bld_0163", "name": "Building 163 (Sirumugai Riverfront)", "feature_type": "building", "category": "building" }, "geometry": { "type": "Polygon", "coordinates": [ [ [ 77.11364625935515, 11.46406791904 ], [ 77.11364625935515, 11.46436097664777 ], [ 77.113353201747387, 11.46436097664777 ], [ 77.113353201747387, 11.46406791904 ], [ 77.11364625935515, 11.46406791904 ] ] ] } },
{ "type": "Feature", "properties": { "feature_id": "bld_0164", "name": "Building 164 (Sirumugai Riverfront)", "feature_type": "building", "category": "building" }, "geometry": { "type": "Polygon", "coordinates": [ [ [ 77.141502114150242, 11.46671144200994 ], [ 77.141502114150242, 11.466958260573632 ], [ 77.141255295586561, 11.466958260573632 ], [ 77.141255295586561, 11.46671144200994 ], [ 77.141502114150242, 11.46671144200994 ] ] ] } },
{ "type": "Feature", "properties": { "feature_id": "bld_0165", "name": "Building 165 (Sirumugai Riverfront)", "feature_type": "building", "category": "building" }, "geometry": { "type": "Polygon", "coordinates": [ [ [ 77.121266037926731, 11.462709358507512 ], [ 77.121266037926731, 11.462934276284203 ], [ 77.121041120150025, 11.462934276284203 ], [ 77.121041120150025, 11.462709358507512 ], [ 77.121266037926731, 11.462709358507512 ] ] ] } },
{ "type": "Feature", "properties": { "feature_id": "bld_0166", "name": "Building 166 (Sirumugai Riverfront)", "feature_type": "building", "category": "building" }, "geometry": { "type": "Polygon", "coordinates": [ [ [ 77.123746064949444, 11.468669400253175 ], [ 77.123746064949444, 11.468840283102351 ], [ 77.123575182100268, 11.468840283102351 ], [ 77.123575182100268, 11.468669400253175 ], [ 77.123746064949444, 11.468669400253175 ] ] ] } },
{ "type": "Feature", "properties": { "feature_id": "bld_0167", "name": "Building 167 (Sirumugai Riverfront)", "feature_type": "building", "category": "building" }, "geometry": { "type": "Polygon", "coordinates": [ [ [ 77.144283899972962, 11.474664289847212 ], [ 77.144283899972962, 11.474922032487175 ], [ 77.144026157332988, 11.474922032487175 ], [ 77.144026157332988, 11.474664289847212 ], [ 77.144283899972962, 11.474664289847212 ] ] ] } },
{ "type": "Feature", "properties": { "feature_id": "bld_0168", "name": "Building 168 (Sirumugai Riverfront)", "feature_type": "building", "category": "building" }, "geometry": { "type": "Polygon", "coordinates": [ [ [ 77.129828145740731, 11.464505948592917 ], [ 77.129828145740731, 11.464779879895675 ], [ 77.129554214437974, 11.464779879895675 ], [ 77.129554214437974, 11.464505948592917 ], [ 77.129828145740731, 11.464505948592917 ] ] ] } },
{ "type": "Feature", "properties": { "feature_id": "bld_0169", "name": "Building 169 (Sirumugai Riverfront)", "feature_type": "building", "category": "building" }, "geometry": { "type": "Polygon", "coordinates": [ [ [ 77.134739893597185, 11.462295489187261 ], [ 77.134739893597185, 11.462583018993088 ], [ 77.134452363791354, 11.462583018993088 ], [ 77.134452363791354, 11.462295489187261 ], [ 77.134739893597185, 11.462295489187261 ] ] ] } },
{ "type": "Feature", "properties": { "feature_id": "bld_0170", "name": "Building 170 (Sirumugai Riverfront)", "feature_type": "building", "category": "building" }, "geometry": { "type": "Polygon", "coordinates": [ [ [ 77.13927452938205, 11.474116198333791 ], [ 77.13927452938205, 11.474377799064966 ], [ 77.139012928650885, 11.474377799064966 ], [ 77.139012928650885, 11.474116198333791 ], [ 77.13927452938205, 11.474116198333791 ] ] ] } },
{ "type": "Feature", "properties": { "feature_id": "bld_0171", "name": "Building 171 (Sirumugai Riverfront)", "feature_type": "building", "category": "building" }, "geometry": { "type": "Polygon", "coordinates": [ [ [ 77.132387992459698, 11.466128354550525 ], [ 77.132387992459698, 11.466418936538195 ], [ 77.132097410472042, 11.466418936538195 ], [ 77.132097410472042, 11.466128354550525 ], [ 77.132387992459698, 11.466128354550525 ] ] ] } },
{ "type": "Feature", "properties": { "feature_id": "bld_0172", "name": "Building 172 (Sirumugai Riverfront)", "feature_type": "building", "category": "building" }, "geometry": { "type": "Polygon", "coordinates": [ [ [ 77.140661954041718, 11.46059643436338 ], [ 77.140661954041718, 11.460760125739808 ], [ 77.14049826266529, 11.460760125739808 ], [ 77.14049826266529, 11.46059643436338 ], [ 77.140661954041718, 11.46059643436338 ] ] ] } },
{ "type": "Feature", "properties": { "feature_id": "bld_0173", "name": "Building 173 (Sirumugai Riverfront)", "feature_type": "building", "category": "building" }, "geometry": { "type": "Polygon", "coordinates": [ [ [ 77.124572400436023, 11.472009190632674 ], [ 77.124572400436023, 11.47230740929078 ], [ 77.124274181777906, 11.47230740929078 ], [ 77.124274181777906, 11.472009190632674 ], [ 77.124572400436023, 11.472009190632674 ] ] ] } },
{ "type": "Feature", "properties": { "feature_id": "bld_0174", "name": "Building 174 (Sirumugai Riverfront)", "feature_type": "building", "category": "building" }, "geometry": { "type": "Polygon", "coordinates": [ [ [ 77.117070419766378, 11.468805298370317 ], [ 77.117070419766378, 11.469018623090246 ], [ 77.116857095046441, 11.469018623090246 ], [ 77.116857095046441, 11.468805298370317 ], [ 77.117070419766378, 11.468805298370317 ] ] ] } },
{ "type": "Feature", "properties": { "feature_id": "bld_0175", "name": "Building 175 (Sirumugai Riverfront)", "feature_type": "building", "category": "building" }, "geometry": { "type": "Polygon", "coordinates": [ [ [ 77.144145858137207, 11.472493100837704 ], [ 77.144145858137207, 11.472770466856366 ], [ 77.143868492118557, 11.472770466856366 ], [ 77.143868492118557, 11.472493100837704 ], [ 77.144145858137207, 11.472493100837704 ] ] ] } },
{ "type": "Feature", "properties": { "feature_id": "bld_0176", "name": "Building 176 (Sirumugai Riverfront)", "feature_type": "building", "category": "building" }, "geometry": { "type": "Polygon", "coordinates": [ [ [ 77.127566012768256, 11.46612315404003 ], [ 77.127566012768256, 11.466321431030099 ], [ 77.127367735778193, 11.466321431030099 ], [ 77.127367735778193, 11.46612315404003 ], [ 77.127566012768256, 11.46612315404003 ] ] ] } },
{ "type": "Feature", "properties": { "feature_id": "bld_0177", "name": "Building 177 (Sirumugai Riverfront)", "feature_type": "building", "category": "building" }, "geometry": { "type": "Polygon", "coordinates": [ [ [ 77.11399729446012, 11.472833932573186 ], [ 77.11399729446012, 11.473107738714466 ], [ 77.11372348831884, 11.473107738714466 ], [ 77.11372348831884, 11.472833932573186 ], [ 77.11399729446012, 11.472833932573186 ] ] ] } },
{ "type": "Feature", "properties": { "feature_id": "bld_0178", "name": "Building 178 (Sirumugai Riverfront)", "feature_type": "building", "category": "building" }, "geometry": { "type": "Polygon", "coordinates": [ [ [ 77.145109563437828, 11.474830672336715 ], [ 77.145109563437828, 11.475068432775501 ], [ 77.144871802999049, 11.475068432775501 ], [ 77.144871802999049, 11.474830672336715 ], [ 77.145109563437828, 11.474830672336715 ] ] ] } },
{ "type": "Feature", "properties": { "feature_id": "bld_0179", "name": "Building 179 (Sirumugai Riverfront)", "feature_type": "building", "category": "building" }, "geometry": { "type": "Polygon", "coordinates": [ [ [ 77.137516060018314, 11.474032010630889 ], [ 77.137516060018314, 11.474310961265584 ], [ 77.137237109383605, 11.474310961265584 ], [ 77.137237109383605, 11.474032010630889 ], [ 77.137516060018314, 11.474032010630889 ] ] ] } },
{ "type": "Feature", "properties": { "feature_id": "bld_0180", "name": "Building 180 (Sirumugai Riverfront)", "feature_type": "building", "category": "building" }, "geometry": { "type": "Polygon", "coordinates": [ [ [ 77.120251528516576, 11.466669120870591 ], [ 77.120251528516576, 11.466847203188713 ], [ 77.120073446198461, 11.466847203188713 ], [ 77.120073446198461, 11.466669120870591 ], [ 77.120251528516576, 11.466669120870591 ] ] ] } },
{ "type": "Feature", "properties": { "feature_id": "bld_0181", "name": "Building 181 (Sirumugai Riverfront)", "feature_type": "building", "category": "building" }, "geometry": { "type": "Polygon", "coordinates": [ [ [ 77.143579688895912, 11.468996614520378 ], [ 77.143579688895912, 11.469188624513148 ], [ 77.143387678903153, 11.469188624513148 ], [ 77.143387678903153, 11.468996614520378 ], [ 77.143579688895912, 11.468996614520378 ] ] ] } },
{ "type": "Feature", "properties": { "feature_id": "bld_0182", "name": "Building 182 (Sirumugai Riverfront)", "feature_type": "building", "category": "building" }, "geometry": { "type": "Polygon", "coordinates": [ [ [ 77.13427119397565, 11.469166852216606 ], [ 77.13427119397565, 11.46937699499713 ], [ 77.134061051195118, 11.46937699499713 ], [ 77.134061051195118, 11.469166852216606 ], [ 77.13427119397565, 11.469166852216606 ] ] ] } },
{ "type": "Feature", "properties": { "feature_id": "bld_0183", "name": "Building 183 (Sirumugai Riverfront)", "feature_type": "building", "category": "building" }, "geometry": { "type": "Polygon", "coordinates": [ [ [ 77.11586382208165, 11.469957176394828 ], [ 77.11586382208165, 11.470190019472955 ], [ 77.115630979003527, 11.470190019472955 ], [ 77.115630979003527, 11.469957176394828 ], [ 77.11586382208165, 11.469957176394828 ] ] ] } },
{ "type": "Feature", "properties": { "feature_id": "bld_0184", "name": "Building 184 (Sirumugai Riverfront)", "feature_type": "building", "category": "building" }, "geometry": { "type": "Polygon", "coordinates": [ [ [ 77.137626159632291, 11.467662799811659 ], [ 77.137626159632291, 11.467942105221702 ], [ 77.137346854222258, 11.467942105221702 ], [ 77.137346854222258, 11.467662799811659 ], [ 77.137626159632291, 11.467662799811659 ] ] ] } },
{ "type": "Feature", "properties": { "feature_id": "bld_0185", "name": "Building 185 (Sirumugai Riverfront)", "feature_type": "building", "category": "building" }, "geometry": { "type": "Polygon", "coordinates": [ [ [ 77.130354291431743, 11.468272703820844 ], [ 77.130354291431743, 11.468555435325218 ], [ 77.130071559927373, 11.468555435325218 ], [ 77.130071559927373, 11.468272703820844 ], [ 77.130354291431743, 11.468272703820844 ] ] ] } },
{ "type": "Feature", "properties": { "feature_id": "bld_0186", "name": "Building 186 (Sirumugai Riverfront)", "feature_type": "building", "category": "building" }, "geometry": { "type": "Polygon", "coordinates": [ [ [ 77.125396949372345, 11.461928213639418 ], [ 77.125396949372345, 11.462092243214101 ], [ 77.125232919797668, 11.462092243214101 ], [ 77.125232919797668, 11.461928213639418 ], [ 77.125396949372345, 11.461928213639418 ] ] ] } },
{ "type": "Feature", "properties": { "feature_id": "bld_0187", "name": "Building 187 (Sirumugai Riverfront)", "feature_type": "building", "category": "building" }, "geometry": { "type": "Polygon", "coordinates": [ [ [ 77.137048815020989, 11.469175357686535 ], [ 77.137048815020989, 11.46943392885407 ], [ 77.136790243853454, 11.46943392885407 ], [ 77.136790243853454, 11.469175357686535 ], [ 77.137048815020989, 11.469175357686535 ] ] ] } },
{ "type": "Feature", "properties": { "feature_id": "bld_0188", "name": "Building 188 (Sirumugai Riverfront)", "feature_type": "building", "category": "building" }, "geometry": { "type": "Polygon", "coordinates": [ [ [ 77.119108835456387, 11.461964554007205 ], [ 77.119108835456387, 11.462126590260398 ], [ 77.118946799203201, 11.462126590260398 ], [ 77.118946799203201, 11.461964554007205 ], [ 77.119108835456387, 11.461964554007205 ] ] ] } },
{ "type": "Feature", "properties": { "feature_id": "bld_0189", "name": "Building 189 (Sirumugai Riverfront)", "feature_type": "building", "category": "building" }, "geometry": { "type": "Polygon", "coordinates": [ [ [ 77.123676846523779, 11.468741308219663 ], [ 77.123676846523779, 11.468956222385977 ], [ 77.123461932357458, 11.468956222385977 ], [ 77.123461932357458, 11.468741308219663 ], [ 77.123676846523779, 11.468741308219663 ] ] ] } },
{ "type": "Feature", "properties": { "feature_id": "bld_0190", "name": "Building 190 (Sirumugai Riverfront)", "feature_type": "building", "category": "building" }, "geometry": { "type": "Polygon", "coordinates": [ [ [ 77.12654105030947, 11.473458002534715 ], [ 77.12654105030947, 11.473666758300096 ], [ 77.126332294544085, 11.473666758300096 ], [ 77.126332294544085, 11.473458002534715 ], [ 77.12654105030947, 11.473458002534715 ] ] ] } },
{ "type": "Feature", "properties": { "feature_id": "bld_0191", "name": "Building 191 (Sirumugai Riverfront)", "feature_type": "building", "category": "building" }, "geometry": { "type": "Polygon", "coordinates": [ [ [ 77.129069411137039, 11.471647037196355 ], [ 77.129069411137039, 11.471862553185879 ], [ 77.1288538951475, 11.471862553185879 ], [ 77.1288538951475, 11.471647037196355 ], [ 77.129069411137039, 11.471647037196355 ] ] ] } },
{ "type": "Feature", "properties": { "feature_id": "bld_0192", "name": "Building 192 (Sirumugai Riverfront)", "feature_type": "building", "category": "building" }, "geometry": { "type": "Polygon", "coordinates": [ [ [ 77.132675327551169, 11.472788989187546 ], [ 77.132675327551169, 11.473081922074858 ], [ 77.132382394663864, 11.473081922074858 ], [ 77.132382394663864, 11.472788989187546 ], [ 77.132675327551169, 11.472788989187546 ] ] ] } },
{ "type": "Feature", "properties": { "feature_id": "bld_0193", "name": "Building 193 (Sirumugai Riverfront)", "feature_type": "building", "category": "building" }, "geometry": { "type": "Polygon", "coordinates": [ [ [ 77.116967873011177, 11.473784366236908 ], [ 77.116967873011177, 11.474013262517937 ], [ 77.116738976730133, 11.474013262517937 ], [ 77.116738976730133, 11.473784366236908 ], [ 77.116967873011177, 11.473784366236908 ] ] ] } },
{ "type": "Feature", "properties": { "feature_id": "bld_0194", "name": "Building 194 (Sirumugai Riverfront)", "feature_type": "building", "category": "building" }, "geometry": { "type": "Polygon", "coordinates": [ [ [ 77.120670667094132, 11.466738434063306 ], [ 77.120670667094132, 11.467035638623845 ], [ 77.120373462533578, 11.467035638623845 ], [ 77.120373462533578, 11.466738434063306 ], [ 77.120670667094132, 11.466738434063306 ] ] ] } },
{ "type": "Feature", "properties": { "feature_id": "bld_0195", "name": "Building 195 (Sirumugai Riverfront)", "feature_type": "building", "category": "building" }, "geometry": { "type": "Polygon", "coordinates": [ [ [ 77.128380735161571, 11.464806936094512 ], [ 77.128380735161571, 11.465055612214115 ], [ 77.12813205904196, 11.465055612214115 ], [ 77.12813205904196, 11.464806936094512 ], [ 77.128380735161571, 11.464806936094512 ] ] ] } },
{ "type": "Feature", "properties": { "feature_id": "bld_0196", "name": "Building 196 (Sirumugai Riverfront)", "feature_type": "building", "category": "building" }, "geometry": { "type": "Polygon", "coordinates": [ [ [ 77.120013827000207, 11.461048928341096 ], [ 77.120013827000207, 11.461226971502164 ], [ 77.119835783839136, 11.461226971502164 ], [ 77.119835783839136, 11.461048928341096 ], [ 77.120013827000207, 11.461048928341096 ] ] ] } },
{ "type": "Feature", "properties": { "feature_id": "bld_0197", "name": "Building 197 (Sirumugai Riverfront)", "feature_type": "building", "category": "building" }, "geometry": { "type": "Polygon", "coordinates": [ [ [ 77.116315230587688, 11.4621888225006 ], [ 77.116315230587688, 11.462368258304771 ], [ 77.116135794783517, 11.462368258304771 ], [ 77.116135794783517, 11.4621888225006 ], [ 77.116315230587688, 11.4621888225006 ] ] ] } },
{ "type": "Feature", "properties": { "feature_id": "bld_0198", "name": "Building 198 (Sirumugai Riverfront)", "feature_type": "building", "category": "building" }, "geometry": { "type": "Polygon", "coordinates": [ [ [ 77.133253063288322, 11.462624004556154 ], [ 77.133253063288322, 11.46283239797582 ], [ 77.133044669868667, 11.46283239797582 ], [ 77.133044669868667, 11.462624004556154 ], [ 77.133253063288322, 11.462624004556154 ] ] ] } },
{ "type": "Feature", "properties": { "feature_id": "bld_0199", "name": "Building 199 (Sirumugai Riverfront)", "feature_type": "building", "category": "building" }, "geometry": { "type": "Polygon", "coordinates": [ [ [ 77.141720746568595, 11.466982695562248 ], [ 77.141720746568595, 11.46723615364564 ], [ 77.141467288485202, 11.46723615364564 ], [ 77.141467288485202, 11.466982695562248 ], [ 77.141720746568595, 11.466982695562248 ] ] ] } },
{ "type": "Feature", "properties": { "feature_id": "bld_0200", "name": "Building 200 (Sirumugai Riverfront)", "feature_type": "building", "category": "building" }, "geometry": { "type": "Polygon", "coordinates": [ [ [ 77.117769416552775, 11.462801474478992 ], [ 77.117769416552775, 11.462967196085268 ], [ 77.11760369494651, 11.462967196085268 ], [ 77.11760369494651, 11.462801474478992 ], [ 77.117769416552775, 11.462801474478992 ] ] ] } },
{ "type": "Feature", "properties": { "feature_id": "bld_0201", "name": "Building 201 (Sirumugai Riverfront)", "feature_type": "building", "category": "building" }, "geometry": { "type": "Polygon", "coordinates": [ [ [ 77.117667247815277, 11.464086464351581 ], [ 77.117667247815277, 11.464271245819379 ], [ 77.117482466347482, 11.464271245819379 ], [ 77.117482466347482, 11.464086464351581 ], [ 77.117667247815277, 11.464086464351581 ] ] ] } },
{ "type": "Feature", "properties": { "feature_id": "bld_0202", "name": "Building 202 (Sirumugai Riverfront)", "feature_type": "building", "category": "building" }, "geometry": { "type": "Polygon", "coordinates": [ [ [ 77.115039438127738, 11.461697283552747 ], [ 77.115039438127738, 11.461921792580272 ], [ 77.114814929100206, 11.461921792580272 ], [ 77.114814929100206, 11.461697283552747 ], [ 77.115039438127738, 11.461697283552747 ] ] ] } },
{ "type": "Feature", "properties": { "feature_id": "bld_0203", "name": "Building 203 (Sirumugai Riverfront)", "feature_type": "building", "category": "building" }, "geometry": { "type": "Polygon", "coordinates": [ [ [ 77.118924251916354, 11.465348808706763 ], [ 77.118924251916354, 11.465579287124681 ], [ 77.118693773498421, 11.465579287124681 ], [ 77.118693773498421, 11.465348808706763 ], [ 77.118924251916354, 11.465348808706763 ] ] ] } },
{ "type": "Feature", "properties": { "feature_id": "bld_0204", "name": "Building 204 (Sirumugai Riverfront)", "feature_type": "building", "category": "building" }, "geometry": { "type": "Polygon", "coordinates": [ [ [ 77.134918988072684, 11.460453723369694 ], [ 77.134918988072684, 11.460725640825542 ], [ 77.134647070616836, 11.460725640825542 ], [ 77.134647070616836, 11.460453723369694 ], [ 77.134918988072684, 11.460453723369694 ] ] ] } },
{ "type": "Feature", "properties": { "feature_id": "bld_0205", "name": "Building 205 (Sirumugai Riverfront)", "feature_type": "building", "category": "building" }, "geometry": { "type": "Polygon", "coordinates": [ [ [ 77.132861863356894, 11.461085234975547 ], [ 77.132861863356894, 11.461367535982921 ], [ 77.132579562349505, 11.461367535982921 ], [ 77.132579562349505, 11.461085234975547 ], [ 77.132861863356894, 11.461085234975547 ] ] ] } },
{ "type": "Feature", "properties": { "feature_id": "bld_0206", "name": "Building 206 (Sirumugai Riverfront)", "feature_type": "building", "category": "building" }, "geometry": { "type": "Polygon", "coordinates": [ [ [ 77.142488170652925, 11.460816787962452 ], [ 77.142488170652925, 11.461015550833194 ], [ 77.142289407782172, 11.461015550833194 ], [ 77.142289407782172, 11.460816787962452 ], [ 77.142488170652925, 11.460816787962452 ] ] ] } },
{ "type": "Feature", "properties": { "feature_id": "bld_0207", "name": "Building 207 (Sirumugai Riverfront)", "feature_type": "building", "category": "building" }, "geometry": { "type": "Polygon", "coordinates": [ [ [ 77.138697558704521, 11.4711309788844 ], [ 77.138697558704521, 11.471316811827108 ], [ 77.138511725761802, 11.471316811827108 ], [ 77.138511725761802, 11.4711309788844 ], [ 77.138697558704521, 11.4711309788844 ] ] ] } },
{ "type": "Feature", "properties": { "feature_id": "bld_0208", "name": "Building 208 (Sirumugai Riverfront)", "feature_type": "building", "category": "building" }, "geometry": { "type": "Polygon", "coordinates": [ [ [ 77.119022444279068, 11.465443164932907 ], [ 77.119022444279068, 11.465670998150834 ], [ 77.118794611061134, 11.465670998150834 ], [ 77.118794611061134, 11.465443164932907 ], [ 77.119022444279068, 11.465443164932907 ] ] ] } },
{ "type": "Feature", "properties": { "feature_id": "bld_0209", "name": "Building 209 (Sirumugai Riverfront)", "feature_type": "building", "category": "building" }, "geometry": { "type": "Polygon", "coordinates": [ [ [ 77.132514784890617, 11.465421327163417 ], [ 77.132514784890617, 11.465646082023676 ], [ 77.132290030030362, 11.465646082023676 ], [ 77.132290030030362, 11.465421327163417 ], [ 77.132514784890617, 11.465421327163417 ] ] ] } },
{ "type": "Feature", "properties": { "feature_id": "bld_0210", "name": "Building 210 (Sirumugai Riverfront)", "feature_type": "building", "category": "building" }, "geometry": { "type": "Polygon", "coordinates": [ [ [ 77.136764211544516, 11.460452577457255 ], [ 77.136764211544516, 11.460647918629464 ], [ 77.136568870372315, 11.460647918629464 ], [ 77.136568870372315, 11.460452577457255 ], [ 77.136764211544516, 11.460452577457255 ] ] ] } },
{ "type": "Feature", "properties": { "feature_id": "bld_0211", "name": "Building 211 (Sirumugai Riverfront)", "feature_type": "building", "category": "building" }, "geometry": { "type": "Polygon", "coordinates": [ [ [ 77.135656353755138, 11.47331228514436 ], [ 77.135656353755138, 11.473543919986255 ], [ 77.135424718913242, 11.473543919986255 ], [ 77.135424718913242, 11.47331228514436 ], [ 77.135656353755138, 11.47331228514436 ] ] ] } },
{ "type": "Feature", "properties": { "feature_id": "bld_0212", "name": "Building 212 (Sirumugai Riverfront)", "feature_type": "building", "category": "building" }, "geometry": { "type": "Polygon", "coordinates": [ [ [ 77.129671063879428, 11.46149626130442 ], [ 77.129671063879428, 11.461718899035775 ], [ 77.129448426148073, 11.461718899035775 ], [ 77.129448426148073, 11.46149626130442 ], [ 77.129671063879428, 11.46149626130442 ] ] ] } },
{ "type": "Feature", "properties": { "feature_id": "bld_0213", "name": "Building 213 (Sirumugai Riverfront)", "feature_type": "building", "category": "building" }, "geometry": { "type": "Polygon", "coordinates": [ [ [ 77.12967521681918, 11.463538210528355 ], [ 77.12967521681918, 11.463735904580687 ], [ 77.129477522766848, 11.463735904580687 ], [ 77.129477522766848, 11.463538210528355 ], [ 77.12967521681918, 11.463538210528355 ] ] ] } },
{ "type": "Feature", "properties": { "feature_id": "bld_0214", "name": "Building 214 (Sirumugai Riverfront)", "feature_type": "building", "category": "building" }, "geometry": { "type": "Polygon", "coordinates": [ [ [ 77.124552922924039, 11.460198522425076 ], [ 77.124552922924039, 11.460403613508257 ], [ 77.124347831840851, 11.460403613508257 ], [ 77.124347831840851, 11.460198522425076 ], [ 77.124552922924039, 11.460198522425076 ] ] ] } },
{ "type": "Feature", "properties": { "feature_id": "bld_0215", "name": "Building 215 (Sirumugai Riverfront)", "feature_type": "building", "category": "building" }, "geometry": { "type": "Polygon", "coordinates": [ [ [ 77.119066167580101, 11.464824076933441 ], [ 77.119066167580101, 11.465000843631897 ], [ 77.118889400881656, 11.465000843631897 ], [ 77.118889400881656, 11.464824076933441 ], [ 77.119066167580101, 11.464824076933441 ] ] ] } },
{ "type": "Feature", "properties": { "feature_id": "bld_0216", "name": "Building 216 (Sirumugai Riverfront)", "feature_type": "building", "category": "building" }, "geometry": { "type": "Polygon", "coordinates": [ [ [ 77.141514937426749, 11.46877634964097 ], [ 77.141514937426749, 11.469031423965651 ], [ 77.141259863102064, 11.469031423965651 ], [ 77.141259863102064, 11.46877634964097 ], [ 77.141514937426749, 11.46877634964097 ] ] ] } },
{ "type": "Feature", "properties": { "feature_id": "bld_0217", "name": "Building 217 (Sirumugai Riverfront)", "feature_type": "building", "category": "building" }, "geometry": { "type": "Polygon", "coordinates": [ [ [ 77.138128735294202, 11.46739054856377 ], [ 77.138128735294202, 11.467562717404103 ], [ 77.13795656645388, 11.467562717404103 ], [ 77.13795656645388, 11.46739054856377 ], [ 77.138128735294202, 11.46739054856377 ] ] ] } },
{ "type": "Feature", "properties": { "feature_id": "bld_0218", "name": "Building 218 (Sirumugai Riverfront)", "feature_type": "building", "category": "building" }, "geometry": { "type": "Polygon", "coordinates": [ [ [ 77.129856696643202, 11.46867043600712 ], [ 77.129856696643202, 11.468934797533507 ], [ 77.129592335116826, 11.468934797533507 ], [ 77.129592335116826, 11.46867043600712 ], [ 77.129856696643202, 11.46867043600712 ] ] ] } },
{ "type": "Feature", "properties": { "feature_id": "bld_0219", "name": "Building 219 (Sirumugai Riverfront)", "feature_type": "building", "category": "building" }, "geometry": { "type": "Polygon", "coordinates": [ [ [ 77.126344629338988, 11.46181384022853 ], [ 77.126344629338988, 11.46201356885534 ], [ 77.126144900712163, 11.46201356885534 ], [ 77.126144900712163, 11.46181384022853 ], [ 77.126344629338988, 11.46181384022853 ] ] ] } },
{ "type": "Feature", "properties": { "feature_id": "bld_0220", "name": "Building 220 (Sirumugai Riverfront)", "feature_type": "building", "category": "building" }, "geometry": { "type": "Polygon", "coordinates": [ [ [ 77.124101670262476, 11.469568804138646 ], [ 77.124101670262476, 11.469808713101301 ], [ 77.123861761299835, 11.469808713101301 ], [ 77.123861761299835, 11.469568804138646 ], [ 77.124101670262476, 11.469568804138646 ] ] ] } },
{ "type": "Feature", "properties": { "feature_id": "bld_0221", "name": "Building 221 (Sirumugai Riverfront)", "feature_type": "building", "category": "building" }, "geometry": { "type": "Polygon", "coordinates": [ [ [ 77.123873596191984, 11.474675324494539 ], [ 77.123873596191984, 11.474920132969251 ], [ 77.123628787717266, 11.474920132969251 ], [ 77.123628787717266, 11.474675324494539 ], [ 77.123873596191984, 11.474675324494539 ] ] ] } },
{ "type": "Feature", "properties": { "feature_id": "bld_0222", "name": "Building 222 (Sirumugai Riverfront)", "feature_type": "building", "category": "building" }, "geometry": { "type": "Polygon", "coordinates": [ [ [ 77.119919184267019, 11.461436036949562 ], [ 77.119919184267019, 11.46161743722905 ], [ 77.119737783987546, 11.46161743722905 ], [ 77.119737783987546, 11.461436036949562 ], [ 77.119919184267019, 11.461436036949562 ] ] ] } },
{ "type": "Feature", "properties": { "feature_id": "bld_0223", "name": "Building 223 (Sirumugai Riverfront)", "feature_type": "building", "category": "building" }, "geometry": { "type": "Polygon", "coordinates": [ [ [ 77.120209664728364, 11.46231716090721 ], [ 77.120209664728364, 11.462503280290578 ], [ 77.120023545345006, 11.462503280290578 ], [ 77.120023545345006, 11.46231716090721 ], [ 77.120209664728364, 11.46231716090721 ] ] ] } },
{ "type": "Feature", "properties": { "feature_id": "bld_0224", "name": "Building 224 (Sirumugai Riverfront)", "feature_type": "building", "category": "building" }, "geometry": { "type": "Polygon", "coordinates": [ [ [ 77.12155091414661, 11.462457830349699 ], [ 77.12155091414661, 11.462743377509145 ], [ 77.12126536698716, 11.462743377509145 ], [ 77.12126536698716, 11.462457830349699 ], [ 77.12155091414661, 11.462457830349699 ] ] ] } },
{ "type": "Feature", "properties": { "feature_id": "bld_0225", "name": "Building 225 (Sirumugai Riverfront)", "feature_type": "building", "category": "building" }, "geometry": { "type": "Polygon", "coordinates": [ [ [ 77.114756441384714, 11.467758943065665 ], [ 77.114756441384714, 11.467976398621442 ], [ 77.114538985828943, 11.467976398621442 ], [ 77.114538985828943, 11.467758943065665 ], [ 77.114756441384714, 11.467758943065665 ] ] ] } },
{ "type": "Feature", "properties": { "feature_id": "bld_0226", "name": "Building 226 (Sirumugai Riverfront)", "feature_type": "building", "category": "building" }, "geometry": { "type": "Polygon", "coordinates": [ [ [ 77.144526344249911, 11.461572733640589 ], [ 77.144526344249911, 11.461788433424454 ], [ 77.144310644466046, 11.461788433424454 ], [ 77.144310644466046, 11.461572733640589 ], [ 77.144526344249911, 11.461572733640589 ] ] ] } },
{ "type": "Feature", "properties": { "feature_id": "bld_0227", "name": "Building 227 (Sirumugai Riverfront)", "feature_type": "building", "category": "building" }, "geometry": { "type": "Polygon", "coordinates": [ [ [ 77.144129719343056, 11.472845411843444 ], [ 77.144129719343056, 11.473119801933375 ], [ 77.143855329253114, 11.473119801933375 ], [ 77.143855329253114, 11.472845411843444 ], [ 77.144129719343056, 11.472845411843444 ] ] ] } },
{ "type": "Feature", "properties": { "feature_id": "bld_0228", "name": "Building 228 (Sirumugai Riverfront)", "feature_type": "building", "category": "building" }, "geometry": { "type": "Polygon", "coordinates": [ [ [ 77.12063759831787, 11.462436508785457 ], [ 77.12063759831787, 11.462690118836248 ], [ 77.120383988267093, 11.462690118836248 ], [ 77.120383988267093, 11.462436508785457 ], [ 77.12063759831787, 11.462436508785457 ] ] ] } },
{ "type": "Feature", "properties": { "feature_id": "bld_0229", "name": "Building 229 (Sirumugai Riverfront)", "feature_type": "building", "category": "building" }, "geometry": { "type": "Polygon", "coordinates": [ [ [ 77.142789420529468, 11.468231430506945 ], [ 77.142789420529468, 11.468471456283472 ], [ 77.142549394752947, 11.468471456283472 ], [ 77.142549394752947, 11.468231430506945 ], [ 77.142789420529468, 11.468231430506945 ] ] ] } },
{ "type": "Feature", "properties": { "feature_id": "bld_0230", "name": "Building 230 (Sirumugai Riverfront)", "feature_type": "building", "category": "building" }, "geometry": { "type": "Polygon", "coordinates": [ [ [ 77.12133240315319, 11.471449300935481 ], [ 77.12133240315319, 11.471635487060277 ], [ 77.121146217028382, 11.471635487060277 ], [ 77.121146217028382, 11.471449300935481 ], [ 77.12133240315319, 11.471449300935481 ] ] ] } },
{ "type": "Feature", "properties": { "feature_id": "bld_0231", "name": "Building 231 (Sirumugai Riverfront)", "feature_type": "building", "category": "building" }, "geometry": { "type": "Polygon", "coordinates": [ [ [ 77.122796947527846, 11.466266013852739 ], [ 77.122796947527846, 11.466497079305753 ], [ 77.122565882074824, 11.466497079305753 ], [ 77.122565882074824, 11.466266013852739 ], [ 77.122796947527846, 11.466266013852739 ] ] ] } },
{ "type": "Feature", "properties": { "feature_id": "bld_0232", "name": "Building 232 (Sirumugai Riverfront)", "feature_type": "building", "category": "building" }, "geometry": { "type": "Polygon", "coordinates": [ [ [ 77.120122264572657, 11.461599808968119 ], [ 77.120122264572657, 11.46184529577406 ], [ 77.11987677776672, 11.46184529577406 ], [ 77.11987677776672, 11.461599808968119 ], [ 77.120122264572657, 11.461599808968119 ] ] ] } },
{ "type": "Feature", "properties": { "feature_id": "bld_0233", "name": "Building 233 (Sirumugai Riverfront)", "feature_type": "building", "category": "building" }, "geometry": { "type": "Polygon", "coordinates": [ [ [ 77.121615613646995, 11.46862776793127 ], [ 77.121615613646995, 11.468809378711409 ], [ 77.121434002866849, 11.468809378711409 ], [ 77.121434002866849, 11.46862776793127 ], [ 77.121615613646995, 11.46862776793127 ] ] ] } },
{ "type": "Feature", "properties": { "feature_id": "bld_0234", "name": "Building 234 (Sirumugai Riverfront)", "feature_type": "building", "category": "building" }, "geometry": { "type": "Polygon", "coordinates": [ [ [ 77.127961251008784, 11.467905213840696 ], [ 77.127961251008784, 11.468072469135853 ], [ 77.127793995713617, 11.468072469135853 ], [ 77.127793995713617, 11.467905213840696 ], [ 77.127961251008784, 11.467905213840696 ] ] ] } },
{ "type": "Feature", "properties": { "feature_id": "bld_0235", "name": "Building 235 (Sirumugai Riverfront)", "feature_type": "building", "category": "building" }, "geometry": { "type": "Polygon", "coordinates": [ [ [ 77.123192377428325, 11.461931783906152 ], [ 77.123192377428325, 11.462100656402018 ], [ 77.123023504932462, 11.462100656402018 ], [ 77.123023504932462, 11.461931783906152 ], [ 77.123192377428325, 11.461931783906152 ] ] ] } },
{ "type": "Feature", "properties": { "feature_id": "bld_0236", "name": "Building 236 (Sirumugai Riverfront)", "feature_type": "building", "category": "building" }, "geometry": { "type": "Polygon", "coordinates": [ [ [ 77.144805378880079, 11.46469861646341 ], [ 77.144805378880079, 11.464971998885831 ], [ 77.144531996457658, 11.464971998885831 ], [ 77.144531996457658, 11.46469861646341 ], [ 77.144805378880079, 11.46469861646341 ] ] ] } },
{ "type": "Feature", "properties": { "feature_id": "bld_0237", "name": "Building 237 (Sirumugai Riverfront)", "feature_type": "building", "category": "building" }, "geometry": { "type": "Polygon", "coordinates": [ [ [ 77.120536357557384, 11.470089324883165 ], [ 77.120536357557384, 11.470355756783551 ], [ 77.120269925657013, 11.470355756783551 ], [ 77.120269925657013, 11.470089324883165 ], [ 77.120536357557384, 11.470089324883165 ] ] ] } },
{ "type": "Feature", "properties": { "feature_id": "bld_0238", "name": "Building 238 (Sirumugai Riverfront)", "feature_type": "building", "category": "building" }, "geometry": { "type": "Polygon", "coordinates": [ [ [ 77.131764907304046, 11.466964813964262 ], [ 77.131764907304046, 11.467182471692242 ], [ 77.131547249576073, 11.467182471692242 ], [ 77.131547249576073, 11.466964813964262 ], [ 77.131764907304046, 11.466964813964262 ] ] ] } },
{ "type": "Feature", "properties": { "feature_id": "bld_0239", "name": "Building 239 (Sirumugai Riverfront)", "feature_type": "building", "category": "building" }, "geometry": { "type": "Polygon", "coordinates": [ [ [ 77.12365079615445, 11.473804793805172 ], [ 77.12365079615445, 11.474081080522261 ], [ 77.123374509437369, 11.474081080522261 ], [ 77.123374509437369, 11.473804793805172 ], [ 77.12365079615445, 11.473804793805172 ] ] ] } },
{ "type": "Feature", "properties": { "feature_id": "bld_0240", "name": "Building 240 (Sirumugai Riverfront)", "feature_type": "building", "category": "building" }, "geometry": { "type": "Polygon", "coordinates": [ [ [ 77.143977048775255, 11.461733297629021 ], [ 77.143977048775255, 11.461995619075548 ], [ 77.143714727328714, 11.461995619075548 ], [ 77.143714727328714, 11.461733297629021 ], [ 77.143977048775255, 11.461733297629021 ] ] ] } },
{ "type": "Feature", "properties": { "feature_id": "bld_0241", "name": "Building 241 (Sirumugai Riverfront)", "feature_type": "building", "category": "building" }, "geometry": { "type": "Polygon", "coordinates": [ [ [ 77.14304988981381, 11.462633841253769 ], [ 77.14304988981381, 11.462803150731201 ], [ 77.142880580336382, 11.462803150731201 ], [ 77.142880580336382, 11.462633841253769 ], [ 77.14304988981381, 11.462633841253769 ] ] ] } },
{ "type": "Feature", "properties": { "feature_id": "bld_0242", "name": "Building 242 (Sirumugai Riverfront)", "feature_type": "building", "category": "building" }, "geometry": { "type": "Polygon", "coordinates": [ [ [ 77.136595909440942, 11.468478168683326 ], [ 77.136595909440942, 11.468756024712071 ], [ 77.136318053412182, 11.468756024712071 ], [ 77.136318053412182, 11.468478168683326 ], [ 77.136595909440942, 11.468478168683326 ] ] ] } },
{ "type": "Feature", "properties": { "feature_id": "bld_0243", "name": "Building 243 (Sirumugai Riverfront)", "feature_type": "building", "category": "building" }, "geometry": { "type": "Polygon", "coordinates": [ [ [ 77.116706602341054, 11.471834895765495 ], [ 77.116706602341054, 11.472023123590303 ], [ 77.116518374516261, 11.472023123590303 ], [ 77.116518374516261, 11.471834895765495 ], [ 77.116706602341054, 11.471834895765495 ] ] ] } },
{ "type": "Feature", "properties": { "feature_id": "bld_0244", "name": "Building 244 (Sirumugai Riverfront)", "feature_type": "building", "category": "building" }, "geometry": { "type": "Polygon", "coordinates": [ [ [ 77.117537666344973, 11.462326966738548 ], [ 77.117537666344973, 11.462601007199382 ], [ 77.117263625884149, 11.462601007199382 ], [ 77.117263625884149, 11.462326966738548 ], [ 77.117537666344973, 11.462326966738548 ] ] ] } },
{ "type": "Feature", "properties": { "feature_id": "bld_0245", "name": "Building 245 (Sirumugai Riverfront)", "feature_type": "building", "category": "building" }, "geometry": { "type": "Polygon", "coordinates": [ [ [ 77.134056626416864, 11.467740863237649 ], [ 77.134056626416864, 11.467951099505425 ], [ 77.133846390149088, 11.467951099505425 ], [ 77.133846390149088, 11.467740863237649 ], [ 77.134056626416864, 11.467740863237649 ] ] ] } },
{ "type": "Feature", "properties": { "feature_id": "bld_0246", "name": "Building 246 (Sirumugai Riverfront)", "feature_type": "building", "category": "building" }, "geometry": { "type": "Polygon", "coordinates": [ [ [ 77.141084779807599, 11.465749514650577 ], [ 77.141084779807599, 11.466023838572104 ], [ 77.140810455886069, 11.466023838572104 ], [ 77.140810455886069, 11.465749514650577 ], [ 77.141084779807599, 11.465749514650577 ] ] ] } },
{ "type": "Feature", "properties": { "feature_id": "bld_0247", "name": "Building 247 (Sirumugai Riverfront)", "feature_type": "building", "category": "building" }, "geometry": { "type": "Polygon", "coordinates": [ [ [ 77.126603839567807, 11.465541778856377 ], [ 77.126603839567807, 11.46576655402637 ], [ 77.126379064397824, 11.46576655402637 ], [ 77.126379064397824, 11.465541778856377 ], [ 77.126603839567807, 11.465541778856377 ] ] ] } },
{ "type": "Feature", "properties": { "feature_id": "bld_0248", "name": "Building 248 (Sirumugai Riverfront)", "feature_type": "building", "category": "building" }, "geometry": { "type": "Polygon", "coordinates": [ [ [ 77.122060660274727, 11.471098950275337 ], [ 77.122060660274727, 11.471329331129951 ], [ 77.121830279420109, 11.471329331129951 ], [ 77.121830279420109, 11.471098950275337 ], [ 77.122060660274727, 11.471098950275337 ] ] ] } },
{ "type": "Feature", "properties": { "feature_id": "bld_0249", "name": "Building 249 (Sirumugai Riverfront)", "feature_type": "building", "category": "building" }, "geometry": { "type": "Polygon", "coordinates": [ [ [ 77.119769891325348, 11.473386746213622 ], [ 77.119769891325348, 11.473600490984614 ], [ 77.119556146554345, 11.473600490984614 ], [ 77.119556146554345, 11.473386746213622 ], [ 77.119769891325348, 11.473386746213622 ] ] ] } },
{ "type": "Feature", "properties": { "feature_id": "bld_0250", "name": "Building 250 (Sirumugai Riverfront)", "feature_type": "building", "category": "building" }, "geometry": { "type": "Polygon", "coordinates": [ [ [ 77.130060941076465, 11.473473385004755 ], [ 77.130060941076465, 11.473720778324182 ], [ 77.129813547757038, 11.473720778324182 ], [ 77.129813547757038, 11.473473385004755 ], [ 77.130060941076465, 11.473473385004755 ] ] ] } },
{ "type": "Feature", "properties": { "feature_id": "bld_0251", "name": "Building 251 (Sirumugai Riverfront)", "feature_type": "building", "category": "building" }, "geometry": { "type": "Polygon", "coordinates": [ [ [ 77.115981574907096, 11.473973542290487 ], [ 77.115981574907096, 11.474221421417916 ], [ 77.115733695779653, 11.474221421417916 ], [ 77.115733695779653, 11.473973542290487 ], [ 77.115981574907096, 11.473973542290487 ] ] ] } },
{ "type": "Feature", "properties": { "feature_id": "bld_0252", "name": "Building 252 (Sirumugai Riverfront)", "feature_type": "building", "category": "building" }, "geometry": { "type": "Polygon", "coordinates": [ [ [ 77.123187467046918, 11.461953499326702 ], [ 77.123187467046918, 11.462224662853201 ], [ 77.122916303520427, 11.462224662853201 ], [ 77.122916303520427, 11.461953499326702 ], [ 77.123187467046918, 11.461953499326702 ] ] ] } },
{ "type": "Feature", "properties": { "feature_id": "bld_0253", "name": "Building 253 (Sirumugai Riverfront)", "feature_type": "building", "category": "building" }, "geometry": { "type": "Polygon", "coordinates": [ [ [ 77.132604973426453, 11.467859343898832 ], [ 77.132604973426453, 11.468144488860458 ], [ 77.13231982846483, 11.468144488860458 ], [ 77.13231982846483, 11.467859343898832 ], [ 77.132604973426453, 11.467859343898832 ] ] ] } },
{ "type": "Feature", "properties": { "feature_id": "bld_0254", "name": "Building 254 (Sirumugai Riverfront)", "feature_type": "building", "category": "building" }, "geometry": { "type": "Polygon", "coordinates": [ [ [ 77.138125528515147, 11.462173302651246 ], [ 77.138125528515147, 11.462376943740738 ], [ 77.137921887425662, 11.462376943740738 ], [ 77.137921887425662, 11.462173302651246 ], [ 77.138125528515147, 11.462173302651246 ] ] ] } },
{ "type": "Feature", "properties": { "feature_id": "bld_0255", "name": "Building 255 (Sirumugai Riverfront)", "feature_type": "building", "category": "building" }, "geometry": { "type": "Polygon", "coordinates": [ [ [ 77.120282488884314, 11.471076847118159 ], [ 77.120282488884314, 11.471241541659023 ], [ 77.120117794343443, 11.471241541659023 ], [ 77.120117794343443, 11.471076847118159 ], [ 77.120282488884314, 11.471076847118159 ] ] ] } },
{ "type": "Feature", "properties": { "feature_id": "bld_0256", "name": "Building 256 (Sirumugai Riverfront)", "feature_type": "building", "category": "building" }, "geometry": { "type": "Polygon", "coordinates": [ [ [ 77.130947733195327, 11.471295506691536 ], [ 77.130947733195327, 11.471578253880683 ], [ 77.130664986006181, 11.471578253880683 ], [ 77.130664986006181, 11.471295506691536 ], [ 77.130947733195327, 11.471295506691536 ] ] ] } },
{ "type": "Feature", "properties": { "feature_id": "bld_0257", "name": "Building 257 (Sirumugai Riverfront)", "feature_type": "building", "category": "building" }, "geometry": { "type": "Polygon", "coordinates": [ [ [ 77.12337644192921, 11.472231115348494 ], [ 77.12337644192921, 11.472406603791667 ], [ 77.123200953486034, 11.472406603791667 ], [ 77.123200953486034, 11.472231115348494 ], [ 77.12337644192921, 11.472231115348494 ] ] ] } },
{ "type": "Feature", "properties": { "feature_id": "bld_0258", "name": "Building 258 (Sirumugai Riverfront)", "feature_type": "building", "category": "building" }, "geometry": { "type": "Polygon", "coordinates": [ [ [ 77.140040735737571, 11.461804519824641 ], [ 77.140040735737571, 11.46202014004532 ], [ 77.139825115516899, 11.46202014004532 ], [ 77.139825115516899, 11.461804519824641 ], [ 77.140040735737571, 11.461804519824641 ] ] ] } },
{ "type": "Feature", "properties": { "feature_id": "bld_0259", "name": "Building 259 (Sirumugai Riverfront)", "feature_type": "building", "category": "building" }, "geometry": { "type": "Polygon", "coordinates": [ [ [ 77.138406794668384, 11.462152713812566 ], [ 77.138406794668384, 11.462344809007897 ], [ 77.138214699473053, 11.462344809007897 ], [ 77.138214699473053, 11.462152713812566 ], [ 77.138406794668384, 11.462152713812566 ] ] ] } },
{ "type": "Feature", "properties": { "feature_id": "bld_0260", "name": "Building 260 (Sirumugai Riverfront)", "feature_type": "building", "category": "building" }, "geometry": { "type": "Polygon", "coordinates": [ [ [ 77.135959215091262, 11.470675667713888 ], [ 77.135959215091262, 11.470925428382493 ], [ 77.135709454422667, 11.470925428382493 ], [ 77.135709454422667, 11.470675667713888 ], [ 77.135959215091262, 11.470675667713888 ] ] ] } },
{ "type": "Feature", "properties": { "feature_id": "bld_0261", "name": "Building 261 (Sirumugai Riverfront)", "feature_type": "building", "category": "building" }, "geometry": { "type": "Polygon", "coordinates": [ [ [ 77.134997924601521, 11.46804324071609 ], [ 77.134997924601521, 11.468238492584339 ], [ 77.134802672733286, 11.468238492584339 ], [ 77.134802672733286, 11.46804324071609 ], [ 77.134997924601521, 11.46804324071609 ] ] ] } },
{ "type": "Feature", "properties": { "feature_id": "bld_0262", "name": "Building 262 (Sirumugai Riverfront)", "feature_type": "building", "category": "building" }, "geometry": { "type": "Polygon", "coordinates": [ [ [ 77.123551559324923, 11.462580374212729 ], [ 77.123551559324923, 11.462867557291316 ], [ 77.123264376246325, 11.462867557291316 ], [ 77.123264376246325, 11.462580374212729 ], [ 77.123551559324923, 11.462580374212729 ] ] ] } },
{ "type": "Feature", "properties": { "feature_id": "bld_0263", "name": "Building 263 (Sirumugai Riverfront)", "feature_type": "building", "category": "building" }, "geometry": { "type": "Polygon", "coordinates": [ [ [ 77.131364269633536, 11.465900430845199 ], [ 77.131364269633536, 11.466125111657711 ], [ 77.131139588821014, 11.466125111657711 ], [ 77.131139588821014, 11.465900430845199 ], [ 77.131364269633536, 11.465900430845199 ] ] ] } },
{ "type": "Feature", "properties": { "feature_id": "bld_0264", "name": "Building 264 (Sirumugai Riverfront)", "feature_type": "building", "category": "building" }, "geometry": { "type": "Polygon", "coordinates": [ [ [ 77.143381386295431, 11.4621792349585 ], [ 77.143381386295431, 11.462421307134983 ], [ 77.14313931411894, 11.462421307134983 ], [ 77.14313931411894, 11.4621792349585 ], [ 77.143381386295431, 11.4621792349585 ] ] ] } },
{ "type": "Feature", "properties": { "feature_id": "bld_0265", "name": "Building 265 (Sirumugai Riverfront)", "feature_type": "building", "category": "building" }, "geometry": { "type": "Polygon", "coordinates": [ [ [ 77.12877559411605, 11.469090545818654 ], [ 77.12877559411605, 11.469253081244387 ], [ 77.128613058690306, 11.469253081244387 ], [ 77.128613058690306, 11.469090545818654 ], [ 77.12877559411605, 11.469090545818654 ] ] ] } },
{ "type": "Feature", "properties": { "feature_id": "bld_0266", "name": "Building 266 (Sirumugai Riverfront)", "feature_type": "building", "category": "building" }, "geometry": { "type": "Polygon", "coordinates": [ [ [ 77.140899648318012, 11.473862214914403 ], [ 77.140899648318012, 11.474101333560105 ], [ 77.140660529672303, 11.474101333560105 ], [ 77.140660529672303, 11.473862214914403 ], [ 77.140899648318012, 11.473862214914403 ] ] ] } },
{ "type": "Feature", "properties": { "feature_id": "bld_0267", "name": "Building 267 (Sirumugai Riverfront)", "feature_type": "building", "category": "building" }, "geometry": { "type": "Polygon", "coordinates": [ [ [ 77.135118983892326, 11.473707984013258 ], [ 77.135118983892326, 11.473966997422062 ], [ 77.134859970483532, 11.473966997422062 ], [ 77.134859970483532, 11.473707984013258 ], [ 77.135118983892326, 11.473707984013258 ] ] ] } },
{ "type": "Feature", "properties": { "feature_id": "bld_0268", "name": "Building 268 (Sirumugai Riverfront)", "feature_type": "building", "category": "building" }, "geometry": { "type": "Polygon", "coordinates": [ [ [ 77.117156258469407, 11.468521855349255 ], [ 77.117156258469407, 11.46876679545575 ], [ 77.116911318362924, 11.46876679545575 ], [ 77.116911318362924, 11.468521855349255 ], [ 77.117156258469407, 11.468521855349255 ] ] ] } },
{ "type": "Feature", "properties": { "feature_id": "bld_0269", "name": "Building 269 (Sirumugai Riverfront)", "feature_type": "building", "category": "building" }, "geometry": { "type": "Polygon", "coordinates": [ [ [ 77.126141717844007, 11.470901257843336 ], [ 77.126141717844007, 11.471192069225404 ], [ 77.125850906461949, 11.471192069225404 ], [ 77.125850906461949, 11.470901257843336 ], [ 77.126141717844007, 11.470901257843336 ] ] ] } },
{ "type": "Feature", "properties": { "feature_id": "bld_0270", "name": "Building 270 (Sirumugai Riverfront)", "feature_type": "building", "category": "building" }, "geometry": { "type": "Polygon", "coordinates": [ [ [ 77.14263168758913, 11.466674663907853 ], [ 77.14263168758913, 11.466850517234271 ], [ 77.142455834262705, 11.466850517234271 ], [ 77.142455834262705, 11.466674663907853 ], [ 77.14263168758913, 11.466674663907853 ] ] ] } },
{ "type": "Feature", "properties": { "feature_id": "bld_0271", "name": "Building 271 (Sirumugai Riverfront)", "feature_type": "building", "category": "building" }, "geometry": { "type": "Polygon", "coordinates": [ [ [ 77.144588485953435, 11.472494744909005 ], [ 77.144588485953435, 11.472672197684373 ], [ 77.144411033178059, 11.472672197684373 ], [ 77.144411033178059, 11.472494744909005 ], [ 77.144588485953435, 11.472494744909005 ] ] ] } },
{ "type": "Feature", "properties": { "feature_id": "bld_0272", "name": "Building 272 (Sirumugai Riverfront)", "feature_type": "building", "category": "building" }, "geometry": { "type": "Polygon", "coordinates": [ [ [ 77.142504100790362, 11.472932126766933 ], [ 77.142504100790362, 11.47316476409493 ], [ 77.142271463462365, 11.47316476409493 ], [ 77.142271463462365, 11.472932126766933 ], [ 77.142504100790362, 11.472932126766933 ] ] ] } },
{ "type": "Feature", "properties": { "feature_id": "bld_0273", "name": "Building 273 (Sirumugai Riverfront)", "feature_type": "building", "category": "building" }, "geometry": { "type": "Polygon", "coordinates": [ [ [ 77.131595922694302, 11.465901207243336 ], [ 77.131595922694302, 11.46606887387277 ], [ 77.131428256064865, 11.46606887387277 ], [ 77.131428256064865, 11.465901207243336 ], [ 77.131595922694302, 11.465901207243336 ] ] ] } },
{ "type": "Feature", "properties": { "feature_id": "bld_0274", "name": "Building 274 (Sirumugai Riverfront)", "feature_type": "building", "category": "building" }, "geometry": { "type": "Polygon", "coordinates": [ [ [ 77.123141833215925, 11.471962477487359 ], [ 77.123141833215925, 11.47212312597058 ], [ 77.122981184732708, 11.47212312597058 ], [ 77.122981184732708, 11.471962477487359 ], [ 77.123141833215925, 11.471962477487359 ] ] ] } },
{ "type": "Feature", "properties": { "feature_id": "bld_0275", "name": "Building 275 (Sirumugai Riverfront)", "feature_type": "building", "category": "building" }, "geometry": { "type": "Polygon", "coordinates": [ [ [ 77.123123090358021, 11.465854912711658 ], [ 77.123123090358021, 11.46609014809607 ], [ 77.122887854973598, 11.46609014809607 ], [ 77.122887854973598, 11.465854912711658 ], [ 77.123123090358021, 11.465854912711658 ] ] ] } },
{ "type": "Feature", "properties": { "feature_id": "bld_0276", "name": "Building 276 (Sirumugai Riverfront)", "feature_type": "building", "category": "building" }, "geometry": { "type": "Polygon", "coordinates": [ [ [ 77.142459522065749, 11.465090903191356 ], [ 77.142459522065749, 11.465299476639622 ], [ 77.142250948617473, 11.465299476639622 ], [ 77.142250948617473, 11.465090903191356 ], [ 77.142459522065749, 11.465090903191356 ] ] ] } },
{ "type": "Feature", "properties": { "feature_id": "bld_0277", "name": "Building 277 (Sirumugai Riverfront)", "feature_type": "building", "category": "building" }, "geometry": { "type": "Polygon", "coordinates": [ [ [ 77.13643326352522, 11.466687546775741 ], [ 77.13643326352522, 11.466878991450955 ], [ 77.13624181885001, 11.466878991450955 ], [ 77.13624181885001, 11.466687546775741 ], [ 77.13643326352522, 11.466687546775741 ] ] ] } },
{ "type": "Feature", "properties": { "feature_id": "bld_0278", "name": "Building 278 (Sirumugai Riverfront)", "feature_type": "building", "category": "building" }, "geometry": { "type": "Polygon", "coordinates": [ [ [ 77.127022851121424, 11.462020508216643 ], [ 77.127022851121424, 11.462205202394752 ], [ 77.126838156943322, 11.462205202394752 ], [ 77.126838156943322, 11.462020508216643 ], [ 77.127022851121424, 11.462020508216643 ] ] ] } },
{ "type": "Feature", "properties": { "feature_id": "bld_0279", "name": "Building 279 (Sirumugai Riverfront)", "feature_type": "building", "category": "building" }, "geometry": { "type": "Polygon", "coordinates": [ [ [ 77.12859017571347, 11.466139842529495 ], [ 77.12859017571347, 11.466427920955644 ], [ 77.128302097287332, 11.466427920955644 ], [ 77.128302097287332, 11.466139842529495 ], [ 77.12859017571347, 11.466139842529495 ] ] ] } },
{ "type": "Feature", "properties": { "feature_id": "bld_0280", "name": "Building 280 (Sirumugai Riverfront)", "feature_type": "building", "category": "building" }, "geometry": { "type": "Polygon", "coordinates": [ [ [ 77.124083257170994, 11.468584566754016 ], [ 77.124083257170994, 11.468833083754324 ], [ 77.123834740170693, 11.468833083754324 ], [ 77.123834740170693, 11.468584566754016 ], [ 77.124083257170994, 11.468584566754016 ] ] ] } },
{ "type": "Feature", "properties": { "feature_id": "bld_0281", "name": "Building 281 (Sirumugai Riverfront)", "feature_type": "building", "category": "building" }, "geometry": { "type": "Polygon", "coordinates": [ [ [ 77.112524579585099, 11.469860598062569 ], [ 77.112524579585099, 11.470045523097932 ], [ 77.112339654549729, 11.470045523097932 ], [ 77.112339654549729, 11.469860598062569 ], [ 77.112524579585099, 11.469860598062569 ] ] ] } },
{ "type": "Feature", "properties": { "feature_id": "bld_0282", "name": "Building 282 (Sirumugai Riverfront)", "feature_type": "building", "category": "building" }, "geometry": { "type": "Polygon", "coordinates": [ [ [ 77.143824344165154, 11.462120917227637 ], [ 77.143824344165154, 11.462338964604957 ], [ 77.143606296787823, 11.462338964604957 ], [ 77.143606296787823, 11.462120917227637 ], [ 77.143824344165154, 11.462120917227637 ] ] ] } },
{ "type": "Feature", "properties": { "feature_id": "bld_0283", "name": "Building 283 (Sirumugai Riverfront)", "feature_type": "building", "category": "building" }, "geometry": { "type": "Polygon", "coordinates": [ [ [ 77.114931692697311, 11.474837960126965 ], [ 77.114931692697311, 11.475068267428412 ], [ 77.114701385395861, 11.475068267428412 ], [ 77.114701385395861, 11.474837960126965 ], [ 77.114931692697311, 11.474837960126965 ] ] ] } },
{ "type": "Feature", "properties": { "feature_id": "bld_0284", "name": "Building 284 (Sirumugai Riverfront)", "feature_type": "building", "category": "building" }, "geometry": { "type": "Polygon", "coordinates": [ [ [ 77.131780202804478, 11.460873649927899 ], [ 77.131780202804478, 11.461138644393754 ], [ 77.131515208338627, 11.461138644393754 ], [ 77.131515208338627, 11.460873649927899 ], [ 77.131780202804478, 11.460873649927899 ] ] ] } },
{ "type": "Feature", "properties": { "feature_id": "bld_0285", "name": "Building 285 (Sirumugai Riverfront)", "feature_type": "building", "category": "building" }, "geometry": { "type": "Polygon", "coordinates": [ [ [ 77.119021244346982, 11.473376454566777 ], [ 77.119021244346982, 11.473565174116443 ], [ 77.118832524797313, 11.473565174116443 ], [ 77.118832524797313, 11.473376454566777 ], [ 77.119021244346982, 11.473376454566777 ] ] ] } },
{ "type": "Feature", "properties": { "feature_id": "bld_0286", "name": "Building 286 (Sirumugai Riverfront)", "feature_type": "building", "category": "building" }, "geometry": { "type": "Polygon", "coordinates": [ [ [ 77.118405739468059, 11.460435200331565 ], [ 77.118405739468059, 11.46066128970388 ], [ 77.11817965009574, 11.46066128970388 ], [ 77.11817965009574, 11.460435200331565 ], [ 77.118405739468059, 11.460435200331565 ] ] ] } },
{ "type": "Feature", "properties": { "feature_id": "bld_0287", "name": "Building 287 (Sirumugai Riverfront)", "feature_type": "building", "category": "building" }, "geometry": { "type": "Polygon", "coordinates": [ [ [ 77.130774044330835, 11.460851342658257 ], [ 77.130774044330835, 11.461119916524593 ], [ 77.130505470464485, 11.461119916524593 ], [ 77.130505470464485, 11.460851342658257 ], [ 77.130774044330835, 11.460851342658257 ] ] ] } },
{ "type": "Feature", "properties": { "feature_id": "bld_0288", "name": "Building 288 (Sirumugai Riverfront)", "feature_type": "building", "category": "building" }, "geometry": { "type": "Polygon", "coordinates": [ [ [ 77.127069384938963, 11.467755000647628 ], [ 77.127069384938963, 11.4679767074322 ], [ 77.126847678154391, 11.4679767074322 ], [ 77.126847678154391, 11.467755000647628 ], [ 77.127069384938963, 11.467755000647628 ] ] ] } },
{ "type": "Feature", "properties": { "feature_id": "bld_0289", "name": "Building 289 (Sirumugai Riverfront)", "feature_type": "building", "category": "building" }, "geometry": { "type": "Polygon", "coordinates": [ [ [ 77.125316047826104, 11.468303738152407 ], [ 77.125316047826104, 11.468485471786838 ], [ 77.125134314191669, 11.468485471786838 ], [ 77.125134314191669, 11.468303738152407 ], [ 77.125316047826104, 11.468303738152407 ] ] ] } },
{ "type": "Feature", "properties": { "feature_id": "bld_0290", "name": "Building 290 (Sirumugai Riverfront)", "feature_type": "building", "category": "building" }, "geometry": { "type": "Polygon", "coordinates": [ [ [ 77.118149856388683, 11.472780556232854 ], [ 77.118149856388683, 11.473073012397551 ], [ 77.117857400223997, 11.473073012397551 ], [ 77.117857400223997, 11.472780556232854 ], [ 77.118149856388683, 11.472780556232854 ] ] ] } },
{ "type": "Feature", "properties": { "feature_id": "bld_0291", "name": "Building 291 (Sirumugai Riverfront)", "feature_type": "building", "category": "building" }, "geometry": { "type": "Polygon", "coordinates": [ [ [ 77.124444287405254, 11.463936090129126 ], [ 77.124444287405254, 11.464186250065181 ], [ 77.124194127469195, 11.464186250065181 ], [ 77.124194127469195, 11.463936090129126 ], [ 77.124444287405254, 11.463936090129126 ] ] ] } },
{ "type": "Feature", "properties": { "feature_id": "bld_0292", "name": "Building 292 (Sirumugai Riverfront)", "feature_type": "building", "category": "building" }, "geometry": { "type": "Polygon", "coordinates": [ [ [ 77.125579158328051, 11.46028986465309 ], [ 77.125579158328051, 11.460471726016722 ], [ 77.125397296964408, 11.460471726016722 ], [ 77.125397296964408, 11.46028986465309 ], [ 77.125579158328051, 11.46028986465309 ] ] ] } },
{ "type": "Feature", "properties": { "feature_id": "bld_0293", "name": "Building 293 (Sirumugai Riverfront)", "feature_type": "building", "category": "building" }, "geometry": { "type": "Polygon", "coordinates": [ [ [ 77.135708980271446, 11.469801962409177 ], [ 77.135708980271446, 11.469965755848127 ], [ 77.135545186832488, 11.469965755848127 ], [ 77.135545186832488, 11.469801962409177 ], [ 77.135708980271446, 11.469801962409177 ] ] ] } },
{ "type": "Feature", "properties": { "feature_id": "bld_0294", "name": "Building 294 (Sirumugai Riverfront)", "feature_type": "building", "category": "building" }, "geometry": { "type": "Polygon", "coordinates": [ [ [ 77.119452113835834, 11.463339089456769 ], [ 77.119452113835834, 11.463593154440874 ], [ 77.119198048851743, 11.463593154440874 ], [ 77.119198048851743, 11.463339089456769 ], [ 77.119452113835834, 11.463339089456769 ] ] ] } },
{ "type": "Feature", "properties": { "feature_id": "bld_0295", "name": "Building 295 (Sirumugai Riverfront)", "feature_type": "building", "category": "building" }, "geometry": { "type": "Polygon", "coordinates": [ [ [ 77.112786441871862, 11.461425634603794 ], [ 77.112786441871862, 11.461697622855747 ], [ 77.112514453619923, 11.461697622855747 ], [ 77.112514453619923, 11.461425634603794 ], [ 77.112786441871862, 11.461425634603794 ] ] ] } },
{ "type": "Feature", "properties": { "feature_id": "bld_0296", "name": "Building 296 (Sirumugai Riverfront)", "feature_type": "building", "category": "building" }, "geometry": { "type": "Polygon", "coordinates": [ [ [ 77.117988646642459, 11.469694518823106 ], [ 77.117988646642459, 11.469887864412451 ], [ 77.117795301053121, 11.469887864412451 ], [ 77.117795301053121, 11.469694518823106 ], [ 77.117988646642459, 11.469694518823106 ] ] ] } },
{ "type": "Feature", "properties": { "feature_id": "bld_0297", "name": "Building 297 (Sirumugai Riverfront)", "feature_type": "building", "category": "building" }, "geometry": { "type": "Polygon", "coordinates": [ [ [ 77.115412124646284, 11.463517024179762 ], [ 77.115412124646284, 11.463778141550222 ], [ 77.115151007275827, 11.463778141550222 ], [ 77.115151007275827, 11.463517024179762 ], [ 77.115412124646284, 11.463517024179762 ] ] ] } },
{ "type": "Feature", "properties": { "feature_id": "bld_0298", "name": "Building 298 (Sirumugai Riverfront)", "feature_type": "building", "category": "building" }, "geometry": { "type": "Polygon", "coordinates": [ [ [ 77.140345786294574, 11.472345495121431 ], [ 77.140345786294574, 11.472561100815579 ], [ 77.140130180600437, 11.472561100815579 ], [ 77.140130180600437, 11.472345495121431 ], [ 77.140345786294574, 11.472345495121431 ] ] ] } },
{ "type": "Feature", "properties": { "feature_id": "bld_0299", "name": "Building 299 (Sirumugai Riverfront)", "feature_type": "building", "category": "building" }, "geometry": { "type": "Polygon", "coordinates": [ [ [ 77.134147329847949, 11.46297424409012 ], [ 77.134147329847949, 11.463175284772355 ], [ 77.133946289165706, 11.463175284772355 ], [ 77.133946289165706, 11.46297424409012 ], [ 77.134147329847949, 11.46297424409012 ] ] ] } },
{ "type": "Feature", "properties": { "feature_id": "bld_0300", "name": "Building 300 (Sirumugai Riverfront)", "feature_type": "building", "category": "building" }, "geometry": { "type": "Polygon", "coordinates": [ [ [ 77.141665067608358, 11.460109043255502 ], [ 77.141665067608358, 11.460281014449821 ], [ 77.141493096414024, 11.460281014449821 ], [ 77.141493096414024, 11.460109043255502 ], [ 77.141665067608358, 11.460109043255502 ] ] ] } },
{ "type": "Feature", "properties": { "feature_id": "bld_0301", "name": "Building 301 (Sirumugai Riverfront)", "feature_type": "building", "category": "building" }, "geometry": { "type": "Polygon", "coordinates": [ [ [ 77.118952946900265, 11.460305282577652 ], [ 77.118952946900265, 11.460490683538564 ], [ 77.118767545939363, 11.460490683538564 ], [ 77.118767545939363, 11.460305282577652 ], [ 77.118952946900265, 11.460305282577652 ] ] ] } },
{ "type": "Feature", "properties": { "feature_id": "bld_0302", "name": "Building 302 (Sirumugai Riverfront)", "feature_type": "building", "category": "building" }, "geometry": { "type": "Polygon", "coordinates": [ [ [ 77.131382858531765, 11.466178881239111 ], [ 77.131382858531765, 11.466463855278663 ], [ 77.13109788449222, 11.466463855278663 ], [ 77.13109788449222, 11.466178881239111 ], [ 77.131382858531765, 11.466178881239111 ] ] ] } },
{ "type": "Feature", "properties": { "feature_id": "bld_0303", "name": "Building 303 (Sirumugai Riverfront)", "feature_type": "building", "category": "building" }, "geometry": { "type": "Polygon", "coordinates": [ [ [ 77.139073797177716, 11.46502910063513 ], [ 77.139073797177716, 11.465225419915809 ], [ 77.138877477897026, 11.465225419915809 ], [ 77.138877477897026, 11.46502910063513 ], [ 77.139073797177716, 11.46502910063513 ] ] ] } },
{ "type": "Feature", "properties": { "feature_id": "bld_0304", "name": "Building 304 (Sirumugai Riverfront)", "feature_type": "building", "category": "building" }, "geometry": { "type": "Polygon", "coordinates": [ [ [ 77.124628613924372, 11.468755659682865 ], [ 77.124628613924372, 11.468953188592581 ], [ 77.124431085014649, 11.468953188592581 ], [ 77.124431085014649, 11.468755659682865 ], [ 77.124628613924372, 11.468755659682865 ] ] ] } },
{ "type": "Feature", "properties": { "feature_id": "bld_0305", "name": "Building 305 (Sirumugai Riverfront)", "feature_type": "building", "category": "building" }, "geometry": { "type": "Polygon", "coordinates": [ [ [ 77.132715557261676, 11.46602253148021 ], [ 77.132715557261676, 11.466259818085529 ], [ 77.132478270656364, 11.466259818085529 ], [ 77.132478270656364, 11.46602253148021 ], [ 77.132715557261676, 11.46602253148021 ] ] ] } },
{ "type": "Feature", "properties": { "feature_id": "bld_0306", "name": "Building 306 (Sirumugai Riverfront)", "feature_type": "building", "category": "building" }, "geometry": { "type": "Polygon", "coordinates": [ [ [ 77.126538567192952, 11.464270594661642 ], [ 77.126538567192952, 11.464563378124616 ], [ 77.126245783729971, 11.464563378124616 ], [ 77.126245783729971, 11.464270594661642 ], [ 77.126538567192952, 11.464270594661642 ] ] ] } },
{ "type": "Feature", "properties": { "feature_id": "bld_0307", "name": "Building 307 (Sirumugai Riverfront)", "feature_type": "building", "category": "building" }, "geometry": { "type": "Polygon", "coordinates": [ [ [ 77.137339783965587, 11.461960904878184 ], [ 77.137339783965587, 11.462242490394809 ], [ 77.137058198448955, 11.462242490394809 ], [ 77.137058198448955, 11.461960904878184 ], [ 77.137339783965587, 11.461960904878184 ] ] ] } },
{ "type": "Feature", "properties": { "feature_id": "bld_0308", "name": "Building 308 (Sirumugai Riverfront)", "feature_type": "building", "category": "building" }, "geometry": { "type": "Polygon", "coordinates": [ [ [ 77.12822121941015, 11.473282293535496 ], [ 77.12822121941015, 11.473554273271327 ], [ 77.127949239674322, 11.473554273271327 ], [ 77.127949239674322, 11.473282293535496 ], [ 77.12822121941015, 11.473282293535496 ] ] ] } },
{ "type": "Feature", "properties": { "feature_id": "bld_0309", "name": "Building 309 (Sirumugai Riverfront)", "feature_type": "building", "category": "building" }, "geometry": { "type": "Polygon", "coordinates": [ [ [ 77.126130853062634, 11.460238232209646 ], [ 77.126130853062634, 11.460435847039959 ], [ 77.125933238232321, 11.460435847039959 ], [ 77.125933238232321, 11.460238232209646 ], [ 77.126130853062634, 11.460238232209646 ] ] ] } },
{ "type": "Feature", "properties": { "feature_id": "bld_0310", "name": "Building 310 (Sirumugai Riverfront)", "feature_type": "building", "category": "building" }, "geometry": { "type": "Polygon", "coordinates": [ [ [ 77.129971981221786, 11.469404121159412 ], [ 77.129971981221786, 11.469600225435373 ], [ 77.129775876945814, 11.469600225435373 ], [ 77.129775876945814, 11.469404121159412 ], [ 77.129971981221786, 11.469404121159412 ] ] ] } },
{ "type": "Feature", "properties": { "feature_id": "bld_0311", "name": "Building 311 (Sirumugai Riverfront)", "feature_type": "building", "category": "building" }, "geometry": { "type": "Polygon", "coordinates": [ [ [ 77.116747658597049, 11.472375045399341 ], [ 77.116747658597049, 11.472672861704639 ], [ 77.116449842291743, 11.472672861704639 ], [ 77.116449842291743, 11.472375045399341 ], [ 77.116747658597049, 11.472375045399341 ] ] ] } },
{ "type": "Feature", "properties": { "feature_id": "bld_0312", "name": "Building 312 (Sirumugai Riverfront)", "feature_type": "building", "category": "building" }, "geometry": { "type": "Polygon", "coordinates": [ [ [ 77.129446837528846, 11.462476127774869 ], [ 77.129446837528846, 11.46267425080058 ], [ 77.129248714503134, 11.46267425080058 ], [ 77.129248714503134, 11.462476127774869 ], [ 77.129446837528846, 11.462476127774869 ] ] ] } },
{ "type": "Feature", "properties": { "feature_id": "bld_0313", "name": "Building 313 (Sirumugai Riverfront)", "feature_type": "building", "category": "building" }, "geometry": { "type": "Polygon", "coordinates": [ [ [ 77.112695134901855, 11.473626239522604 ], [ 77.112695134901855, 11.47380272467421 ], [ 77.112518649750257, 11.47380272467421 ], [ 77.112518649750257, 11.473626239522604 ], [ 77.112695134901855, 11.473626239522604 ] ] ] } },
{ "type": "Feature", "properties": { "feature_id": "bld_0314", "name": "Building 314 (Sirumugai Riverfront)", "feature_type": "building", "category": "building" }, "geometry": { "type": "Polygon", "coordinates": [ [ [ 77.131143836152134, 11.463992035850133 ], [ 77.131143836152134, 11.464229620770485 ], [ 77.130906251231792, 11.464229620770485 ], [ 77.130906251231792, 11.463992035850133 ], [ 77.131143836152134, 11.463992035850133 ] ] ] } },
{ "type": "Feature", "properties": { "feature_id": "bld_0315", "name": "Building 315 (Sirumugai Riverfront)", "feature_type": "building", "category": "building" }, "geometry": { "type": "Polygon", "coordinates": [ [ [ 77.133591322304639, 11.472351677566586 ], [ 77.133591322304639, 11.472540576544631 ], [ 77.133402423326586, 11.472540576544631 ], [ 77.133402423326586, 11.472351677566586 ], [ 77.133591322304639, 11.472351677566586 ] ] ] } },
{ "type": "Feature", "properties": { "feature_id": "bld_0316", "name": "Building 316 (Sirumugai Riverfront)", "feature_type": "building", "category": "building" }, "geometry": { "type": "Polygon", "coordinates": [ [ [ 77.112505863650654, 11.461910283146103 ], [ 77.112505863650654, 11.462196285755962 ], [ 77.112219861040785, 11.462196285755962 ], [ 77.112219861040785, 11.461910283146103 ], [ 77.112505863650654, 11.461910283146103 ] ] ] } },
{ "type": "Feature", "properties": { "feature_id": "bld_0317", "name": "Building 317 (Sirumugai Riverfront)", "feature_type": "building", "category": "building" }, "geometry": { "type": "Polygon", "coordinates": [ [ [ 77.140960408739787, 11.468839160352324 ], [ 77.140960408739787, 11.469083232712784 ], [ 77.140716336379327, 11.469083232712784 ], [ 77.140716336379327, 11.468839160352324 ], [ 77.140960408739787, 11.468839160352324 ] ] ] } },
{ "type": "Feature", "properties": { "feature_id": "bld_0318", "name": "Building 318 (Sirumugai Riverfront)", "feature_type": "building", "category": "building" }, "geometry": { "type": "Polygon", "coordinates": [ [ [ 77.134090219096237, 11.462486560343137 ], [ 77.134090219096237, 11.462774578015566 ], [ 77.133802201423805, 11.462774578015566 ], [ 77.133802201423805, 11.462486560343137 ], [ 77.134090219096237, 11.462486560343137 ] ] ] } },
{ "type": "Feature", "properties": { "feature_id": "bld_0319", "name": "Building 319 (Sirumugai Riverfront)", "feature_type": "building", "category": "building" }, "geometry": { "type": "Polygon", "coordinates": [ [ [ 77.125935751560803, 11.465630753684373 ], [ 77.125935751560803, 11.465863402163112 ], [ 77.12570310308206, 11.465863402163112 ], [ 77.12570310308206, 11.465630753684373 ], [ 77.125935751560803, 11.465630753684373 ] ] ] } },
{ "type": "Feature", "properties": { "feature_id": "bld_0320", "name": "Building 320 (Sirumugai Riverfront)", "feature_type": "building", "category": "building" }, "geometry": { "type": "Polygon", "coordinates": [ [ [ 77.113681539256731, 11.462362588178191 ], [ 77.113681539256731, 11.462625912884491 ], [ 77.113418214550421, 11.462625912884491 ], [ 77.113418214550421, 11.462362588178191 ], [ 77.113681539256731, 11.462362588178191 ] ] ] } },
{ "type": "Feature", "properties": { "feature_id": "bld_0321", "name": "Building 321 (Sirumugai Riverfront)", "feature_type": "building", "category": "building" }, "geometry": { "type": "Polygon", "coordinates": [ [ [ 77.114829530479213, 11.46895010720432 ], [ 77.114829530479213, 11.469144456079674 ], [ 77.114635181603845, 11.469144456079674 ], [ 77.114635181603845, 11.46895010720432 ], [ 77.114829530479213, 11.46895010720432 ] ] ] } },
{ "type": "Feature", "properties": { "feature_id": "bld_0322", "name": "Building 322 (Sirumugai Riverfront)", "feature_type": "building", "category": "building" }, "geometry": { "type": "Polygon", "coordinates": [ [ [ 77.124951652353531, 11.464225508961409 ], [ 77.124951652353531, 11.464435303141713 ], [ 77.124741858173223, 11.464435303141713 ], [ 77.124741858173223, 11.464225508961409 ], [ 77.124951652353531, 11.464225508961409 ] ] ] } },
{ "type": "Feature", "properties": { "feature_id": "bld_0323", "name": "Building 323 (Sirumugai Riverfront)", "feature_type": "building", "category": "building" }, "geometry": { "type": "Polygon", "coordinates": [ [ [ 77.135848163195902, 11.464337177409528 ], [ 77.135848163195902, 11.46457647405917 ], [ 77.135608866546249, 11.46457647405917 ], [ 77.135608866546249, 11.464337177409528 ], [ 77.135848163195902, 11.464337177409528 ] ] ] } },
{ "type": "Feature", "properties": { "feature_id": "bld_0324", "name": "Building 324 (Sirumugai Riverfront)", "feature_type": "building", "category": "building" }, "geometry": { "type": "Polygon", "coordinates": [ [ [ 77.127855241354325, 11.469809489398687 ], [ 77.127855241354325, 11.470100645562193 ], [ 77.127564085190812, 11.470100645562193 ], [ 77.127564085190812, 11.469809489398687 ], [ 77.127855241354325, 11.469809489398687 ] ] ] } },
{ "type": "Feature", "properties": { "feature_id": "bld_0325", "name": "Building 325 (Sirumugai Riverfront)", "feature_type": "building", "category": "building" }, "geometry": { "type": "Polygon", "coordinates": [ [ [ 77.136257062027383, 11.463141922859407 ], [ 77.136257062027383, 11.463306288498316 ], [ 77.136092696388474, 11.463306288498316 ], [ 77.136092696388474, 11.463141922859407 ], [ 77.136257062027383, 11.463141922859407 ] ] ] } },
{ "type": "Feature", "properties": { "feature_id": "bld_0326", "name": "Building 326 (Sirumugai Riverfront)", "feature_type": "building", "category": "building" }, "geometry": { "type": "Polygon", "coordinates": [ [ [ 77.120738313268831, 11.46884256915356 ], [ 77.120738313268831, 11.469009768767448 ], [ 77.120571113654947, 11.469009768767448 ], [ 77.120571113654947, 11.46884256915356 ], [ 77.120738313268831, 11.46884256915356 ] ] ] } },
{ "type": "Feature", "properties": { "feature_id": "bld_0327", "name": "Building 327 (Sirumugai Riverfront)", "feature_type": "building", "category": "building" }, "geometry": { "type": "Polygon", "coordinates": [ [ [ 77.128483483229985, 11.468849245661398 ], [ 77.128483483229985, 11.469056039806111 ], [ 77.128276689085283, 11.469056039806111 ], [ 77.128276689085283, 11.468849245661398 ], [ 77.128483483229985, 11.468849245661398 ] ] ] } },
{ "type": "Feature", "properties": { "feature_id": "bld_0328", "name": "Building 328 (Sirumugai Riverfront)", "feature_type": "building", "category": "building" }, "geometry": { "type": "Polygon", "coordinates": [ [ [ 77.137525362368322, 11.461513714152286 ], [ 77.137525362368322, 11.46168423344173 ], [ 77.137354843078882, 11.46168423344173 ], [ 77.137354843078882, 11.461513714152286 ], [ 77.137525362368322, 11.461513714152286 ] ] ] } },
{ "type": "Feature", "properties": { "feature_id": "bld_0329", "name": "Building 329 (Sirumugai Riverfront)", "feature_type": "building", "category": "building" }, "geometry": { "type": "Polygon", "coordinates": [ [ [ 77.136158417122459, 11.467304181575344 ], [ 77.136158417122459, 11.467560557910843 ], [ 77.135902040786959, 11.467560557910843 ], [ 77.135902040786959, 11.467304181575344 ], [ 77.136158417122459, 11.467304181575344 ] ] ] } },
{ "type": "Feature", "properties": { "feature_id": "bld_0330", "name": "Building 330 (Sirumugai Riverfront)", "feature_type": "building", "category": "building" }, "geometry": { "type": "Polygon", "coordinates": [ [ [ 77.126486639336164, 11.463558693336351 ], [ 77.126486639336164, 11.463833367660824 ], [ 77.126211965011677, 11.463833367660824 ], [ 77.126211965011677, 11.463558693336351 ], [ 77.126486639336164, 11.463558693336351 ] ] ] } },
{ "type": "Feature", "properties": { "feature_id": "bld_0331", "name": "Building 331 (Sirumugai Riverfront)", "feature_type": "building", "category": "building" }, "geometry": { "type": "Polygon", "coordinates": [ [ [ 77.138479774165575, 11.470321396903209 ], [ 77.138479774165575, 11.470519497222423 ], [ 77.138281673846365, 11.470519497222423 ], [ 77.138281673846365, 11.470321396903209 ], [ 77.138479774165575, 11.470321396903209 ] ] ] } },
{ "type": "Feature", "properties": { "feature_id": "bld_0332", "name": "Building 332 (Sirumugai Riverfront)", "feature_type": "building", "category": "building" }, "geometry": { "type": "Polygon", "coordinates": [ [ [ 77.131564022751803, 11.465328197708967 ], [ 77.131564022751803, 11.465501019199234 ], [ 77.13139120126155, 11.465501019199234 ], [ 77.13139120126155, 11.465328197708967 ], [ 77.131564022751803, 11.465328197708967 ] ] ] } },
{ "type": "Feature", "properties": { "feature_id": "bld_0333", "name": "Building 333 (Sirumugai Riverfront)", "feature_type": "building", "category": "building" }, "geometry": { "type": "Polygon", "coordinates": [ [ [ 77.142417864605008, 11.461905762849018 ], [ 77.142417864605008, 11.462198796078553 ], [ 77.142124831375483, 11.462198796078553 ], [ 77.142124831375483, 11.461905762849018 ], [ 77.142417864605008, 11.461905762849018 ] ] ] } },
{ "type": "Feature", "properties": { "feature_id": "bld_0334", "name": "Building 334 (Sirumugai Riverfront)", "feature_type": "building", "category": "building" }, "geometry": { "type": "Polygon", "coordinates": [ [ [ 77.126836123573923, 11.462659060866264 ], [ 77.126836123573923, 11.462894926998898 ], [ 77.126600257441282, 11.462894926998898 ], [ 77.126600257441282, 11.462659060866264 ], [ 77.126836123573923, 11.462659060866264 ] ] ] } },
{ "type": "Feature", "properties": { "feature_id": "bld_0335", "name": "Building 335 (Sirumugai Riverfront)", "feature_type": "building", "category": "building" }, "geometry": { "type": "Polygon", "coordinates": [ [ [ 77.140943671864278, 11.470846914015793 ], [ 77.140943671864278, 11.471119832576493 ], [ 77.140670753303567, 11.471119832576493 ], [ 77.140670753303567, 11.470846914015793 ], [ 77.140943671864278, 11.470846914015793 ] ] ] } },
{ "type": "Feature", "properties": { "feature_id": "bld_0336", "name": "Building 336 (Sirumugai Riverfront)", "feature_type": "building", "category": "building" }, "geometry": { "type": "Polygon", "coordinates": [ [ [ 77.133879294797069, 11.470244704772158 ], [ 77.133879294797069, 11.470523592163376 ], [ 77.133600407405837, 11.470523592163376 ], [ 77.133600407405837, 11.470244704772158 ], [ 77.133879294797069, 11.470244704772158 ] ] ] } },
{ "type": "Feature", "properties": { "feature_id": "bld_0337", "name": "Building 337 (Sirumugai Riverfront)", "feature_type": "building", "category": "building" }, "geometry": { "type": "Polygon", "coordinates": [ [ [ 77.120334528953279, 11.46724588979372 ], [ 77.120334528953279, 11.467436859115576 ], [ 77.120143559631416, 11.467436859115576 ], [ 77.120143559631416, 11.46724588979372 ], [ 77.120334528953279, 11.46724588979372 ] ] ] } },
{ "type": "Feature", "properties": { "feature_id": "bld_0338", "name": "Building 338 (Sirumugai Riverfront)", "feature_type": "building", "category": "building" }, "geometry": { "type": "Polygon", "coordinates": [ [ [ 77.144675804140675, 11.474078130218503 ], [ 77.144675804140675, 11.474243649972093 ], [ 77.144510284387096, 11.474243649972093 ], [ 77.144510284387096, 11.474078130218503 ], [ 77.144675804140675, 11.474078130218503 ] ] ] } },
{ "type": "Feature", "properties": { "feature_id": "bld_0339", "name": "Building 339 (Sirumugai Riverfront)", "feature_type": "building", "category": "building" }, "geometry": { "type": "Polygon", "coordinates": [ [ [ 77.135376620967179, 11.473786084487076 ], [ 77.135376620967179, 11.473971365035394 ], [ 77.135191340418856, 11.473971365035394 ], [ 77.135191340418856, 11.473786084487076 ], [ 77.135376620967179, 11.473786084487076 ] ] ] } },
{ "type": "Feature", "properties": { "feature_id": "bld_0340", "name": "Building 340 (Sirumugai Riverfront)", "feature_type": "building", "category": "building" }, "geometry": { "type": "Polygon", "coordinates": [ [ [ 77.130824568826739, 11.47364994824532 ], [ 77.130824568826739, 11.473814700682322 ], [ 77.130659816389738, 11.473814700682322 ], [ 77.130659816389738, 11.47364994824532 ], [ 77.130824568826739, 11.47364994824532 ] ] ] } },
{ "type": "Feature", "properties": { "feature_id": "bld_0341", "name": "Building 341 (Sirumugai Riverfront)", "feature_type": "building", "category": "building" }, "geometry": { "type": "Polygon", "coordinates": [ [ [ 77.135159576552823, 11.464315527376913 ], [ 77.135159576552823, 11.464604942844266 ], [ 77.134870161085459, 11.464604942844266 ], [ 77.134870161085459, 11.464315527376913 ], [ 77.135159576552823, 11.464315527376913 ] ] ] } },
{ "type": "Feature", "properties": { "feature_id": "bld_0342", "name": "Building 342 (Sirumugai Riverfront)", "feature_type": "building", "category": "building" }, "geometry": { "type": "Polygon", "coordinates": [ [ [ 77.144158117085624, 11.474050802341536 ], [ 77.144158117085624, 11.474277192331867 ], [ 77.143931727095293, 11.474277192331867 ], [ 77.143931727095293, 11.474050802341536 ], [ 77.144158117085624, 11.474050802341536 ] ] ] } },
{ "type": "Feature", "properties": { "feature_id": "bld_0343", "name": "Building 343 (Sirumugai Riverfront)", "feature_type": "building", "category": "building" }, "geometry": { "type": "Polygon", "coordinates": [ [ [ 77.140549744515766, 11.472565903944899 ], [ 77.140549744515766, 11.472770578011152 ], [ 77.140345070449513, 11.472770578011152 ], [ 77.140345070449513, 11.472565903944899 ], [ 77.140549744515766, 11.472565903944899 ] ] ] } },
{ "type": "Feature", "properties": { "feature_id": "bld_0344", "name": "Building 344 (Sirumugai Riverfront)", "feature_type": "building", "category": "building" }, "geometry": { "type": "Polygon", "coordinates": [ [ [ 77.139475949538465, 11.46043337562924 ], [ 77.139475949538465, 11.460676853412227 ], [ 77.139232471755477, 11.460676853412227 ], [ 77.139232471755477, 11.46043337562924 ], [ 77.139475949538465, 11.46043337562924 ] ] ] } },
{ "type": "Feature", "properties": { "feature_id": "bld_0345", "name": "Building 345 (Sirumugai Riverfront)", "feature_type": "building", "category": "building" }, "geometry": { "type": "Polygon", "coordinates": [ [ [ 77.119675678354596, 11.461723116562545 ], [ 77.119675678354596, 11.461893890010774 ], [ 77.119504904906378, 11.461893890010774 ], [ 77.119504904906378, 11.461723116562545 ], [ 77.119675678354596, 11.461723116562545 ] ] ] } },
{ "type": "Feature", "properties": { "feature_id": "bld_0346", "name": "Building 346 (Sirumugai Riverfront)", "feature_type": "building", "category": "building" }, "geometry": { "type": "Polygon", "coordinates": [ [ [ 77.135108263277985, 11.464967390782514 ], [ 77.135108263277985, 11.465228858130528 ], [ 77.13484679592996, 11.465228858130528 ], [ 77.13484679592996, 11.464967390782514 ], [ 77.135108263277985, 11.464967390782514 ] ] ] } },
{ "type": "Feature", "properties": { "feature_id": "bld_0347", "name": "Building 347 (Sirumugai Riverfront)", "feature_type": "building", "category": "building" }, "geometry": { "type": "Polygon", "coordinates": [ [ [ 77.114274523636823, 11.464611590676993 ], [ 77.114274523636823, 11.464847119457927 ], [ 77.114038994855889, 11.464847119457927 ], [ 77.114038994855889, 11.464611590676993 ], [ 77.114274523636823, 11.464611590676993 ] ] ] } },
{ "type": "Feature", "properties": { "feature_id": "bld_0348", "name": "Building 348 (Sirumugai Riverfront)", "feature_type": "building", "category": "building" }, "geometry": { "type": "Polygon", "coordinates": [ [ [ 77.138217676836035, 11.46465747514763 ], [ 77.138217676836035, 11.464905099940333 ], [ 77.137970052043329, 11.464905099940333 ], [ 77.137970052043329, 11.46465747514763 ], [ 77.138217676836035, 11.46465747514763 ] ] ] } },
{ "type": "Feature", "properties": { "feature_id": "bld_0349", "name": "Building 349 (Sirumugai Riverfront)", "feature_type": "building", "category": "building" }, "geometry": { "type": "Polygon", "coordinates": [ [ [ 77.141333572855018, 11.469141640659503 ], [ 77.141333572855018, 11.469334254985968 ], [ 77.141140958528553, 11.469334254985968 ], [ 77.141140958528553, 11.469141640659503 ], [ 77.141333572855018, 11.469141640659503 ] ] ] } },
{ "type": "Feature", "properties": { "feature_id": "bld_0350", "name": "Building 350 (Sirumugai Riverfront)", "feature_type": "building", "category": "building" }, "geometry": { "type": "Polygon", "coordinates": [ [ [ 77.112886714650116, 11.472969994249754 ], [ 77.112886714650116, 11.473132971967273 ], [ 77.112723736932608, 11.473132971967273 ], [ 77.112723736932608, 11.472969994249754 ], [ 77.112886714650116, 11.472969994249754 ] ] ] } },
{ "type": "Feature", "properties": { "feature_id": "bld_0351", "name": "Building 351 (Alakkombai Plains)", "feature_type": "building", "category": "building" }, "geometry": { "type": "Polygon", "coordinates": [ [ [ 77.164507310009682, 11.455433007941648 ], [ 77.164507310009682, 11.455724477419439 ], [ 77.164215840531895, 11.455724477419439 ], [ 77.164215840531895, 11.455433007941648 ], [ 77.164507310009682, 11.455433007941648 ] ] ] } },
{ "type": "Feature", "properties": { "feature_id": "bld_0352", "name": "Building 352 (Alakkombai Plains)", "feature_type": "building", "category": "building" }, "geometry": { "type": "Polygon", "coordinates": [ [ [ 77.161049795436895, 11.464854132383584 ], [ 77.161049795436895, 11.465063232037748 ], [ 77.160840695782724, 11.465063232037748 ], [ 77.160840695782724, 11.464854132383584 ], [ 77.161049795436895, 11.464854132383584 ] ] ] } },
{ "type": "Feature", "properties": { "feature_id": "bld_0353", "name": "Building 353 (Alakkombai Plains)", "feature_type": "building", "category": "building" }, "geometry": { "type": "Polygon", "coordinates": [ [ [ 77.159637064295325, 11.452925026978763 ], [ 77.159637064295325, 11.453152209565607 ], [ 77.15940988170847, 11.453152209565607 ], [ 77.15940988170847, 11.452925026978763 ], [ 77.159637064295325, 11.452925026978763 ] ] ] } },
{ "type": "Feature", "properties": { "feature_id": "bld_0354", "name": "Building 354 (Alakkombai Plains)", "feature_type": "building", "category": "building" }, "geometry": { "type": "Polygon", "coordinates": [ [ [ 77.153386631687681, 11.462324656440883 ], [ 77.153386631687681, 11.46262242812657 ], [ 77.153088860001986, 11.46262242812657 ], [ 77.153088860001986, 11.462324656440883 ], [ 77.153386631687681, 11.462324656440883 ] ] ] } },
{ "type": "Feature", "properties": { "feature_id": "bld_0355", "name": "Building 355 (Alakkombai Plains)", "feature_type": "building", "category": "building" }, "geometry": { "type": "Polygon", "coordinates": [ [ [ 77.159681798614059, 11.453245840653187 ], [ 77.159681798614059, 11.453464830633505 ], [ 77.159462808633748, 11.453464830633505 ], [ 77.159462808633748, 11.453245840653187 ], [ 77.159681798614059, 11.453245840653187 ] ] ] } },
{ "type": "Feature", "properties": { "feature_id": "bld_0356", "name": "Building 356 (Alakkombai Plains)", "feature_type": "building", "category": "building" }, "geometry": { "type": "Polygon", "coordinates": [ [ [ 77.15827893675943, 11.449687809727447 ], [ 77.15827893675943, 11.449863276103287 ], [ 77.15810347038358, 11.449863276103287 ], [ 77.15810347038358, 11.449687809727447 ], [ 77.15827893675943, 11.449687809727447 ] ] ] } },
{ "type": "Feature", "properties": { "feature_id": "bld_0357", "name": "Building 357 (Alakkombai Plains)", "feature_type": "building", "category": "building" }, "geometry": { "type": "Polygon", "coordinates": [ [ [ 77.141058738662267, 11.450644038264651 ], [ 77.141058738662267, 11.450845521401513 ], [ 77.140857255525404, 11.450845521401513 ], [ 77.140857255525404, 11.450644038264651 ], [ 77.141058738662267, 11.450644038264651 ] ] ] } },
{ "type": "Feature", "properties": { "feature_id": "bld_0358", "name": "Building 358 (Alakkombai Plains)", "feature_type": "building", "category": "building" }, "geometry": { "type": "Polygon", "coordinates": [ [ [ 77.13559359997268, 11.445760612617297 ], [ 77.13559359997268, 11.445923114968158 ], [ 77.135431097621819, 11.445923114968158 ], [ 77.135431097621819, 11.445760612617297 ], [ 77.13559359997268, 11.445760612617297 ] ] ] } },
{ "type": "Feature", "properties": { "feature_id": "bld_0359", "name": "Building 359 (Alakkombai Plains)", "feature_type": "building", "category": "building" }, "geometry": { "type": "Polygon", "coordinates": [ [ [ 77.169554410403421, 11.453448559809416 ], [ 77.169554410403421, 11.453662365540019 ], [ 77.169340604672826, 11.453662365540019 ], [ 77.169340604672826, 11.453448559809416 ], [ 77.169554410403421, 11.453448559809416 ] ] ] } },
{ "type": "Feature", "properties": { "feature_id": "bld_0360", "name": "Building 360 (Alakkombai Plains)", "feature_type": "building", "category": "building" }, "geometry": { "type": "Polygon", "coordinates": [ [ [ 77.155730625004054, 11.449218580474424 ], [ 77.155730625004054, 11.449511575040178 ], [ 77.155437630438314, 11.449511575040178 ], [ 77.155437630438314, 11.449218580474424 ], [ 77.155730625004054, 11.449218580474424 ] ] ] } },
{ "type": "Feature", "properties": { "feature_id": "bld_0361", "name": "Building 361 (Alakkombai Plains)", "feature_type": "building", "category": "building" }, "geometry": { "type": "Polygon", "coordinates": [ [ [ 77.160494756303009, 11.446678989391941 ], [ 77.160494756303009, 11.446897450700551 ], [ 77.160276294994404, 11.446897450700551 ], [ 77.160276294994404, 11.446678989391941 ], [ 77.160494756303009, 11.446678989391941 ] ] ] } },
{ "type": "Feature", "properties": { "feature_id": "bld_0362", "name": "Building 362 (Alakkombai Plains)", "feature_type": "building", "category": "building" }, "geometry": { "type": "Polygon", "coordinates": [ [ [ 77.164673041946088, 11.46378192234004 ], [ 77.164673041946088, 11.464007358551616 ], [ 77.164447605734523, 11.464007358551616 ], [ 77.164447605734523, 11.46378192234004 ], [ 77.164673041946088, 11.46378192234004 ] ] ] } },
{ "type": "Feature", "properties": { "feature_id": "bld_0363", "name": "Building 363 (Alakkombai Plains)", "feature_type": "building", "category": "building" }, "geometry": { "type": "Polygon", "coordinates": [ [ [ 77.152752894318311, 11.448191297118012 ], [ 77.152752894318311, 11.448490060725671 ], [ 77.152454130710666, 11.448490060725671 ], [ 77.152454130710666, 11.448191297118012 ], [ 77.152752894318311, 11.448191297118012 ] ] ] } },
{ "type": "Feature", "properties": { "feature_id": "bld_0364", "name": "Building 364 (Alakkombai Plains)", "feature_type": "building", "category": "building" }, "geometry": { "type": "Polygon", "coordinates": [ [ [ 77.135550701827697, 11.463729160217273 ], [ 77.135550701827697, 11.463980110748132 ], [ 77.135299751296827, 11.463980110748132 ], [ 77.135299751296827, 11.463729160217273 ], [ 77.135550701827697, 11.463729160217273 ] ] ] } },
{ "type": "Feature", "properties": { "feature_id": "bld_0365", "name": "Building 365 (Alakkombai Plains)", "feature_type": "building", "category": "building" }, "geometry": { "type": "Polygon", "coordinates": [ [ [ 77.152444302656363, 11.455157623333511 ], [ 77.152444302656363, 11.455349917107151 ], [ 77.152252008882726, 11.455349917107151 ], [ 77.152252008882726, 11.455157623333511 ], [ 77.152444302656363, 11.455157623333511 ] ] ] } },
{ "type": "Feature", "properties": { "feature_id": "bld_0366", "name": "Building 366 (Alakkombai Plains)", "feature_type": "building", "category": "building" }, "geometry": { "type": "Polygon", "coordinates": [ [ [ 77.13303681211859, 11.449316673503054 ], [ 77.13303681211859, 11.449502774859754 ], [ 77.1328507107619, 11.449502774859754 ], [ 77.1328507107619, 11.449316673503054 ], [ 77.13303681211859, 11.449316673503054 ] ] ] } },
{ "type": "Feature", "properties": { "feature_id": "bld_0367", "name": "Building 367 (Alakkombai Plains)", "feature_type": "building", "category": "building" }, "geometry": { "type": "Polygon", "coordinates": [ [ [ 77.160165350297859, 11.451918456195976 ], [ 77.160165350297859, 11.452086554170695 ], [ 77.159997252323137, 11.452086554170695 ], [ 77.159997252323137, 11.451918456195976 ], [ 77.160165350297859, 11.451918456195976 ] ] ] } },
{ "type": "Feature", "properties": { "feature_id": "bld_0368", "name": "Building 368 (Alakkombai Plains)", "feature_type": "building", "category": "building" }, "geometry": { "type": "Polygon", "coordinates": [ [ [ 77.168754561016172, 11.462530775039445 ], [ 77.168754561016172, 11.462820660359091 ], [ 77.168464675696512, 11.462820660359091 ], [ 77.168464675696512, 11.462530775039445 ], [ 77.168754561016172, 11.462530775039445 ] ] ] } },
{ "type": "Feature", "properties": { "feature_id": "bld_0369", "name": "Building 369 (Alakkombai Plains)", "feature_type": "building", "category": "building" }, "geometry": { "type": "Polygon", "coordinates": [ [ [ 77.169878588960401, 11.448370168043066 ], [ 77.169878588960401, 11.448585641925714 ], [ 77.169663115077768, 11.448585641925714 ], [ 77.169663115077768, 11.448370168043066 ], [ 77.169878588960401, 11.448370168043066 ] ] ] } },
{ "type": "Feature", "properties": { "feature_id": "bld_0370", "name": "Building 370 (Alakkombai Plains)", "feature_type": "building", "category": "building" }, "geometry": { "type": "Polygon", "coordinates": [ [ [ 77.159211504120137, 11.458829639647632 ], [ 77.159211504120137, 11.45901118507452 ], [ 77.159029958693239, 11.45901118507452 ], [ 77.159029958693239, 11.458829639647632 ], [ 77.159211504120137, 11.458829639647632 ] ] ] } },
{ "type": "Feature", "properties": { "feature_id": "bld_0371", "name": "Building 371 (Alakkombai Plains)", "feature_type": "building", "category": "building" }, "geometry": { "type": "Polygon", "coordinates": [ [ [ 77.161808157857621, 11.449393144203697 ], [ 77.161808157857621, 11.44958447866977 ], [ 77.16161682339154, 11.44958447866977 ], [ 77.16161682339154, 11.449393144203697 ], [ 77.161808157857621, 11.449393144203697 ] ] ] } },
{ "type": "Feature", "properties": { "feature_id": "bld_0372", "name": "Building 372 (Alakkombai Plains)", "feature_type": "building", "category": "building" }, "geometry": { "type": "Polygon", "coordinates": [ [ [ 77.149284455064745, 11.456738192662286 ], [ 77.149284455064745, 11.456979404731381 ], [ 77.14904324299566, 11.456979404731381 ], [ 77.14904324299566, 11.456738192662286 ], [ 77.149284455064745, 11.456738192662286 ] ] ] } },
{ "type": "Feature", "properties": { "feature_id": "bld_0373", "name": "Building 373 (Alakkombai Plains)", "feature_type": "building", "category": "building" }, "geometry": { "type": "Polygon", "coordinates": [ [ [ 77.129215499685884, 11.462450625249627 ], [ 77.129215499685884, 11.462647809255589 ], [ 77.129018315679915, 11.462647809255589 ], [ 77.129018315679915, 11.462450625249627 ], [ 77.129215499685884, 11.462450625249627 ] ] ] } },
{ "type": "Feature", "properties": { "feature_id": "bld_0374", "name": "Building 374 (Alakkombai Plains)", "feature_type": "building", "category": "building" }, "geometry": { "type": "Polygon", "coordinates": [ [ [ 77.130975067062593, 11.462628065992503 ], [ 77.130975067062593, 11.462921857202256 ], [ 77.130681275852851, 11.462921857202256 ], [ 77.130681275852851, 11.462628065992503 ], [ 77.130975067062593, 11.462628065992503 ] ] ] } },
{ "type": "Feature", "properties": { "feature_id": "bld_0375", "name": "Building 375 (Alakkombai Plains)", "feature_type": "building", "category": "building" }, "geometry": { "type": "Polygon", "coordinates": [ [ [ 77.163921609715587, 11.461064454555853 ], [ 77.163921609715587, 11.461316188433141 ], [ 77.163669875838295, 11.461316188433141 ], [ 77.163669875838295, 11.461064454555853 ], [ 77.163921609715587, 11.461064454555853 ] ] ] } },
{ "type": "Feature", "properties": { "feature_id": "bld_0376", "name": "Building 376 (Alakkombai Plains)", "feature_type": "building", "category": "building" }, "geometry": { "type": "Polygon", "coordinates": [ [ [ 77.149897173402323, 11.446631143473313 ], [ 77.149897173402323, 11.446848326923144 ], [ 77.149679989952503, 11.446848326923144 ], [ 77.149679989952503, 11.446631143473313 ], [ 77.149897173402323, 11.446631143473313 ] ] ] } },
{ "type": "Feature", "properties": { "feature_id": "bld_0377", "name": "Building 377 (Alakkombai Plains)", "feature_type": "building", "category": "building" }, "geometry": { "type": "Polygon", "coordinates": [ [ [ 77.141901622673515, 11.450064436267249 ], [ 77.141901622673515, 11.450325715083165 ], [ 77.141640343857603, 11.450325715083165 ], [ 77.141640343857603, 11.450064436267249 ], [ 77.141901622673515, 11.450064436267249 ] ] ] } },
{ "type": "Feature", "properties": { "feature_id": "bld_0378", "name": "Building 378 (Alakkombai Plains)", "feature_type": "building", "category": "building" }, "geometry": { "type": "Polygon", "coordinates": [ [ [ 77.147409820902681, 11.446525511494018 ], [ 77.147409820902681, 11.44671633714229 ], [ 77.147218995254406, 11.44671633714229 ], [ 77.147218995254406, 11.446525511494018 ], [ 77.147409820902681, 11.446525511494018 ] ] ] } },
{ "type": "Feature", "properties": { "feature_id": "bld_0379", "name": "Building 379 (Alakkombai Plains)", "feature_type": "building", "category": "building" }, "geometry": { "type": "Polygon", "coordinates": [ [ [ 77.155886228848672, 11.446383032705823 ], [ 77.155886228848672, 11.44666220167379 ], [ 77.155607059880694, 11.44666220167379 ], [ 77.155607059880694, 11.446383032705823 ], [ 77.155886228848672, 11.446383032705823 ] ] ] } },
{ "type": "Feature", "properties": { "feature_id": "bld_0380", "name": "Building 380 (Alakkombai Plains)", "feature_type": "building", "category": "building" }, "geometry": { "type": "Polygon", "coordinates": [ [ [ 77.147403062260565, 11.454490263001608 ], [ 77.147403062260565, 11.454733200091459 ], [ 77.1471601251707, 11.454733200091459 ], [ 77.1471601251707, 11.454490263001608 ], [ 77.147403062260565, 11.454490263001608 ] ] ] } },
{ "type": "Feature", "properties": { "feature_id": "bld_0381", "name": "Building 381 (Alakkombai Plains)", "feature_type": "building", "category": "building" }, "geometry": { "type": "Polygon", "coordinates": [ [ [ 77.162238104597307, 11.451828723027365 ], [ 77.162238104597307, 11.452083645288724 ], [ 77.161983182335959, 11.452083645288724 ], [ 77.161983182335959, 11.451828723027365 ], [ 77.162238104597307, 11.451828723027365 ] ] ] } },
{ "type": "Feature", "properties": { "feature_id": "bld_0382", "name": "Building 382 (Alakkombai Plains)", "feature_type": "building", "category": "building" }, "geometry": { "type": "Polygon", "coordinates": [ [ [ 77.150599442478864, 11.450199061304344 ], [ 77.150599442478864, 11.450482069502433 ], [ 77.150316434280768, 11.450482069502433 ], [ 77.150316434280768, 11.450199061304344 ], [ 77.150599442478864, 11.450199061304344 ] ] ] } },
{ "type": "Feature", "properties": { "feature_id": "bld_0383", "name": "Building 383 (Alakkombai Plains)", "feature_type": "building", "category": "building" }, "geometry": { "type": "Polygon", "coordinates": [ [ [ 77.161023711693346, 11.458029495972132 ], [ 77.161023711693346, 11.458308577414206 ], [ 77.160744630251273, 11.458308577414206 ], [ 77.160744630251273, 11.458029495972132 ], [ 77.161023711693346, 11.458029495972132 ] ] ] } },
{ "type": "Feature", "properties": { "feature_id": "bld_0384", "name": "Building 384 (Alakkombai Plains)", "feature_type": "building", "category": "building" }, "geometry": { "type": "Polygon", "coordinates": [ [ [ 77.164166829976182, 11.459028668601315 ], [ 77.164166829976182, 11.459305850467286 ], [ 77.163889648110199, 11.459305850467286 ], [ 77.163889648110199, 11.459028668601315 ], [ 77.164166829976182, 11.459028668601315 ] ] ] } },
{ "type": "Feature", "properties": { "feature_id": "bld_0385", "name": "Building 385 (Alakkombai Plains)", "feature_type": "building", "category": "building" }, "geometry": { "type": "Polygon", "coordinates": [ [ [ 77.156509518571596, 11.458479512638732 ], [ 77.156509518571596, 11.458726118231681 ], [ 77.156262912978633, 11.458726118231681 ], [ 77.156262912978633, 11.458479512638732 ], [ 77.156509518571596, 11.458479512638732 ] ] ] } },
{ "type": "Feature", "properties": { "feature_id": "bld_0386", "name": "Building 386 (Alakkombai Plains)", "feature_type": "building", "category": "building" }, "geometry": { "type": "Polygon", "coordinates": [ [ [ 77.159013909733247, 11.448030441152717 ], [ 77.159013909733247, 11.448313763059005 ], [ 77.158730587826952, 11.448313763059005 ], [ 77.158730587826952, 11.448030441152717 ], [ 77.159013909733247, 11.448030441152717 ] ] ] } },
{ "type": "Feature", "properties": { "feature_id": "bld_0387", "name": "Building 387 (Alakkombai Plains)", "feature_type": "building", "category": "building" }, "geometry": { "type": "Polygon", "coordinates": [ [ [ 77.164370765921078, 11.445447138488152 ], [ 77.164370765921078, 11.44572275283323 ], [ 77.164095151576007, 11.44572275283323 ], [ 77.164095151576007, 11.445447138488152 ], [ 77.164370765921078, 11.445447138488152 ] ] ] } },
{ "type": "Feature", "properties": { "feature_id": "bld_0388", "name": "Building 388 (Alakkombai Plains)", "feature_type": "building", "category": "building" }, "geometry": { "type": "Polygon", "coordinates": [ [ [ 77.130931189614245, 11.451570331507243 ], [ 77.130931189614245, 11.451834422663124 ], [ 77.13066709845836, 11.451834422663124 ], [ 77.13066709845836, 11.451570331507243 ], [ 77.130931189614245, 11.451570331507243 ] ] ] } },
{ "type": "Feature", "properties": { "feature_id": "bld_0389", "name": "Building 389 (Alakkombai Plains)", "feature_type": "building", "category": "building" }, "geometry": { "type": "Polygon", "coordinates": [ [ [ 77.132372444714633, 11.461221091089925 ], [ 77.132372444714633, 11.461497589874838 ], [ 77.132095945929706, 11.461497589874838 ], [ 77.132095945929706, 11.461221091089925 ], [ 77.132372444714633, 11.461221091089925 ] ] ] } },
{ "type": "Feature", "properties": { "feature_id": "bld_0390", "name": "Building 390 (Alakkombai Plains)", "feature_type": "building", "category": "building" }, "geometry": { "type": "Polygon", "coordinates": [ [ [ 77.147936140688572, 11.445027624765014 ], [ 77.147936140688572, 11.44522781010366 ], [ 77.147735955349916, 11.44522781010366 ], [ 77.147735955349916, 11.445027624765014 ], [ 77.147936140688572, 11.445027624765014 ] ] ] } },
{ "type": "Feature", "properties": { "feature_id": "bld_0391", "name": "Building 391 (Alakkombai Plains)", "feature_type": "building", "category": "building" }, "geometry": { "type": "Polygon", "coordinates": [ [ [ 77.152885938273798, 11.464499496613657 ], [ 77.152885938273798, 11.464747950507439 ], [ 77.152637484380008, 11.464747950507439 ], [ 77.152637484380008, 11.464499496613657 ], [ 77.152885938273798, 11.464499496613657 ] ] ] } },
{ "type": "Feature", "properties": { "feature_id": "bld_0392", "name": "Building 392 (Alakkombai Plains)", "feature_type": "building", "category": "building" }, "geometry": { "type": "Polygon", "coordinates": [ [ [ 77.136808960124469, 11.457562315085411 ], [ 77.136808960124469, 11.457797913038572 ], [ 77.136573362171319, 11.457797913038572 ], [ 77.136573362171319, 11.457562315085411 ], [ 77.136808960124469, 11.457562315085411 ] ] ] } },
{ "type": "Feature", "properties": { "feature_id": "bld_0393", "name": "Building 393 (Alakkombai Plains)", "feature_type": "building", "category": "building" }, "geometry": { "type": "Polygon", "coordinates": [ [ [ 77.16022631473497, 11.447006340823364 ], [ 77.16022631473497, 11.447272884729713 ], [ 77.159959770828621, 11.447272884729713 ], [ 77.159959770828621, 11.447006340823364 ], [ 77.16022631473497, 11.447006340823364 ] ] ] } },
{ "type": "Feature", "properties": { "feature_id": "bld_0394", "name": "Building 394 (Alakkombai Plains)", "feature_type": "building", "category": "building" }, "geometry": { "type": "Polygon", "coordinates": [ [ [ 77.149460927092051, 11.464155909025557 ], [ 77.149460927092051, 11.464363771128802 ], [ 77.149253064988798, 11.464363771128802 ], [ 77.149253064988798, 11.464155909025557 ], [ 77.149460927092051, 11.464155909025557 ] ] ] } },
{ "type": "Feature", "properties": { "feature_id": "bld_0395", "name": "Building 395 (Alakkombai Plains)", "feature_type": "building", "category": "building" }, "geometry": { "type": "Polygon", "coordinates": [ [ [ 77.153555160871989, 11.46355338642924 ], [ 77.153555160871989, 11.46372773779116 ], [ 77.153380809510068, 11.46372773779116 ], [ 77.153380809510068, 11.46355338642924 ], [ 77.153555160871989, 11.46355338642924 ] ] ] } },
{ "type": "Feature", "properties": { "feature_id": "bld_0396", "name": "Building 396 (Alakkombai Plains)", "feature_type": "building", "category": "building" }, "geometry": { "type": "Polygon", "coordinates": [ [ [ 77.16726003051977, 11.458672965851878 ], [ 77.16726003051977, 11.458842463040153 ], [ 77.167090533331503, 11.458842463040153 ], [ 77.167090533331503, 11.458672965851878 ], [ 77.16726003051977, 11.458672965851878 ] ] ] } },
{ "type": "Feature", "properties": { "feature_id": "bld_0397", "name": "Building 397 (Alakkombai Plains)", "feature_type": "building", "category": "building" }, "geometry": { "type": "Polygon", "coordinates": [ [ [ 77.138628075054712, 11.459078727230803 ], [ 77.138628075054712, 11.459248156315009 ], [ 77.138458645970516, 11.459248156315009 ], [ 77.138458645970516, 11.459078727230803 ], [ 77.138628075054712, 11.459078727230803 ] ] ] } },
{ "type": "Feature", "properties": { "feature_id": "bld_0398", "name": "Building 398 (Alakkombai Plains)", "feature_type": "building", "category": "building" }, "geometry": { "type": "Polygon", "coordinates": [ [ [ 77.151321134794173, 11.451794197052816 ], [ 77.151321134794173, 11.452041125225303 ], [ 77.151074206621686, 11.452041125225303 ], [ 77.151074206621686, 11.451794197052816 ], [ 77.151321134794173, 11.451794197052816 ] ] ] } },
{ "type": "Feature", "properties": { "feature_id": "bld_0399", "name": "Building 399 (Alakkombai Plains)", "feature_type": "building", "category": "building" }, "geometry": { "type": "Polygon", "coordinates": [ [ [ 77.127206535749394, 11.462282591895205 ], [ 77.127206535749394, 11.462578880350891 ], [ 77.126910247293722, 11.462578880350891 ], [ 77.126910247293722, 11.462282591895205 ], [ 77.127206535749394, 11.462282591895205 ] ] ] } },
{ "type": "Feature", "properties": { "feature_id": "bld_0400", "name": "Building 400 (Alakkombai Plains)", "feature_type": "building", "category": "building" }, "geometry": { "type": "Polygon", "coordinates": [ [ [ 77.168688609524665, 11.459903930598049 ], [ 77.168688609524665, 11.460082142671666 ], [ 77.168510397451044, 11.460082142671666 ], [ 77.168510397451044, 11.459903930598049 ], [ 77.168688609524665, 11.459903930598049 ] ] ] } },
{ "type": "Feature", "properties": { "feature_id": "bld_0401", "name": "Building 401 (Alakkombai Plains)", "feature_type": "building", "category": "building" }, "geometry": { "type": "Polygon", "coordinates": [ [ [ 77.159203392465415, 11.445410189680569 ], [ 77.159203392465415, 11.445573286977783 ], [ 77.159040295168197, 11.445573286977783 ], [ 77.159040295168197, 11.445410189680569 ], [ 77.159203392465415, 11.445410189680569 ] ] ] } },
{ "type": "Feature", "properties": { "feature_id": "bld_0402", "name": "Building 402 (Alakkombai Plains)", "feature_type": "building", "category": "building" }, "geometry": { "type": "Polygon", "coordinates": [ [ [ 77.139696388380983, 11.454638935288846 ], [ 77.139696388380983, 11.454906792327341 ], [ 77.139428531342489, 11.454906792327341 ], [ 77.139428531342489, 11.454638935288846 ], [ 77.139696388380983, 11.454638935288846 ] ] ] } },
{ "type": "Feature", "properties": { "feature_id": "bld_0403", "name": "Building 403 (Alakkombai Plains)", "feature_type": "building", "category": "building" }, "geometry": { "type": "Polygon", "coordinates": [ [ [ 77.155847445813933, 11.453818900260895 ], [ 77.155847445813933, 11.454017207994173 ], [ 77.155649138080648, 11.454017207994173 ], [ 77.155649138080648, 11.453818900260895 ], [ 77.155847445813933, 11.453818900260895 ] ] ] } },
{ "type": "Feature", "properties": { "feature_id": "bld_0404", "name": "Building 404 (Alakkombai Plains)", "feature_type": "building", "category": "building" }, "geometry": { "type": "Polygon", "coordinates": [ [ [ 77.169982199598806, 11.453412028953016 ], [ 77.169982199598806, 11.453635223136422 ], [ 77.169759005415401, 11.453635223136422 ], [ 77.169759005415401, 11.453412028953016 ], [ 77.169982199598806, 11.453412028953016 ] ] ] } },
{ "type": "Feature", "properties": { "feature_id": "bld_0405", "name": "Building 405 (Alakkombai Plains)", "feature_type": "building", "category": "building" }, "geometry": { "type": "Polygon", "coordinates": [ [ [ 77.132491629709421, 11.460767633219195 ], [ 77.132491629709421, 11.461024748730804 ], [ 77.132234514197819, 11.461024748730804 ], [ 77.132234514197819, 11.460767633219195 ], [ 77.132491629709421, 11.460767633219195 ] ] ] } },
{ "type": "Feature", "properties": { "feature_id": "bld_0406", "name": "Building 406 (Alakkombai Plains)", "feature_type": "building", "category": "building" }, "geometry": { "type": "Polygon", "coordinates": [ [ [ 77.135062267526635, 11.446519985961173 ], [ 77.135062267526635, 11.446775255863463 ], [ 77.134806997624352, 11.446775255863463 ], [ 77.134806997624352, 11.446519985961173 ], [ 77.135062267526635, 11.446519985961173 ] ] ] } },
{ "type": "Feature", "properties": { "feature_id": "bld_0407", "name": "Building 407 (Alakkombai Plains)", "feature_type": "building", "category": "building" }, "geometry": { "type": "Polygon", "coordinates": [ [ [ 77.154599565091999, 11.450318630090607 ], [ 77.154599565091999, 11.450611750989321 ], [ 77.154306444193296, 11.450611750989321 ], [ 77.154306444193296, 11.450318630090607 ], [ 77.154599565091999, 11.450318630090607 ] ] ] } },
{ "type": "Feature", "properties": { "feature_id": "bld_0408", "name": "Building 408 (Alakkombai Plains)", "feature_type": "building", "category": "building" }, "geometry": { "type": "Polygon", "coordinates": [ [ [ 77.131943658244552, 11.453500642906441 ], [ 77.131943658244552, 11.453792749135264 ], [ 77.13165155201574, 11.453792749135264 ], [ 77.13165155201574, 11.453500642906441 ], [ 77.131943658244552, 11.453500642906441 ] ] ] } },
{ "type": "Feature", "properties": { "feature_id": "bld_0409", "name": "Building 409 (Alakkombai Plains)", "feature_type": "building", "category": "building" }, "geometry": { "type": "Polygon", "coordinates": [ [ [ 77.143995560869541, 11.457662687345424 ], [ 77.143995560869541, 11.45787835056114 ], [ 77.143779897653815, 11.45787835056114 ], [ 77.143779897653815, 11.457662687345424 ], [ 77.143995560869541, 11.457662687345424 ] ] ] } },
{ "type": "Feature", "properties": { "feature_id": "bld_0410", "name": "Building 410 (Alakkombai Plains)", "feature_type": "building", "category": "building" }, "geometry": { "type": "Polygon", "coordinates": [ [ [ 77.137448337486134, 11.464570899578755 ], [ 77.137448337486134, 11.464788206339639 ], [ 77.13723103072526, 11.464788206339639 ], [ 77.13723103072526, 11.464570899578755 ], [ 77.137448337486134, 11.464570899578755 ] ] ] } },
{ "type": "Feature", "properties": { "feature_id": "bld_0411", "name": "Building 411 (Alakkombai Plains)", "feature_type": "building", "category": "building" }, "geometry": { "type": "Polygon", "coordinates": [ [ [ 77.165329381494843, 11.44950417478854 ], [ 77.165329381494843, 11.449694009447104 ], [ 77.165139546836286, 11.449694009447104 ], [ 77.165139546836286, 11.44950417478854 ], [ 77.165329381494843, 11.44950417478854 ] ] ] } },
{ "type": "Feature", "properties": { "feature_id": "bld_0412", "name": "Building 412 (Alakkombai Plains)", "feature_type": "building", "category": "building" }, "geometry": { "type": "Polygon", "coordinates": [ [ [ 77.126506830573874, 11.457927539663457 ], [ 77.126506830573874, 11.458139133351578 ], [ 77.126295236885738, 11.458139133351578 ], [ 77.126295236885738, 11.457927539663457 ], [ 77.126506830573874, 11.457927539663457 ] ] ] } },
{ "type": "Feature", "properties": { "feature_id": "bld_0413", "name": "Building 413 (Alakkombai Plains)", "feature_type": "building", "category": "building" }, "geometry": { "type": "Polygon", "coordinates": [ [ [ 77.164043894782736, 11.454316424593877 ], [ 77.164043894782736, 11.454611971673785 ], [ 77.163748347702835, 11.454611971673785 ], [ 77.163748347702835, 11.454316424593877 ], [ 77.164043894782736, 11.454316424593877 ] ] ] } },
{ "type": "Feature", "properties": { "feature_id": "bld_0414", "name": "Building 414 (Alakkombai Plains)", "feature_type": "building", "category": "building" }, "geometry": { "type": "Polygon", "coordinates": [ [ [ 77.133483009986335, 11.462238101579416 ], [ 77.133483009986335, 11.462506825138806 ], [ 77.133214286426934, 11.462506825138806 ], [ 77.133214286426934, 11.462238101579416 ], [ 77.133483009986335, 11.462238101579416 ] ] ] } },
{ "type": "Feature", "properties": { "feature_id": "bld_0415", "name": "Building 415 (Alakkombai Plains)", "feature_type": "building", "category": "building" }, "geometry": { "type": "Polygon", "coordinates": [ [ [ 77.159824754688344, 11.461762392882973 ], [ 77.159824754688344, 11.462028936241703 ], [ 77.159558211329625, 11.462028936241703 ], [ 77.159558211329625, 11.461762392882973 ], [ 77.159824754688344, 11.461762392882973 ] ] ] } },
{ "type": "Feature", "properties": { "feature_id": "bld_0416", "name": "Building 416 (Alakkombai Plains)", "feature_type": "building", "category": "building" }, "geometry": { "type": "Polygon", "coordinates": [ [ [ 77.15326219130597, 11.447542620721084 ], [ 77.15326219130597, 11.447707174386213 ], [ 77.153097637640855, 11.447707174386213 ], [ 77.153097637640855, 11.447542620721084 ], [ 77.15326219130597, 11.447542620721084 ] ] ] } },
{ "type": "Feature", "properties": { "feature_id": "bld_0417", "name": "Building 417 (Alakkombai Plains)", "feature_type": "building", "category": "building" }, "geometry": { "type": "Polygon", "coordinates": [ [ [ 77.166573910762068, 11.457197248680048 ], [ 77.166573910762068, 11.457468763900783 ], [ 77.166302395541337, 11.457468763900783 ], [ 77.166302395541337, 11.457197248680048 ], [ 77.166573910762068, 11.457197248680048 ] ] ] } },
{ "type": "Feature", "properties": { "feature_id": "bld_0418", "name": "Building 418 (Alakkombai Plains)", "feature_type": "building", "category": "building" }, "geometry": { "type": "Polygon", "coordinates": [ [ [ 77.146757268823521, 11.447257400773793 ], [ 77.146757268823521, 11.447434926784702 ], [ 77.146579742812619, 11.447434926784702 ], [ 77.146579742812619, 11.447257400773793 ], [ 77.146757268823521, 11.447257400773793 ] ] ] } },
{ "type": "Feature", "properties": { "feature_id": "bld_0419", "name": "Building 419 (Alakkombai Plains)", "feature_type": "building", "category": "building" }, "geometry": { "type": "Polygon", "coordinates": [ [ [ 77.155944474656181, 11.453512081167119 ], [ 77.155944474656181, 11.453700154628859 ], [ 77.155756401194438, 11.453700154628859 ], [ 77.155756401194438, 11.453512081167119 ], [ 77.155944474656181, 11.453512081167119 ] ] ] } },
{ "type": "Feature", "properties": { "feature_id": "bld_0420", "name": "Building 420 (Alakkombai Plains)", "feature_type": "building", "category": "building" }, "geometry": { "type": "Polygon", "coordinates": [ [ [ 77.147242492601492, 11.446163440743369 ], [ 77.147242492601492, 11.446404916739638 ], [ 77.14700101660523, 11.446404916739638 ], [ 77.14700101660523, 11.446163440743369 ], [ 77.147242492601492, 11.446163440743369 ] ] ] } },
{ "type": "Feature", "properties": { "feature_id": "bld_0421", "name": "Building 421 (Alakkombai Plains)", "feature_type": "building", "category": "building" }, "geometry": { "type": "Polygon", "coordinates": [ [ [ 77.137206428536714, 11.46084945667562 ], [ 77.137206428536714, 11.461052907349869 ], [ 77.137002977862451, 11.461052907349869 ], [ 77.137002977862451, 11.46084945667562 ], [ 77.137206428536714, 11.46084945667562 ] ] ] } },
{ "type": "Feature", "properties": { "feature_id": "bld_0422", "name": "Building 422 (Alakkombai Plains)", "feature_type": "building", "category": "building" }, "geometry": { "type": "Polygon", "coordinates": [ [ [ 77.145569977990831, 11.445147339516017 ], [ 77.145569977990831, 11.445317482080307 ], [ 77.145399835426545, 11.445317482080307 ], [ 77.145399835426545, 11.445147339516017 ], [ 77.145569977990831, 11.445147339516017 ] ] ] } },
{ "type": "Feature", "properties": { "feature_id": "bld_0423", "name": "Building 423 (Alakkombai Plains)", "feature_type": "building", "category": "building" }, "geometry": { "type": "Polygon", "coordinates": [ [ [ 77.142784211476666, 11.454476775255975 ], [ 77.142784211476666, 11.454720778132712 ], [ 77.142540208599925, 11.454720778132712 ], [ 77.142540208599925, 11.454476775255975 ], [ 77.142784211476666, 11.454476775255975 ] ] ] } },
{ "type": "Feature", "properties": { "feature_id": "bld_0424", "name": "Building 424 (Alakkombai Plains)", "feature_type": "building", "category": "building" }, "geometry": { "type": "Polygon", "coordinates": [ [ [ 77.138265024609723, 11.458759429154728 ], [ 77.138265024609723, 11.459039846290334 ], [ 77.137984607474124, 11.459039846290334 ], [ 77.137984607474124, 11.458759429154728 ], [ 77.138265024609723, 11.458759429154728 ] ] ] } },
{ "type": "Feature", "properties": { "feature_id": "bld_0425", "name": "Building 425 (Alakkombai Plains)", "feature_type": "building", "category": "building" }, "geometry": { "type": "Polygon", "coordinates": [ [ [ 77.160206929986515, 11.445678741020659 ], [ 77.160206929986515, 11.445906011993275 ], [ 77.159979659013885, 11.445906011993275 ], [ 77.159979659013885, 11.445678741020659 ], [ 77.160206929986515, 11.445678741020659 ] ] ] } },
{ "type": "Feature", "properties": { "feature_id": "bld_0426", "name": "Building 426 (Alakkombai Plains)", "feature_type": "building", "category": "building" }, "geometry": { "type": "Polygon", "coordinates": [ [ [ 77.129870924410341, 11.449691833935722 ], [ 77.129870924410341, 11.449989966698778 ], [ 77.129572791647291, 11.449989966698778 ], [ 77.129572791647291, 11.449691833935722 ], [ 77.129870924410341, 11.449691833935722 ] ] ] } },
{ "type": "Feature", "properties": { "feature_id": "bld_0427", "name": "Building 427 (Alakkombai Plains)", "feature_type": "building", "category": "building" }, "geometry": { "type": "Polygon", "coordinates": [ [ [ 77.131535570331963, 11.454854492167625 ], [ 77.131535570331963, 11.455101033970431 ], [ 77.131289028529167, 11.455101033970431 ], [ 77.131289028529167, 11.454854492167625 ], [ 77.131535570331963, 11.454854492167625 ] ] ] } },
{ "type": "Feature", "properties": { "feature_id": "bld_0428", "name": "Building 428 (Alakkombai Plains)", "feature_type": "building", "category": "building" }, "geometry": { "type": "Polygon", "coordinates": [ [ [ 77.156691607633817, 11.456112289710418 ], [ 77.156691607633817, 11.456273657629058 ], [ 77.156530239715167, 11.456273657629058 ], [ 77.156530239715167, 11.456112289710418 ], [ 77.156691607633817, 11.456112289710418 ] ] ] } },
{ "type": "Feature", "properties": { "feature_id": "bld_0429", "name": "Building 429 (Alakkombai Plains)", "feature_type": "building", "category": "building" }, "geometry": { "type": "Polygon", "coordinates": [ [ [ 77.139776909525921, 11.455268082212754 ], [ 77.139776909525921, 11.455440383522635 ], [ 77.139604608216047, 11.455440383522635 ], [ 77.139604608216047, 11.455268082212754 ], [ 77.139776909525921, 11.455268082212754 ] ] ] } },
{ "type": "Feature", "properties": { "feature_id": "bld_0430", "name": "Building 430 (Alakkombai Plains)", "feature_type": "building", "category": "building" }, "geometry": { "type": "Polygon", "coordinates": [ [ [ 77.140863712399224, 11.445578561681026 ], [ 77.140863712399224, 11.445749562670629 ], [ 77.140692711409613, 11.445749562670629 ], [ 77.140692711409613, 11.445578561681026 ], [ 77.140863712399224, 11.445578561681026 ] ] ] } },
{ "type": "Feature", "properties": { "feature_id": "bld_0431", "name": "Building 431 (Alakkombai Plains)", "feature_type": "building", "category": "building" }, "geometry": { "type": "Polygon", "coordinates": [ [ [ 77.142981275288463, 11.447534587221483 ], [ 77.142981275288463, 11.447774042940239 ], [ 77.142741819569693, 11.447774042940239 ], [ 77.142741819569693, 11.447534587221483 ], [ 77.142981275288463, 11.447534587221483 ] ] ] } },
{ "type": "Feature", "properties": { "feature_id": "bld_0432", "name": "Building 432 (Alakkombai Plains)", "feature_type": "building", "category": "building" }, "geometry": { "type": "Polygon", "coordinates": [ [ [ 77.156119934128284, 11.460917723465084 ], [ 77.156119934128284, 11.461105744499278 ], [ 77.155931913094079, 11.461105744499278 ], [ 77.155931913094079, 11.460917723465084 ], [ 77.156119934128284, 11.460917723465084 ] ] ] } },
{ "type": "Feature", "properties": { "feature_id": "bld_0433", "name": "Building 433 (Alakkombai Plains)", "feature_type": "building", "category": "building" }, "geometry": { "type": "Polygon", "coordinates": [ [ [ 77.132661266319118, 11.44696680668922 ], [ 77.132661266319118, 11.447215906924155 ], [ 77.132412166084194, 11.447215906924155 ], [ 77.132412166084194, 11.44696680668922 ], [ 77.132661266319118, 11.44696680668922 ] ] ] } },
{ "type": "Feature", "properties": { "feature_id": "bld_0434", "name": "Building 434 (Alakkombai Plains)", "feature_type": "building", "category": "building" }, "geometry": { "type": "Polygon", "coordinates": [ [ [ 77.156936942549152, 11.445486188039276 ], [ 77.156936942549152, 11.44577725775375 ], [ 77.156645872834673, 11.44577725775375 ], [ 77.156645872834673, 11.445486188039276 ], [ 77.156936942549152, 11.445486188039276 ] ] ] } },
{ "type": "Feature", "properties": { "feature_id": "bld_0435", "name": "Building 435 (Alakkombai Plains)", "feature_type": "building", "category": "building" }, "geometry": { "type": "Polygon", "coordinates": [ [ [ 77.127468342000668, 11.455696292469659 ], [ 77.127468342000668, 11.455955560942384 ], [ 77.127209073527951, 11.455955560942384 ], [ 77.127209073527951, 11.455696292469659 ], [ 77.127468342000668, 11.455696292469659 ] ] ] } },
{ "type": "Feature", "properties": { "feature_id": "bld_0436", "name": "Building 436 (Alakkombai Plains)", "feature_type": "building", "category": "building" }, "geometry": { "type": "Polygon", "coordinates": [ [ [ 77.164329731534394, 11.459145617676834 ], [ 77.164329731534394, 11.459417859608463 ], [ 77.164057489602754, 11.459417859608463 ], [ 77.164057489602754, 11.459145617676834 ], [ 77.164329731534394, 11.459145617676834 ] ] ] } },
{ "type": "Feature", "properties": { "feature_id": "bld_0437", "name": "Building 437 (Alakkombai Plains)", "feature_type": "building", "category": "building" }, "geometry": { "type": "Polygon", "coordinates": [ [ [ 77.140360866703674, 11.461210894235682 ], [ 77.140360866703674, 11.461382110314178 ], [ 77.140189650625189, 11.461382110314178 ], [ 77.140189650625189, 11.461210894235682 ], [ 77.140360866703674, 11.461210894235682 ] ] ] } },
{ "type": "Feature", "properties": { "feature_id": "bld_0438", "name": "Building 438 (Alakkombai Plains)", "feature_type": "building", "category": "building" }, "geometry": { "type": "Polygon", "coordinates": [ [ [ 77.165403960366632, 11.455814636679177 ], [ 77.165403960366632, 11.456089058366972 ], [ 77.165129538678826, 11.456089058366972 ], [ 77.165129538678826, 11.455814636679177 ], [ 77.165403960366632, 11.455814636679177 ] ] ] } },
{ "type": "Feature", "properties": { "feature_id": "bld_0439", "name": "Building 439 (Alakkombai Plains)", "feature_type": "building", "category": "building" }, "geometry": { "type": "Polygon", "coordinates": [ [ [ 77.145471170989595, 11.457754705717663 ], [ 77.145471170989595, 11.457988402090196 ], [ 77.145237474617062, 11.457988402090196 ], [ 77.145237474617062, 11.457754705717663 ], [ 77.145471170989595, 11.457754705717663 ] ] ] } },
{ "type": "Feature", "properties": { "feature_id": "bld_0440", "name": "Building 440 (Alakkombai Plains)", "feature_type": "building", "category": "building" }, "geometry": { "type": "Polygon", "coordinates": [ [ [ 77.158005753124868, 11.446548374994732 ], [ 77.158005753124868, 11.446716824286492 ], [ 77.157837303833119, 11.446716824286492 ], [ 77.157837303833119, 11.446548374994732 ], [ 77.158005753124868, 11.446548374994732 ] ] ] } },
{ "type": "Feature", "properties": { "feature_id": "bld_0441", "name": "Building 441 (Alakkombai Plains)", "feature_type": "building", "category": "building" }, "geometry": { "type": "Polygon", "coordinates": [ [ [ 77.136260670380125, 11.448049868752603 ], [ 77.136260670380125, 11.448331918451926 ], [ 77.135978620680788, 11.448331918451926 ], [ 77.135978620680788, 11.448049868752603 ], [ 77.136260670380125, 11.448049868752603 ] ] ] } },
{ "type": "Feature", "properties": { "feature_id": "bld_0442", "name": "Building 442 (Alakkombai Plains)", "feature_type": "building", "category": "building" }, "geometry": { "type": "Polygon", "coordinates": [ [ [ 77.134968212136528, 11.464413722410958 ], [ 77.134968212136528, 11.464620887821807 ], [ 77.134761046725686, 11.464620887821807 ], [ 77.134761046725686, 11.464413722410958 ], [ 77.134968212136528, 11.464413722410958 ] ] ] } },
{ "type": "Feature", "properties": { "feature_id": "bld_0443", "name": "Building 443 (Alakkombai Plains)", "feature_type": "building", "category": "building" }, "geometry": { "type": "Polygon", "coordinates": [ [ [ 77.133321415750274, 11.460667860598566 ], [ 77.133321415750274, 11.460920079687135 ], [ 77.133069196661708, 11.460920079687135 ], [ 77.133069196661708, 11.460667860598566 ], [ 77.133321415750274, 11.460667860598566 ] ] ] } },
{ "type": "Feature", "properties": { "feature_id": "bld_0444", "name": "Building 444 (Alakkombai Plains)", "feature_type": "building", "category": "building" }, "geometry": { "type": "Polygon", "coordinates": [ [ [ 77.147549151364885, 11.455976926894275 ], [ 77.147549151364885, 11.456237615143232 ], [ 77.147288463115913, 11.456237615143232 ], [ 77.147288463115913, 11.455976926894275 ], [ 77.147549151364885, 11.455976926894275 ] ] ] } },
{ "type": "Feature", "properties": { "feature_id": "bld_0445", "name": "Building 445 (Alakkombai Plains)", "feature_type": "building", "category": "building" }, "geometry": { "type": "Polygon", "coordinates": [ [ [ 77.135428698881256, 11.464778442799783 ], [ 77.135428698881256, 11.465074913842486 ], [ 77.135132227838554, 11.465074913842486 ], [ 77.135132227838554, 11.464778442799783 ], [ 77.135428698881256, 11.464778442799783 ] ] ] } },
{ "type": "Feature", "properties": { "feature_id": "bld_0446", "name": "Building 446 (Alakkombai Plains)", "feature_type": "building", "category": "building" }, "geometry": { "type": "Polygon", "coordinates": [ [ [ 77.154392271862577, 11.448863233041614 ], [ 77.154392271862577, 11.449118464995554 ], [ 77.154137039908647, 11.449118464995554 ], [ 77.154137039908647, 11.448863233041614 ], [ 77.154392271862577, 11.448863233041614 ] ] ] } },
{ "type": "Feature", "properties": { "feature_id": "bld_0447", "name": "Building 447 (Alakkombai Plains)", "feature_type": "building", "category": "building" }, "geometry": { "type": "Polygon", "coordinates": [ [ [ 77.128346966206252, 11.44551501224192 ], [ 77.128346966206252, 11.445711087846313 ], [ 77.128150890601873, 11.445711087846313 ], [ 77.128150890601873, 11.44551501224192 ], [ 77.128346966206252, 11.44551501224192 ] ] ] } },
{ "type": "Feature", "properties": { "feature_id": "bld_0448", "name": "Building 448 (Alakkombai Plains)", "feature_type": "building", "category": "building" }, "geometry": { "type": "Polygon", "coordinates": [ [ [ 77.145948934888153, 11.462234548273283 ], [ 77.145948934888153, 11.462496351943052 ], [ 77.145687131218395, 11.462496351943052 ], [ 77.145687131218395, 11.462234548273283 ], [ 77.145948934888153, 11.462234548273283 ] ] ] } },
{ "type": "Feature", "properties": { "feature_id": "bld_0449", "name": "Building 449 (Alakkombai Plains)", "feature_type": "building", "category": "building" }, "geometry": { "type": "Polygon", "coordinates": [ [ [ 77.158526008903479, 11.453405651239482 ], [ 77.158526008903479, 11.45361408213844 ], [ 77.158317578004514, 11.45361408213844 ], [ 77.158317578004514, 11.453405651239482 ], [ 77.158526008903479, 11.453405651239482 ] ] ] } },
{ "type": "Feature", "properties": { "feature_id": "bld_0450", "name": "Building 450 (Alakkombai Plains)", "feature_type": "building", "category": "building" }, "geometry": { "type": "Polygon", "coordinates": [ [ [ 77.141779551977706, 11.464670183631323 ], [ 77.141779551977706, 11.46483579891812 ], [ 77.141613936690916, 11.46483579891812 ], [ 77.141613936690916, 11.464670183631323 ], [ 77.141779551977706, 11.464670183631323 ] ] ] } },
{ "type": "Feature", "properties": { "feature_id": "bld_0451", "name": "Building 451 (Alakkombai Plains)", "feature_type": "building", "category": "building" }, "geometry": { "type": "Polygon", "coordinates": [ [ [ 77.164127120404856, 11.456462805092105 ], [ 77.164127120404856, 11.456684211250792 ], [ 77.16390571424617, 11.456684211250792 ], [ 77.16390571424617, 11.456462805092105 ], [ 77.164127120404856, 11.456462805092105 ] ] ] } },
{ "type": "Feature", "properties": { "feature_id": "bld_0452", "name": "Building 452 (Alakkombai Plains)", "feature_type": "building", "category": "building" }, "geometry": { "type": "Polygon", "coordinates": [ [ [ 77.157777734345345, 11.45459223920183 ], [ 77.157777734345345, 11.45487451845516 ], [ 77.157495455092018, 11.45487451845516 ], [ 77.157495455092018, 11.45459223920183 ], [ 77.157777734345345, 11.45459223920183 ] ] ] } },
{ "type": "Feature", "properties": { "feature_id": "bld_0453", "name": "Building 453 (Alakkombai Plains)", "feature_type": "building", "category": "building" }, "geometry": { "type": "Polygon", "coordinates": [ [ [ 77.165630961826309, 11.453335040591663 ], [ 77.165630961826309, 11.453533796483276 ], [ 77.165432205934707, 11.453533796483276 ], [ 77.165432205934707, 11.453335040591663 ], [ 77.165630961826309, 11.453335040591663 ] ] ] } },
{ "type": "Feature", "properties": { "feature_id": "bld_0454", "name": "Building 454 (Alakkombai Plains)", "feature_type": "building", "category": "building" }, "geometry": { "type": "Polygon", "coordinates": [ [ [ 77.151750511139923, 11.463152520559102 ], [ 77.151750511139923, 11.463342013265564 ], [ 77.151561018433469, 11.463342013265564 ], [ 77.151561018433469, 11.463152520559102 ], [ 77.151750511139923, 11.463152520559102 ] ] ] } },
{ "type": "Feature", "properties": { "feature_id": "bld_0455", "name": "Building 455 (Alakkombai Plains)", "feature_type": "building", "category": "building" }, "geometry": { "type": "Polygon", "coordinates": [ [ [ 77.15316481417193, 11.457499886490282 ], [ 77.15316481417193, 11.45776252231342 ], [ 77.152902178348796, 11.45776252231342 ], [ 77.152902178348796, 11.457499886490282 ], [ 77.15316481417193, 11.457499886490282 ] ] ] } },
{ "type": "Feature", "properties": { "feature_id": "bld_0456", "name": "Building 456 (Alakkombai Plains)", "feature_type": "building", "category": "building" }, "geometry": { "type": "Polygon", "coordinates": [ [ [ 77.131064178107181, 11.459172867017196 ], [ 77.131064178107181, 11.459460131570088 ], [ 77.130776913554286, 11.459460131570088 ], [ 77.130776913554286, 11.459172867017196 ], [ 77.131064178107181, 11.459172867017196 ] ] ] } },
{ "type": "Feature", "properties": { "feature_id": "bld_0457", "name": "Building 457 (Alakkombai Plains)", "feature_type": "building", "category": "building" }, "geometry": { "type": "Polygon", "coordinates": [ [ [ 77.133233737555742, 11.449602868841895 ], [ 77.133233737555742, 11.449898864155061 ], [ 77.132937742242575, 11.449898864155061 ], [ 77.132937742242575, 11.449602868841895 ], [ 77.133233737555742, 11.449602868841895 ] ] ] } },
{ "type": "Feature", "properties": { "feature_id": "bld_0458", "name": "Building 458 (Alakkombai Plains)", "feature_type": "building", "category": "building" }, "geometry": { "type": "Polygon", "coordinates": [ [ [ 77.133258422321873, 11.461973242417439 ], [ 77.133258422321873, 11.462202161317343 ], [ 77.13302950342198, 11.462202161317343 ], [ 77.13302950342198, 11.461973242417439 ], [ 77.133258422321873, 11.461973242417439 ] ] ] } },
{ "type": "Feature", "properties": { "feature_id": "bld_0459", "name": "Building 459 (Alakkombai Plains)", "feature_type": "building", "category": "building" }, "geometry": { "type": "Polygon", "coordinates": [ [ [ 77.13623656971599, 11.4623038266576 ], [ 77.13623656971599, 11.4625261693933 ], [ 77.136014226980294, 11.4625261693933 ], [ 77.136014226980294, 11.4623038266576 ], [ 77.13623656971599, 11.4623038266576 ] ] ] } },
{ "type": "Feature", "properties": { "feature_id": "bld_0460", "name": "Building 460 (Alakkombai Plains)", "feature_type": "building", "category": "building" }, "geometry": { "type": "Polygon", "coordinates": [ [ [ 77.148288287486437, 11.452063160828395 ], [ 77.148288287486437, 11.452306173947594 ], [ 77.148045274367249, 11.452306173947594 ], [ 77.148045274367249, 11.452063160828395 ], [ 77.148288287486437, 11.452063160828395 ] ] ] } },
{ "type": "Feature", "properties": { "feature_id": "bld_0461", "name": "Building 461 (Alakkombai Plains)", "feature_type": "building", "category": "building" }, "geometry": { "type": "Polygon", "coordinates": [ [ [ 77.132506433128881, 11.452673771870472 ], [ 77.132506433128881, 11.452969489595599 ], [ 77.132210715403758, 11.452969489595599 ], [ 77.132210715403758, 11.452673771870472 ], [ 77.132506433128881, 11.452673771870472 ] ] ] } },
{ "type": "Feature", "properties": { "feature_id": "bld_0462", "name": "Building 462 (Alakkombai Plains)", "feature_type": "building", "category": "building" }, "geometry": { "type": "Polygon", "coordinates": [ [ [ 77.136718767776046, 11.458031969986331 ], [ 77.136718767776046, 11.458237496595322 ], [ 77.136513241167052, 11.458237496595322 ], [ 77.136513241167052, 11.458031969986331 ], [ 77.136718767776046, 11.458031969986331 ] ] ] } },
{ "type": "Feature", "properties": { "feature_id": "bld_0463", "name": "Building 463 (Alakkombai Plains)", "feature_type": "building", "category": "building" }, "geometry": { "type": "Polygon", "coordinates": [ [ [ 77.159954178129055, 11.447469585741212 ], [ 77.159954178129055, 11.447765360687521 ], [ 77.159658403182732, 11.447765360687521 ], [ 77.159658403182732, 11.447469585741212 ], [ 77.159954178129055, 11.447469585741212 ] ] ] } },
{ "type": "Feature", "properties": { "feature_id": "bld_0464", "name": "Building 464 (Alakkombai Plains)", "feature_type": "building", "category": "building" }, "geometry": { "type": "Polygon", "coordinates": [ [ [ 77.145505674134583, 11.449635864494615 ], [ 77.145505674134583, 11.449806154039242 ], [ 77.145335384589956, 11.449806154039242 ], [ 77.145335384589956, 11.449635864494615 ], [ 77.145505674134583, 11.449635864494615 ] ] ] } },
{ "type": "Feature", "properties": { "feature_id": "bld_0465", "name": "Building 465 (Alakkombai Plains)", "feature_type": "building", "category": "building" }, "geometry": { "type": "Polygon", "coordinates": [ [ [ 77.132742695951293, 11.45529188874877 ], [ 77.132742695951293, 11.45549906919347 ], [ 77.132535515506589, 11.45549906919347 ], [ 77.132535515506589, 11.45529188874877 ], [ 77.132742695951293, 11.45529188874877 ] ] ] } },
{ "type": "Feature", "properties": { "feature_id": "bld_0466", "name": "Building 466 (Alakkombai Plains)", "feature_type": "building", "category": "building" }, "geometry": { "type": "Polygon", "coordinates": [ [ [ 77.162397161463801, 11.453520340474157 ], [ 77.162397161463801, 11.453715160472317 ], [ 77.16220234146563, 11.453715160472317 ], [ 77.16220234146563, 11.453520340474157 ], [ 77.162397161463801, 11.453520340474157 ] ] ] } },
{ "type": "Feature", "properties": { "feature_id": "bld_0467", "name": "Building 467 (Alakkombai Plains)", "feature_type": "building", "category": "building" }, "geometry": { "type": "Polygon", "coordinates": [ [ [ 77.152863217330733, 11.459043851404155 ], [ 77.152863217330733, 11.459227237271262 ], [ 77.15267983146363, 11.459227237271262 ], [ 77.15267983146363, 11.459043851404155 ], [ 77.152863217330733, 11.459043851404155 ] ] ] } },
{ "type": "Feature", "properties": { "feature_id": "bld_0468", "name": "Building 468 (Alakkombai Plains)", "feature_type": "building", "category": "building" }, "geometry": { "type": "Polygon", "coordinates": [ [ [ 77.132674412874024, 11.445601880397618 ], [ 77.132674412874024, 11.445864976679726 ], [ 77.132411316591913, 11.445864976679726 ], [ 77.132411316591913, 11.445601880397618 ], [ 77.132674412874024, 11.445601880397618 ] ] ] } },
{ "type": "Feature", "properties": { "feature_id": "bld_0469", "name": "Building 469 (Alakkombai Plains)", "feature_type": "building", "category": "building" }, "geometry": { "type": "Polygon", "coordinates": [ [ [ 77.155010295674415, 11.454353525583567 ], [ 77.155010295674415, 11.454631709446424 ], [ 77.154732111811555, 11.454631709446424 ], [ 77.154732111811555, 11.454353525583567 ], [ 77.155010295674415, 11.454353525583567 ] ] ] } },
{ "type": "Feature", "properties": { "feature_id": "bld_0470", "name": "Building 470 (Alakkombai Plains)", "feature_type": "building", "category": "building" }, "geometry": { "type": "Polygon", "coordinates": [ [ [ 77.161395935872392, 11.456566308298299 ], [ 77.161395935872392, 11.45684786627757 ], [ 77.161114377893128, 11.45684786627757 ], [ 77.161114377893128, 11.456566308298299 ], [ 77.161395935872392, 11.456566308298299 ] ] ] } },
{ "type": "Feature", "properties": { "feature_id": "bld_0471", "name": "Building 471 (Alakkombai Plains)", "feature_type": "building", "category": "building" }, "geometry": { "type": "Polygon", "coordinates": [ [ [ 77.134361736924461, 11.44713950991515 ], [ 77.134361736924461, 11.447337274860761 ], [ 77.134163971978836, 11.447337274860761 ], [ 77.134163971978836, 11.44713950991515 ], [ 77.134361736924461, 11.44713950991515 ] ] ] } },
{ "type": "Feature", "properties": { "feature_id": "bld_0472", "name": "Building 472 (Alakkombai Plains)", "feature_type": "building", "category": "building" }, "geometry": { "type": "Polygon", "coordinates": [ [ [ 77.127714470922484, 11.455477828161561 ], [ 77.127714470922484, 11.455768952958481 ], [ 77.127423346125568, 11.455768952958481 ], [ 77.127423346125568, 11.455477828161561 ], [ 77.127714470922484, 11.455477828161561 ] ] ] } },
{ "type": "Feature", "properties": { "feature_id": "bld_0473", "name": "Building 473 (Alakkombai Plains)", "feature_type": "building", "category": "building" }, "geometry": { "type": "Polygon", "coordinates": [ [ [ 77.12688211326207, 11.447330544348221 ], [ 77.12688211326207, 11.447553852212179 ], [ 77.126658805398108, 11.447553852212179 ], [ 77.126658805398108, 11.447330544348221 ], [ 77.12688211326207, 11.447330544348221 ] ] ] } },
{ "type": "Feature", "properties": { "feature_id": "bld_0474", "name": "Building 474 (Alakkombai Plains)", "feature_type": "building", "category": "building" }, "geometry": { "type": "Polygon", "coordinates": [ [ [ 77.167139882225371, 11.451207615662927 ], [ 77.167139882225371, 11.451438628536142 ], [ 77.166908869352142, 11.451438628536142 ], [ 77.166908869352142, 11.451207615662927 ], [ 77.167139882225371, 11.451207615662927 ] ] ] } },
{ "type": "Feature", "properties": { "feature_id": "bld_0475", "name": "Building 475 (Alakkombai Plains)", "feature_type": "building", "category": "building" }, "geometry": { "type": "Polygon", "coordinates": [ [ [ 77.127019842765876, 11.447817799910634 ], [ 77.127019842765876, 11.448115928127848 ], [ 77.126721714548651, 11.448115928127848 ], [ 77.126721714548651, 11.447817799910634 ], [ 77.127019842765876, 11.447817799910634 ] ] ] } },
{ "type": "Feature", "properties": { "feature_id": "bld_0476", "name": "Building 476 (Alakkombai Plains)", "feature_type": "building", "category": "building" }, "geometry": { "type": "Polygon", "coordinates": [ [ [ 77.168576968164615, 11.444952172793709 ], [ 77.168576968164615, 11.44524542644367 ], [ 77.168283714514644, 11.44524542644367 ], [ 77.168283714514644, 11.444952172793709 ], [ 77.168576968164615, 11.444952172793709 ] ] ] } },
{ "type": "Feature", "properties": { "feature_id": "bld_0477", "name": "Building 477 (Alakkombai Plains)", "feature_type": "building", "category": "building" }, "geometry": { "type": "Polygon", "coordinates": [ [ [ 77.153872228991588, 11.462246534100506 ], [ 77.153872228991588, 11.462470197680295 ], [ 77.1536485654118, 11.462470197680295 ], [ 77.1536485654118, 11.462246534100506 ], [ 77.153872228991588, 11.462246534100506 ] ] ] } },
{ "type": "Feature", "properties": { "feature_id": "bld_0478", "name": "Building 478 (Alakkombai Plains)", "feature_type": "building", "category": "building" }, "geometry": { "type": "Polygon", "coordinates": [ [ [ 77.148328501784093, 11.454650251107111 ], [ 77.148328501784093, 11.454903612103166 ], [ 77.148075140788038, 11.454903612103166 ], [ 77.148075140788038, 11.454650251107111 ], [ 77.148328501784093, 11.454650251107111 ] ] ] } },
{ "type": "Feature", "properties": { "feature_id": "bld_0479", "name": "Building 479 (Alakkombai Plains)", "feature_type": "building", "category": "building" }, "geometry": { "type": "Polygon", "coordinates": [ [ [ 77.131385861559949, 11.445497916701543 ], [ 77.131385861559949, 11.445701026893365 ], [ 77.131182751368129, 11.445701026893365 ], [ 77.131182751368129, 11.445497916701543 ], [ 77.131385861559949, 11.445497916701543 ] ] ] } },
{ "type": "Feature", "properties": { "feature_id": "bld_0480", "name": "Building 480 (Alakkombai Plains)", "feature_type": "building", "category": "building" }, "geometry": { "type": "Polygon", "coordinates": [ [ [ 77.156837774593484, 11.448909928772126 ], [ 77.156837774593484, 11.449164209312793 ], [ 77.156583494052811, 11.449164209312793 ], [ 77.156583494052811, 11.448909928772126 ], [ 77.156837774593484, 11.448909928772126 ] ] ] } },
{ "type": "Feature", "properties": { "feature_id": "bld_0481", "name": "Building 481 (Alakkombai Plains)", "feature_type": "building", "category": "building" }, "geometry": { "type": "Polygon", "coordinates": [ [ [ 77.168773124223108, 11.446750932167513 ], [ 77.168773124223108, 11.447005096464066 ], [ 77.168518959926544, 11.447005096464066 ], [ 77.168518959926544, 11.446750932167513 ], [ 77.168773124223108, 11.446750932167513 ] ] ] } },
{ "type": "Feature", "properties": { "feature_id": "bld_0482", "name": "Building 482 (Alakkombai Plains)", "feature_type": "building", "category": "building" }, "geometry": { "type": "Polygon", "coordinates": [ [ [ 77.145061160353961, 11.462270444602289 ], [ 77.145061160353961, 11.462455245572812 ], [ 77.144876359383446, 11.462455245572812 ], [ 77.144876359383446, 11.462270444602289 ], [ 77.145061160353961, 11.462270444602289 ] ] ] } },
{ "type": "Feature", "properties": { "feature_id": "bld_0483", "name": "Building 483 (Alakkombai Plains)", "feature_type": "building", "category": "building" }, "geometry": { "type": "Polygon", "coordinates": [ [ [ 77.156314290845543, 11.4616161827976 ], [ 77.156314290845543, 11.461908428788325 ], [ 77.156022044854822, 11.461908428788325 ], [ 77.156022044854822, 11.4616161827976 ], [ 77.156314290845543, 11.4616161827976 ] ] ] } },
{ "type": "Feature", "properties": { "feature_id": "bld_0484", "name": "Building 484 (Alakkombai Plains)", "feature_type": "building", "category": "building" }, "geometry": { "type": "Polygon", "coordinates": [ [ [ 77.155869410579839, 11.454820245973355 ], [ 77.155869410579839, 11.455066744586983 ], [ 77.155622911966219, 11.455066744586983 ], [ 77.155622911966219, 11.454820245973355 ], [ 77.155869410579839, 11.454820245973355 ] ] ] } },
{ "type": "Feature", "properties": { "feature_id": "bld_0485", "name": "Building 485 (Alakkombai Plains)", "feature_type": "building", "category": "building" }, "geometry": { "type": "Polygon", "coordinates": [ [ [ 77.164182851395722, 11.456330067838596 ], [ 77.164182851395722, 11.456494322026956 ], [ 77.164018597207374, 11.456494322026956 ], [ 77.164018597207374, 11.456330067838596 ], [ 77.164182851395722, 11.456330067838596 ] ] ] } },
{ "type": "Feature", "properties": { "feature_id": "bld_0486", "name": "Building 486 (Alakkombai Plains)", "feature_type": "building", "category": "building" }, "geometry": { "type": "Polygon", "coordinates": [ [ [ 77.167020047234828, 11.458663179083626 ], [ 77.167020047234828, 11.458917890957636 ], [ 77.166765335360807, 11.458917890957636 ], [ 77.166765335360807, 11.458663179083626 ], [ 77.167020047234828, 11.458663179083626 ] ] ] } },
{ "type": "Feature", "properties": { "feature_id": "bld_0487", "name": "Building 487 (Alakkombai Plains)", "feature_type": "building", "category": "building" }, "geometry": { "type": "Polygon", "coordinates": [ [ [ 77.134812952366289, 11.458070138896257 ], [ 77.134812952366289, 11.458285279913049 ], [ 77.134597811349508, 11.458285279913049 ], [ 77.134597811349508, 11.458070138896257 ], [ 77.134812952366289, 11.458070138896257 ] ] ] } },
{ "type": "Feature", "properties": { "feature_id": "bld_0488", "name": "Building 488 (Alakkombai Plains)", "feature_type": "building", "category": "building" }, "geometry": { "type": "Polygon", "coordinates": [ [ [ 77.154431533138194, 11.447005811434837 ], [ 77.154431533138194, 11.447257909777482 ], [ 77.154179434795537, 11.447257909777482 ], [ 77.154179434795537, 11.447005811434837 ], [ 77.154431533138194, 11.447005811434837 ] ] ] } },
{ "type": "Feature", "properties": { "feature_id": "bld_0489", "name": "Building 489 (Alakkombai Plains)", "feature_type": "building", "category": "building" }, "geometry": { "type": "Polygon", "coordinates": [ [ [ 77.17012201985257, 11.445815838584316 ], [ 77.17012201985257, 11.446112642970107 ], [ 77.169825215466787, 11.446112642970107 ], [ 77.169825215466787, 11.445815838584316 ], [ 77.17012201985257, 11.445815838584316 ] ] ] } },
{ "type": "Feature", "properties": { "feature_id": "bld_0490", "name": "Building 490 (Alakkombai Plains)", "feature_type": "building", "category": "building" }, "geometry": { "type": "Polygon", "coordinates": [ [ [ 77.143445625216415, 11.462280302022862 ], [ 77.143445625216415, 11.462549835990629 ], [ 77.143176091248634, 11.462549835990629 ], [ 77.143176091248634, 11.462280302022862 ], [ 77.143445625216415, 11.462280302022862 ] ] ] } },
{ "type": "Feature", "properties": { "feature_id": "bld_0491", "name": "Building 491 (Alakkombai Plains)", "feature_type": "building", "category": "building" }, "geometry": { "type": "Polygon", "coordinates": [ [ [ 77.15065722783369, 11.459627488095736 ], [ 77.15065722783369, 11.459910480274319 ], [ 77.150374235655121, 11.459910480274319 ], [ 77.150374235655121, 11.459627488095736 ], [ 77.15065722783369, 11.459627488095736 ] ] ] } },
{ "type": "Feature", "properties": { "feature_id": "bld_0492", "name": "Building 492 (Alakkombai Plains)", "feature_type": "building", "category": "building" }, "geometry": { "type": "Polygon", "coordinates": [ [ [ 77.143313046011286, 11.451413931694276 ], [ 77.143313046011286, 11.451667394768254 ], [ 77.143059582937298, 11.451667394768254 ], [ 77.143059582937298, 11.451413931694276 ], [ 77.143313046011286, 11.451413931694276 ] ] ] } },
{ "type": "Feature", "properties": { "feature_id": "bld_0493", "name": "Building 493 (Alakkombai Plains)", "feature_type": "building", "category": "building" }, "geometry": { "type": "Polygon", "coordinates": [ [ [ 77.161488914342769, 11.460109855740113 ], [ 77.161488914342769, 11.460381549650952 ], [ 77.161217220431936, 11.460381549650952 ], [ 77.161217220431936, 11.460109855740113 ], [ 77.161488914342769, 11.460109855740113 ] ] ] } },
{ "type": "Feature", "properties": { "feature_id": "bld_0494", "name": "Building 494 (Alakkombai Plains)", "feature_type": "building", "category": "building" }, "geometry": { "type": "Polygon", "coordinates": [ [ [ 77.144689663800463, 11.461268269689624 ], [ 77.144689663800463, 11.461445098957375 ], [ 77.144512834532705, 11.461445098957375 ], [ 77.144512834532705, 11.461268269689624 ], [ 77.144689663800463, 11.461268269689624 ] ] ] } },
{ "type": "Feature", "properties": { "feature_id": "bld_0495", "name": "Building 495 (Alakkombai Plains)", "feature_type": "building", "category": "building" }, "geometry": { "type": "Polygon", "coordinates": [ [ [ 77.149604730416328, 11.445012452201871 ], [ 77.149604730416328, 11.445217894218056 ], [ 77.149399288400147, 11.445217894218056 ], [ 77.149399288400147, 11.445012452201871 ], [ 77.149604730416328, 11.445012452201871 ] ] ] } },
{ "type": "Feature", "properties": { "feature_id": "bld_0496", "name": "Building 496 (Alakkombai Plains)", "feature_type": "building", "category": "building" }, "geometry": { "type": "Polygon", "coordinates": [ [ [ 77.141619451773678, 11.452794771127715 ], [ 77.141619451773678, 11.453052136536654 ], [ 77.141362086364737, 11.453052136536654 ], [ 77.141362086364737, 11.452794771127715 ], [ 77.141619451773678, 11.452794771127715 ] ] ] } },
{ "type": "Feature", "properties": { "feature_id": "bld_0497", "name": "Building 497 (Alakkombai Plains)", "feature_type": "building", "category": "building" }, "geometry": { "type": "Polygon", "coordinates": [ [ [ 77.142581742646328, 11.453877244363291 ], [ 77.142581742646328, 11.454070500541611 ], [ 77.142388486467993, 11.454070500541611 ], [ 77.142388486467993, 11.453877244363291 ], [ 77.142581742646328, 11.453877244363291 ] ] ] } },
{ "type": "Feature", "properties": { "feature_id": "bld_0498", "name": "Building 498 (Alakkombai Plains)", "feature_type": "building", "category": "building" }, "geometry": { "type": "Polygon", "coordinates": [ [ [ 77.141881454337991, 11.449460268830599 ], [ 77.141881454337991, 11.449630516259926 ], [ 77.141711206908653, 11.449630516259926 ], [ 77.141711206908653, 11.449460268830599 ], [ 77.141881454337991, 11.449460268830599 ] ] ] } },
{ "type": "Feature", "properties": { "feature_id": "bld_0499", "name": "Building 499 (Alakkombai Plains)", "feature_type": "building", "category": "building" }, "geometry": { "type": "Polygon", "coordinates": [ [ [ 77.152278551026384, 11.458240891646879 ], [ 77.152278551026384, 11.458487620295321 ], [ 77.152031822377936, 11.458487620295321 ], [ 77.152031822377936, 11.458240891646879 ], [ 77.152278551026384, 11.458240891646879 ] ] ] } },
{ "type": "Feature", "properties": { "feature_id": "bld_0500", "name": "Building 500 (Alakkombai Plains)", "feature_type": "building", "category": "building" }, "geometry": { "type": "Polygon", "coordinates": [ [ [ 77.14599766532649, 11.452455282248113 ], [ 77.14599766532649, 11.452736148959055 ], [ 77.145716798615553, 11.452736148959055 ], [ 77.145716798615553, 11.452455282248113 ], [ 77.14599766532649, 11.452455282248113 ] ] ] } },
{ "type": "Feature", "properties": { "feature_id": "bld_0501", "name": "Building 501 (Alakkombai Plains)", "feature_type": "building", "category": "building" }, "geometry": { "type": "Polygon", "coordinates": [ [ [ 77.148440475275734, 11.454501842607989 ], [ 77.148440475275734, 11.454665432497201 ], [ 77.148276885386522, 11.454665432497201 ], [ 77.148276885386522, 11.454501842607989 ], [ 77.148440475275734, 11.454501842607989 ] ] ] } },
{ "type": "Feature", "properties": { "feature_id": "bld_0502", "name": "Building 502 (Alakkombai Plains)", "feature_type": "building", "category": "building" }, "geometry": { "type": "Polygon", "coordinates": [ [ [ 77.140464069837833, 11.452495994781055 ], [ 77.140464069837833, 11.452711829970381 ], [ 77.14024823464851, 11.452711829970381 ], [ 77.14024823464851, 11.452495994781055 ], [ 77.140464069837833, 11.452495994781055 ] ] ] } },
{ "type": "Feature", "properties": { "feature_id": "bld_0503", "name": "Building 503 (Alakkombai Plains)", "feature_type": "building", "category": "building" }, "geometry": { "type": "Polygon", "coordinates": [ [ [ 77.151230309971723, 11.455549497578042 ], [ 77.151230309971723, 11.455794604291034 ], [ 77.150985203258742, 11.455794604291034 ], [ 77.150985203258742, 11.455549497578042 ], [ 77.151230309971723, 11.455549497578042 ] ] ] } },
{ "type": "Feature", "properties": { "feature_id": "bld_0504", "name": "Building 504 (Alakkombai Plains)", "feature_type": "building", "category": "building" }, "geometry": { "type": "Polygon", "coordinates": [ [ [ 77.159550015384738, 11.461129446158985 ], [ 77.159550015384738, 11.461389983389658 ], [ 77.159289478154065, 11.461389983389658 ], [ 77.159289478154065, 11.461129446158985 ], [ 77.159550015384738, 11.461129446158985 ] ] ] } },
{ "type": "Feature", "properties": { "feature_id": "bld_0505", "name": "Building 505 (Alakkombai Plains)", "feature_type": "building", "category": "building" }, "geometry": { "type": "Polygon", "coordinates": [ [ [ 77.168092270776981, 11.44527094719453 ], [ 77.168092270776981, 11.445458356112525 ], [ 77.167904861858972, 11.445458356112525 ], [ 77.167904861858972, 11.44527094719453 ], [ 77.168092270776981, 11.44527094719453 ] ] ] } },
{ "type": "Feature", "properties": { "feature_id": "bld_0506", "name": "Building 506 (Alakkombai Plains)", "feature_type": "building", "category": "building" }, "geometry": { "type": "Polygon", "coordinates": [ [ [ 77.125483191512444, 11.457806632144665 ], [ 77.125483191512444, 11.458092356421519 ], [ 77.12519746723558, 11.458092356421519 ], [ 77.12519746723558, 11.457806632144665 ], [ 77.125483191512444, 11.457806632144665 ] ] ] } },
{ "type": "Feature", "properties": { "feature_id": "bld_0507", "name": "Building 507 (Alakkombai Plains)", "feature_type": "building", "category": "building" }, "geometry": { "type": "Polygon", "coordinates": [ [ [ 77.136040922063259, 11.463456472178605 ], [ 77.136040922063259, 11.463624909613246 ], [ 77.135872484628621, 11.463624909613246 ], [ 77.135872484628621, 11.463456472178605 ], [ 77.136040922063259, 11.463456472178605 ] ] ] } },
{ "type": "Feature", "properties": { "feature_id": "bld_0508", "name": "Building 508 (Alakkombai Plains)", "feature_type": "building", "category": "building" }, "geometry": { "type": "Polygon", "coordinates": [ [ [ 77.167136720664232, 11.451945354286801 ], [ 77.167136720664232, 11.452119553202783 ], [ 77.16696252174826, 11.452119553202783 ], [ 77.16696252174826, 11.451945354286801 ], [ 77.167136720664232, 11.451945354286801 ] ] ] } },
{ "type": "Feature", "properties": { "feature_id": "bld_0509", "name": "Building 509 (Alakkombai Plains)", "feature_type": "building", "category": "building" }, "geometry": { "type": "Polygon", "coordinates": [ [ [ 77.146964170266529, 11.450035590251273 ], [ 77.146964170266529, 11.450235472457548 ], [ 77.14676428806024, 11.450235472457548 ], [ 77.14676428806024, 11.450035590251273 ], [ 77.146964170266529, 11.450035590251273 ] ] ] } },
{ "type": "Feature", "properties": { "feature_id": "bld_0510", "name": "Building 510 (Alakkombai Plains)", "feature_type": "building", "category": "building" }, "geometry": { "type": "Polygon", "coordinates": [ [ [ 77.138945789711059, 11.460942776667286 ], [ 77.138945789711059, 11.461178259246021 ], [ 77.138710307132314, 11.461178259246021 ], [ 77.138710307132314, 11.460942776667286 ], [ 77.138945789711059, 11.460942776667286 ] ] ] } },
{ "type": "Feature", "properties": { "feature_id": "bld_0511", "name": "Building 511 (Alakkombai Plains)", "feature_type": "building", "category": "building" }, "geometry": { "type": "Polygon", "coordinates": [ [ [ 77.13913897700921, 11.457076545119024 ], [ 77.13913897700921, 11.457336806213414 ], [ 77.138878715914828, 11.457336806213414 ], [ 77.138878715914828, 11.457076545119024 ], [ 77.13913897700921, 11.457076545119024 ] ] ] } },
{ "type": "Feature", "properties": { "feature_id": "bld_0512", "name": "Building 512 (Alakkombai Plains)", "feature_type": "building", "category": "building" }, "geometry": { "type": "Polygon", "coordinates": [ [ [ 77.137356612059548, 11.453182450003974 ], [ 77.137356612059548, 11.453359514057039 ], [ 77.137179548006472, 11.453359514057039 ], [ 77.137179548006472, 11.453182450003974 ], [ 77.137356612059548, 11.453182450003974 ] ] ] } },
{ "type": "Feature", "properties": { "feature_id": "bld_0513", "name": "Building 513 (Alakkombai Plains)", "feature_type": "building", "category": "building" }, "geometry": { "type": "Polygon", "coordinates": [ [ [ 77.133244421413394, 11.45852965639496 ], [ 77.133244421413394, 11.458715057763639 ], [ 77.133059020044726, 11.458715057763639 ], [ 77.133059020044726, 11.45852965639496 ], [ 77.133244421413394, 11.45852965639496 ] ] ] } },
{ "type": "Feature", "properties": { "feature_id": "bld_0514", "name": "Building 514 (Alakkombai Plains)", "feature_type": "building", "category": "building" }, "geometry": { "type": "Polygon", "coordinates": [ [ [ 77.148719833649636, 11.459093443849833 ], [ 77.148719833649636, 11.459268406619065 ], [ 77.148544870880414, 11.459268406619065 ], [ 77.148544870880414, 11.459093443849833 ], [ 77.148719833649636, 11.459093443849833 ] ] ] } },
{ "type": "Feature", "properties": { "feature_id": "bld_0515", "name": "Building 515 (Alakkombai Plains)", "feature_type": "building", "category": "building" }, "geometry": { "type": "Polygon", "coordinates": [ [ [ 77.150676454764564, 11.44998385079276 ], [ 77.150676454764564, 11.450278660555293 ], [ 77.150381645002042, 11.450278660555293 ], [ 77.150381645002042, 11.44998385079276 ], [ 77.150676454764564, 11.44998385079276 ] ] ] } },
{ "type": "Feature", "properties": { "feature_id": "bld_0516", "name": "Building 516 (Alakkombai Plains)", "feature_type": "building", "category": "building" }, "geometry": { "type": "Polygon", "coordinates": [ [ [ 77.146878069960351, 11.461001335137553 ], [ 77.146878069960351, 11.461238366853454 ], [ 77.146641038244454, 11.461238366853454 ], [ 77.146641038244454, 11.461001335137553 ], [ 77.146878069960351, 11.461001335137553 ] ] ] } },
{ "type": "Feature", "properties": { "feature_id": "bld_0517", "name": "Building 517 (Alakkombai Plains)", "feature_type": "building", "category": "building" }, "geometry": { "type": "Polygon", "coordinates": [ [ [ 77.127100162212415, 11.457516429277927 ], [ 77.127100162212415, 11.457809625745835 ], [ 77.126806965744507, 11.457809625745835 ], [ 77.126806965744507, 11.457516429277927 ], [ 77.127100162212415, 11.457516429277927 ] ] ] } },
{ "type": "Feature", "properties": { "feature_id": "bld_0518", "name": "Building 518 (Alakkombai Plains)", "feature_type": "building", "category": "building" }, "geometry": { "type": "Polygon", "coordinates": [ [ [ 77.152214426359023, 11.4612418827361 ], [ 77.152214426359023, 11.46152567164097 ], [ 77.151930637454143, 11.46152567164097 ], [ 77.151930637454143, 11.4612418827361 ], [ 77.152214426359023, 11.4612418827361 ] ] ] } },
{ "type": "Feature", "properties": { "feature_id": "bld_0519", "name": "Building 519 (Alakkombai Plains)", "feature_type": "building", "category": "building" }, "geometry": { "type": "Polygon", "coordinates": [ [ [ 77.135386358406919, 11.449118128128944 ], [ 77.135386358406919, 11.449363665467384 ], [ 77.135140821068489, 11.449363665467384 ], [ 77.135140821068489, 11.449118128128944 ], [ 77.135386358406919, 11.449118128128944 ] ] ] } },
{ "type": "Feature", "properties": { "feature_id": "bld_0520", "name": "Building 520 (Alakkombai Plains)", "feature_type": "building", "category": "building" }, "geometry": { "type": "Polygon", "coordinates": [ [ [ 77.143639282759935, 11.461654224438696 ], [ 77.143639282759935, 11.461940227675971 ], [ 77.143353279522657, 11.461940227675971 ], [ 77.143353279522657, 11.461654224438696 ], [ 77.143639282759935, 11.461654224438696 ] ] ] } },
{ "type": "Feature", "properties": { "feature_id": "bld_0521", "name": "Building 521 (Alakkombai Plains)", "feature_type": "building", "category": "building" }, "geometry": { "type": "Polygon", "coordinates": [ [ [ 77.141038598854692, 11.449602774393423 ], [ 77.141038598854692, 11.449872047965556 ], [ 77.140769325282548, 11.449872047965556 ], [ 77.140769325282548, 11.449602774393423 ], [ 77.141038598854692, 11.449602774393423 ] ] ] } },
{ "type": "Feature", "properties": { "feature_id": "bld_0522", "name": "Building 522 (Alakkombai Plains)", "feature_type": "building", "category": "building" }, "geometry": { "type": "Polygon", "coordinates": [ [ [ 77.137475933277415, 11.461342624692517 ], [ 77.137475933277415, 11.461561948048029 ], [ 77.137256609921906, 11.461561948048029 ], [ 77.137256609921906, 11.461342624692517 ], [ 77.137475933277415, 11.461342624692517 ] ] ] } },
{ "type": "Feature", "properties": { "feature_id": "bld_0523", "name": "Building 523 (Alakkombai Plains)", "feature_type": "building", "category": "building" }, "geometry": { "type": "Polygon", "coordinates": [ [ [ 77.155163415620848, 11.446787036123967 ], [ 77.155163415620848, 11.44703437642942 ], [ 77.154916075315384, 11.44703437642942 ], [ 77.154916075315384, 11.446787036123967 ], [ 77.155163415620848, 11.446787036123967 ] ] ] } },
{ "type": "Feature", "properties": { "feature_id": "bld_0524", "name": "Building 524 (Alakkombai Plains)", "feature_type": "building", "category": "building" }, "geometry": { "type": "Polygon", "coordinates": [ [ [ 77.145421306537713, 11.456640408268967 ], [ 77.145421306537713, 11.45682393025805 ], [ 77.145237784548641, 11.45682393025805 ], [ 77.145237784548641, 11.456640408268967 ], [ 77.145421306537713, 11.456640408268967 ] ] ] } },
{ "type": "Feature", "properties": { "feature_id": "bld_0525", "name": "Building 525 (Alakkombai Plains)", "feature_type": "building", "category": "building" }, "geometry": { "type": "Polygon", "coordinates": [ [ [ 77.158254490308494, 11.462160769764859 ], [ 77.158254490308494, 11.462351113336871 ], [ 77.158064146736493, 11.462351113336871 ], [ 77.158064146736493, 11.462160769764859 ], [ 77.158254490308494, 11.462160769764859 ] ] ] } },
{ "type": "Feature", "properties": { "feature_id": "bld_0526", "name": "Building 526 (Alakkombai Plains)", "feature_type": "building", "category": "building" }, "geometry": { "type": "Polygon", "coordinates": [ [ [ 77.12943209300343, 11.445347833715896 ], [ 77.12943209300343, 11.445597709725959 ], [ 77.129182216993371, 11.445597709725959 ], [ 77.129182216993371, 11.445347833715896 ], [ 77.12943209300343, 11.445347833715896 ] ] ] } },
{ "type": "Feature", "properties": { "feature_id": "bld_0527", "name": "Building 527 (Alakkombai Plains)", "feature_type": "building", "category": "building" }, "geometry": { "type": "Polygon", "coordinates": [ [ [ 77.152415467920719, 11.455837711957553 ], [ 77.152415467920719, 11.456030184551011 ], [ 77.152222995327264, 11.456030184551011 ], [ 77.152222995327264, 11.455837711957553 ], [ 77.152415467920719, 11.455837711957553 ] ] ] } },
{ "type": "Feature", "properties": { "feature_id": "bld_0528", "name": "Building 528 (Alakkombai Plains)", "feature_type": "building", "category": "building" }, "geometry": { "type": "Polygon", "coordinates": [ [ [ 77.142705543495879, 11.456774753023602 ], [ 77.142705543495879, 11.457004300383844 ], [ 77.14247599613563, 11.457004300383844 ], [ 77.14247599613563, 11.456774753023602 ], [ 77.142705543495879, 11.456774753023602 ] ] ] } },
{ "type": "Feature", "properties": { "feature_id": "bld_0529", "name": "Building 529 (Alakkombai Plains)", "feature_type": "building", "category": "building" }, "geometry": { "type": "Polygon", "coordinates": [ [ [ 77.169579008528459, 11.447600134932353 ], [ 77.169579008528459, 11.447857455169919 ], [ 77.169321688290879, 11.447857455169919 ], [ 77.169321688290879, 11.447600134932353 ], [ 77.169579008528459, 11.447600134932353 ] ] ] } },
{ "type": "Feature", "properties": { "feature_id": "bld_0530", "name": "Building 530 (Alakkombai Plains)", "feature_type": "building", "category": "building" }, "geometry": { "type": "Polygon", "coordinates": [ [ [ 77.14332457640829, 11.453433760454917 ], [ 77.14332457640829, 11.453694224142108 ], [ 77.143064112721092, 11.453694224142108 ], [ 77.143064112721092, 11.453433760454917 ], [ 77.14332457640829, 11.453433760454917 ] ] ] } },
{ "type": "Feature", "properties": { "feature_id": "bld_0531", "name": "Building 531 (Alakkombai Plains)", "feature_type": "building", "category": "building" }, "geometry": { "type": "Polygon", "coordinates": [ [ [ 77.156248614409861, 11.464736132273783 ], [ 77.156248614409861, 11.464914107474305 ], [ 77.156070639209332, 11.464914107474305 ], [ 77.156070639209332, 11.464736132273783 ], [ 77.156248614409861, 11.464736132273783 ] ] ] } },
{ "type": "Feature", "properties": { "feature_id": "bld_0532", "name": "Building 532 (Alakkombai Plains)", "feature_type": "building", "category": "building" }, "geometry": { "type": "Polygon", "coordinates": [ [ [ 77.129805421306472, 11.459366289258384 ], [ 77.129805421306472, 11.459607263426765 ], [ 77.129564447138094, 11.459607263426765 ], [ 77.129564447138094, 11.459366289258384 ], [ 77.129805421306472, 11.459366289258384 ] ] ] } },
{ "type": "Feature", "properties": { "feature_id": "bld_0533", "name": "Building 533 (Alakkombai Plains)", "feature_type": "building", "category": "building" }, "geometry": { "type": "Polygon", "coordinates": [ [ [ 77.13742322607267, 11.446502391302309 ], [ 77.13742322607267, 11.446674383457252 ], [ 77.137251233917723, 11.446674383457252 ], [ 77.137251233917723, 11.446502391302309 ], [ 77.13742322607267, 11.446502391302309 ] ] ] } },
{ "type": "Feature", "properties": { "feature_id": "bld_0534", "name": "Building 534 (Alakkombai Plains)", "feature_type": "building", "category": "building" }, "geometry": { "type": "Polygon", "coordinates": [ [ [ 77.165341225369232, 11.448734710485027 ], [ 77.165341225369232, 11.448939982503724 ], [ 77.165135953350543, 11.448939982503724 ], [ 77.165135953350543, 11.448734710485027 ], [ 77.165341225369232, 11.448734710485027 ] ] ] } },
{ "type": "Feature", "properties": { "feature_id": "bld_0535", "name": "Building 535 (Alakkombai Plains)", "feature_type": "building", "category": "building" }, "geometry": { "type": "Polygon", "coordinates": [ [ [ 77.135284397769198, 11.452015066447645 ], [ 77.135284397769198, 11.452184785785631 ], [ 77.135114678431222, 11.452184785785631 ], [ 77.135114678431222, 11.452015066447645 ], [ 77.135284397769198, 11.452015066447645 ] ] ] } },
{ "type": "Feature", "properties": { "feature_id": "bld_0536", "name": "Building 536 (Alakkombai Plains)", "feature_type": "building", "category": "building" }, "geometry": { "type": "Polygon", "coordinates": [ [ [ 77.148493715546422, 11.446216226316297 ], [ 77.148493715546422, 11.446488276227393 ], [ 77.148221665635319, 11.446488276227393 ], [ 77.148221665635319, 11.446216226316297 ], [ 77.148493715546422, 11.446216226316297 ] ] ] } },
{ "type": "Feature", "properties": { "feature_id": "bld_0537", "name": "Building 537 (Alakkombai Plains)", "feature_type": "building", "category": "building" }, "geometry": { "type": "Polygon", "coordinates": [ [ [ 77.135658649222094, 11.455658632755961 ], [ 77.135658649222094, 11.455941843828219 ], [ 77.135375438149836, 11.455941843828219 ], [ 77.135375438149836, 11.455658632755961 ], [ 77.135658649222094, 11.455658632755961 ] ] ] } },
{ "type": "Feature", "properties": { "feature_id": "bld_0538", "name": "Building 538 (Alakkombai Plains)", "feature_type": "building", "category": "building" }, "geometry": { "type": "Polygon", "coordinates": [ [ [ 77.154392184969836, 11.45555645236831 ], [ 77.154392184969836, 11.455761859093744 ], [ 77.154186778244409, 11.455761859093744 ], [ 77.154186778244409, 11.45555645236831 ], [ 77.154392184969836, 11.45555645236831 ] ] ] } },
{ "type": "Feature", "properties": { "feature_id": "bld_0539", "name": "Building 539 (Alakkombai Plains)", "feature_type": "building", "category": "building" }, "geometry": { "type": "Polygon", "coordinates": [ [ [ 77.140134675842901, 11.458240149348679 ], [ 77.140134675842901, 11.458539328859249 ], [ 77.139835496332338, 11.458539328859249 ], [ 77.139835496332338, 11.458240149348679 ], [ 77.140134675842901, 11.458240149348679 ] ] ] } },
{ "type": "Feature", "properties": { "feature_id": "bld_0540", "name": "Building 540 (Alakkombai Plains)", "feature_type": "building", "category": "building" }, "geometry": { "type": "Polygon", "coordinates": [ [ [ 77.154913909078942, 11.456024522811685 ], [ 77.154913909078942, 11.456286813883118 ], [ 77.154651618007506, 11.456286813883118 ], [ 77.154651618007506, 11.456024522811685 ], [ 77.154913909078942, 11.456024522811685 ] ] ] } },
{ "type": "Feature", "properties": { "feature_id": "bld_0541", "name": "Building 541 (Alakkombai Plains)", "feature_type": "building", "category": "building" }, "geometry": { "type": "Polygon", "coordinates": [ [ [ 77.146053613329869, 11.446083486074905 ], [ 77.146053613329869, 11.446322207629127 ], [ 77.145814891775657, 11.446322207629127 ], [ 77.145814891775657, 11.446083486074905 ], [ 77.146053613329869, 11.446083486074905 ] ] ] } },
{ "type": "Feature", "properties": { "feature_id": "bld_0542", "name": "Building 542 (Alakkombai Plains)", "feature_type": "building", "category": "building" }, "geometry": { "type": "Polygon", "coordinates": [ [ [ 77.168221438145096, 11.448377758504796 ], [ 77.168221438145096, 11.44863435918951 ], [ 77.167964837460389, 11.44863435918951 ], [ 77.167964837460389, 11.448377758504796 ], [ 77.168221438145096, 11.448377758504796 ] ] ] } },
{ "type": "Feature", "properties": { "feature_id": "bld_0543", "name": "Building 543 (Alakkombai Plains)", "feature_type": "building", "category": "building" }, "geometry": { "type": "Polygon", "coordinates": [ [ [ 77.13412878334114, 11.455629786337987 ], [ 77.13412878334114, 11.455803321040936 ], [ 77.133955248638188, 11.455803321040936 ], [ 77.133955248638188, 11.455629786337987 ], [ 77.13412878334114, 11.455629786337987 ] ] ] } },
{ "type": "Feature", "properties": { "feature_id": "bld_0544", "name": "Building 544 (Alakkombai Plains)", "feature_type": "building", "category": "building" }, "geometry": { "type": "Polygon", "coordinates": [ [ [ 77.145371022138306, 11.460018936571208 ], [ 77.145371022138306, 11.4602275965846 ], [ 77.145162362124921, 11.4602275965846 ], [ 77.145162362124921, 11.460018936571208 ], [ 77.145371022138306, 11.460018936571208 ] ] ] } },
{ "type": "Feature", "properties": { "feature_id": "bld_0545", "name": "Building 545 (Alakkombai Plains)", "feature_type": "building", "category": "building" }, "geometry": { "type": "Polygon", "coordinates": [ [ [ 77.15506593004929, 11.460764096768431 ], [ 77.15506593004929, 11.461053901663158 ], [ 77.154776125154569, 11.461053901663158 ], [ 77.154776125154569, 11.460764096768431 ], [ 77.15506593004929, 11.460764096768431 ] ] ] } },
{ "type": "Feature", "properties": { "feature_id": "bld_0546", "name": "Building 546 (Alakkombai Plains)", "feature_type": "building", "category": "building" }, "geometry": { "type": "Polygon", "coordinates": [ [ [ 77.135649562804431, 11.452895649195254 ], [ 77.135649562804431, 11.45307698743712 ], [ 77.135468224562558, 11.45307698743712 ], [ 77.135468224562558, 11.452895649195254 ], [ 77.135649562804431, 11.452895649195254 ] ] ] } },
{ "type": "Feature", "properties": { "feature_id": "bld_0547", "name": "Building 547 (Alakkombai Plains)", "feature_type": "building", "category": "building" }, "geometry": { "type": "Polygon", "coordinates": [ [ [ 77.169779554596246, 11.463422222359366 ], [ 77.169779554596246, 11.463657816357607 ], [ 77.169543960598006, 11.463657816357607 ], [ 77.169543960598006, 11.463422222359366 ], [ 77.169779554596246, 11.463422222359366 ] ] ] } },
{ "type": "Feature", "properties": { "feature_id": "bld_0548", "name": "Building 548 (Alakkombai Plains)", "feature_type": "building", "category": "building" }, "geometry": { "type": "Polygon", "coordinates": [ [ [ 77.163015149245098, 11.45529550854728 ], [ 77.163015149245098, 11.455542810543601 ], [ 77.162767847248773, 11.455542810543601 ], [ 77.162767847248773, 11.45529550854728 ], [ 77.163015149245098, 11.45529550854728 ] ] ] } },
{ "type": "Feature", "properties": { "feature_id": "bld_0549", "name": "Building 549 (Alakkombai Plains)", "feature_type": "building", "category": "building" }, "geometry": { "type": "Polygon", "coordinates": [ [ [ 77.129099539389074, 11.460016468466081 ], [ 77.129099539389074, 11.46019434835379 ], [ 77.128921659501373, 11.46019434835379 ], [ 77.128921659501373, 11.460016468466081 ], [ 77.129099539389074, 11.460016468466081 ] ] ] } },
{ "type": "Feature", "properties": { "feature_id": "bld_0550", "name": "Building 550 (Alakkombai Plains)", "feature_type": "building", "category": "building" }, "geometry": { "type": "Polygon", "coordinates": [ [ [ 77.162302655490208, 11.460510949624567 ], [ 77.162302655490208, 11.460770173882249 ], [ 77.162043431232519, 11.460770173882249 ], [ 77.162043431232519, 11.460510949624567 ], [ 77.162302655490208, 11.460510949624567 ] ] ] } },
{ "type": "Feature", "properties": { "feature_id": "bld_0551", "name": "Building 551 (Alakkombai Plains)", "feature_type": "building", "category": "building" }, "geometry": { "type": "Polygon", "coordinates": [ [ [ 77.12672563500351, 11.450964149239013 ], [ 77.12672563500351, 11.451160984998801 ], [ 77.126528799243715, 11.451160984998801 ], [ 77.126528799243715, 11.450964149239013 ], [ 77.12672563500351, 11.450964149239013 ] ] ] } },
{ "type": "Feature", "properties": { "feature_id": "bld_0552", "name": "Building 552 (Alakkombai Plains)", "feature_type": "building", "category": "building" }, "geometry": { "type": "Polygon", "coordinates": [ [ [ 77.141351725383828, 11.446607267887664 ], [ 77.141351725383828, 11.446898441982889 ], [ 77.141060551288604, 11.446898441982889 ], [ 77.141060551288604, 11.446607267887664 ], [ 77.141351725383828, 11.446607267887664 ] ] ] } },
{ "type": "Feature", "properties": { "feature_id": "bld_0553", "name": "Building 553 (Alakkombai Plains)", "feature_type": "building", "category": "building" }, "geometry": { "type": "Polygon", "coordinates": [ [ [ 77.150028889538248, 11.451002697506965 ], [ 77.150028889538248, 11.451218274919356 ], [ 77.149813312125872, 11.451218274919356 ], [ 77.149813312125872, 11.451002697506965 ], [ 77.150028889538248, 11.451002697506965 ] ] ] } },
{ "type": "Feature", "properties": { "feature_id": "bld_0554", "name": "Building 554 (Alakkombai Plains)", "feature_type": "building", "category": "building" }, "geometry": { "type": "Polygon", "coordinates": [ [ [ 77.145240211882651, 11.456895789107273 ], [ 77.145240211882651, 11.457127984227151 ], [ 77.145008016762773, 11.457127984227151 ], [ 77.145008016762773, 11.456895789107273 ], [ 77.145240211882651, 11.456895789107273 ] ] ] } },
{ "type": "Feature", "properties": { "feature_id": "bld_0555", "name": "Building 555 (Alakkombai Plains)", "feature_type": "building", "category": "building" }, "geometry": { "type": "Polygon", "coordinates": [ [ [ 77.16652208985569, 11.454789818597078 ], [ 77.16652208985569, 11.455088720719154 ], [ 77.166223187733621, 11.455088720719154 ], [ 77.166223187733621, 11.454789818597078 ], [ 77.16652208985569, 11.454789818597078 ] ] ] } },
{ "type": "Feature", "properties": { "feature_id": "bld_0556", "name": "Building 556 (Alakkombai Plains)", "feature_type": "building", "category": "building" }, "geometry": { "type": "Polygon", "coordinates": [ [ [ 77.16345926476356, 11.449025068622122 ], [ 77.16345926476356, 11.449315351952171 ], [ 77.1631689814335, 11.449315351952171 ], [ 77.1631689814335, 11.449025068622122 ], [ 77.16345926476356, 11.449025068622122 ] ] ] } },
{ "type": "Feature", "properties": { "feature_id": "bld_0557", "name": "Building 557 (Alakkombai Plains)", "feature_type": "building", "category": "building" }, "geometry": { "type": "Polygon", "coordinates": [ [ [ 77.130343131535398, 11.46124235053928 ], [ 77.130343131535398, 11.461455637800366 ], [ 77.130129844274308, 11.461455637800366 ], [ 77.130129844274308, 11.46124235053928 ], [ 77.130343131535398, 11.46124235053928 ] ] ] } },
{ "type": "Feature", "properties": { "feature_id": "bld_0558", "name": "Building 558 (Alakkombai Plains)", "feature_type": "building", "category": "building" }, "geometry": { "type": "Polygon", "coordinates": [ [ [ 77.164645259198039, 11.462224719024141 ], [ 77.164645259198039, 11.462497548580158 ], [ 77.164372429642015, 11.462497548580158 ], [ 77.164372429642015, 11.462224719024141 ], [ 77.164645259198039, 11.462224719024141 ] ] ] } },
{ "type": "Feature", "properties": { "feature_id": "bld_0559", "name": "Building 559 (Alakkombai Plains)", "feature_type": "building", "category": "building" }, "geometry": { "type": "Polygon", "coordinates": [ [ [ 77.160637033983633, 11.451007918432149 ], [ 77.160637033983633, 11.451179247131774 ], [ 77.160465705284011, 11.451179247131774 ], [ 77.160465705284011, 11.451007918432149 ], [ 77.160637033983633, 11.451007918432149 ] ] ] } },
{ "type": "Feature", "properties": { "feature_id": "bld_0560", "name": "Building 560 (Alakkombai Plains)", "feature_type": "building", "category": "building" }, "geometry": { "type": "Polygon", "coordinates": [ [ [ 77.143262754620665, 11.448341843723506 ], [ 77.143262754620665, 11.448599136875954 ], [ 77.143005461468206, 11.448599136875954 ], [ 77.143005461468206, 11.448341843723506 ], [ 77.143262754620665, 11.448341843723506 ] ] ] } },
{ "type": "Feature", "properties": { "feature_id": "bld_0561", "name": "Building 561 (Alakkombai Plains)", "feature_type": "building", "category": "building" }, "geometry": { "type": "Polygon", "coordinates": [ [ [ 77.140699355739613, 11.464387335971784 ], [ 77.140699355739613, 11.464637072062613 ], [ 77.140449619648777, 11.464637072062613 ], [ 77.140449619648777, 11.464387335971784 ], [ 77.140699355739613, 11.464387335971784 ] ] ] } },
{ "type": "Feature", "properties": { "feature_id": "bld_0562", "name": "Building 562 (Alakkombai Plains)", "feature_type": "building", "category": "building" }, "geometry": { "type": "Polygon", "coordinates": [ [ [ 77.162151966377309, 11.447510152441078 ], [ 77.162151966377309, 11.447790834468597 ], [ 77.161871284349786, 11.447790834468597 ], [ 77.161871284349786, 11.447510152441078 ], [ 77.162151966377309, 11.447510152441078 ] ] ] } },
{ "type": "Feature", "properties": { "feature_id": "bld_0563", "name": "Building 563 (Alakkombai Plains)", "feature_type": "building", "category": "building" }, "geometry": { "type": "Polygon", "coordinates": [ [ [ 77.166646511278742, 11.454618800670737 ], [ 77.166646511278742, 11.45486367608202 ], [ 77.166401635867459, 11.45486367608202 ], [ 77.166401635867459, 11.454618800670737 ], [ 77.166646511278742, 11.454618800670737 ] ] ] } },
{ "type": "Feature", "properties": { "feature_id": "bld_0564", "name": "Building 564 (Alakkombai Plains)", "feature_type": "building", "category": "building" }, "geometry": { "type": "Polygon", "coordinates": [ [ [ 77.159531620665987, 11.448381592919857 ], [ 77.159531620665987, 11.448611952170561 ], [ 77.15930126141528, 11.448611952170561 ], [ 77.15930126141528, 11.448381592919857 ], [ 77.159531620665987, 11.448381592919857 ] ] ] } },
{ "type": "Feature", "properties": { "feature_id": "bld_0565", "name": "Building 565 (Alakkombai Plains)", "feature_type": "building", "category": "building" }, "geometry": { "type": "Polygon", "coordinates": [ [ [ 77.143045563659314, 11.447821752433686 ], [ 77.143045563659314, 11.448033207252806 ], [ 77.142834108840191, 11.448033207252806 ], [ 77.142834108840191, 11.447821752433686 ], [ 77.143045563659314, 11.447821752433686 ] ] ] } },
{ "type": "Feature", "properties": { "feature_id": "bld_0566", "name": "Building 566 (Alakkombai Plains)", "feature_type": "building", "category": "building" }, "geometry": { "type": "Polygon", "coordinates": [ [ [ 77.128157215562595, 11.445426776498749 ], [ 77.128157215562595, 11.445605699779232 ], [ 77.127978292282108, 11.445605699779232 ], [ 77.127978292282108, 11.445426776498749 ], [ 77.128157215562595, 11.445426776498749 ] ] ] } },
{ "type": "Feature", "properties": { "feature_id": "bld_0567", "name": "Building 567 (Alakkombai Plains)", "feature_type": "building", "category": "building" }, "geometry": { "type": "Polygon", "coordinates": [ [ [ 77.168487787572801, 11.455842983166621 ], [ 77.168487787572801, 11.456138198269182 ], [ 77.168192572470232, 11.456138198269182 ], [ 77.168192572470232, 11.455842983166621 ], [ 77.168487787572801, 11.455842983166621 ] ] ] } },
{ "type": "Feature", "properties": { "feature_id": "bld_0568", "name": "Building 568 (Alakkombai Plains)", "feature_type": "building", "category": "building" }, "geometry": { "type": "Polygon", "coordinates": [ [ [ 77.144577834455262, 11.451120892731307 ], [ 77.144577834455262, 11.451351752592103 ], [ 77.144346974594455, 11.451351752592103 ], [ 77.144346974594455, 11.451120892731307 ], [ 77.144577834455262, 11.451120892731307 ] ] ] } },
{ "type": "Feature", "properties": { "feature_id": "bld_0569", "name": "Building 569 (Alakkombai Plains)", "feature_type": "building", "category": "building" }, "geometry": { "type": "Polygon", "coordinates": [ [ [ 77.144902883830511, 11.446988435843208 ], [ 77.144902883830511, 11.447238151527264 ], [ 77.144653168146462, 11.447238151527264 ], [ 77.144653168146462, 11.446988435843208 ], [ 77.144902883830511, 11.446988435843208 ] ] ] } },
{ "type": "Feature", "properties": { "feature_id": "bld_0570", "name": "Building 570 (Alakkombai Plains)", "feature_type": "building", "category": "building" }, "geometry": { "type": "Polygon", "coordinates": [ [ [ 77.134847232289403, 11.45726624502149 ], [ 77.134847232289403, 11.457517273174425 ], [ 77.134596204136457, 11.457517273174425 ], [ 77.134596204136457, 11.45726624502149 ], [ 77.134847232289403, 11.45726624502149 ] ] ] } },
{ "type": "Feature", "properties": { "feature_id": "bld_0571", "name": "Building 571 (Alakkombai Plains)", "feature_type": "building", "category": "building" }, "geometry": { "type": "Polygon", "coordinates": [ [ [ 77.131975771701818, 11.446092339231189 ], [ 77.131975771701818, 11.446361645853237 ], [ 77.131706465079773, 11.446361645853237 ], [ 77.131706465079773, 11.446092339231189 ], [ 77.131975771701818, 11.446092339231189 ] ] ] } },
{ "type": "Feature", "properties": { "feature_id": "bld_0572", "name": "Building 572 (Alakkombai Plains)", "feature_type": "building", "category": "building" }, "geometry": { "type": "Polygon", "coordinates": [ [ [ 77.145840659711823, 11.446013635267908 ], [ 77.145840659711823, 11.44631291655231 ], [ 77.14554137842741, 11.44631291655231 ], [ 77.14554137842741, 11.446013635267908 ], [ 77.145840659711823, 11.446013635267908 ] ] ] } },
{ "type": "Feature", "properties": { "feature_id": "bld_0573", "name": "Building 573 (Alakkombai Plains)", "feature_type": "building", "category": "building" }, "geometry": { "type": "Polygon", "coordinates": [ [ [ 77.127748982769603, 11.458751847052403 ], [ 77.127748982769603, 11.45904956210194 ], [ 77.127451267720076, 11.45904956210194 ], [ 77.127451267720076, 11.458751847052403 ], [ 77.127748982769603, 11.458751847052403 ] ] ] } },
{ "type": "Feature", "properties": { "feature_id": "bld_0574", "name": "Building 574 (Alakkombai Plains)", "feature_type": "building", "category": "building" }, "geometry": { "type": "Polygon", "coordinates": [ [ [ 77.13585160163548, 11.447756490427984 ], [ 77.13585160163548, 11.447933484319503 ], [ 77.135674607743951, 11.447933484319503 ], [ 77.135674607743951, 11.447756490427984 ], [ 77.13585160163548, 11.447756490427984 ] ] ] } },
{ "type": "Feature", "properties": { "feature_id": "bld_0575", "name": "Building 575 (Alakkombai Plains)", "feature_type": "building", "category": "building" }, "geometry": { "type": "Polygon", "coordinates": [ [ [ 77.138775832934456, 11.446892464926295 ], [ 77.138775832934456, 11.447149367514131 ], [ 77.138518930346621, 11.447149367514131 ], [ 77.138518930346621, 11.446892464926295 ], [ 77.138775832934456, 11.446892464926295 ] ] ] } },
{ "type": "Feature", "properties": { "feature_id": "bld_0576", "name": "Building 576 (Alakkombai Plains)", "feature_type": "building", "category": "building" }, "geometry": { "type": "Polygon", "coordinates": [ [ [ 77.127952899695615, 11.455038673783227 ], [ 77.127952899695615, 11.455338211342765 ], [ 77.127653362136087, 11.455338211342765 ], [ 77.127653362136087, 11.455038673783227 ], [ 77.127952899695615, 11.455038673783227 ] ] ] } },
{ "type": "Feature", "properties": { "feature_id": "bld_0577", "name": "Building 577 (Alakkombai Plains)", "feature_type": "building", "category": "building" }, "geometry": { "type": "Polygon", "coordinates": [ [ [ 77.161730099881225, 11.457202951011165 ], [ 77.161730099881225, 11.457405826518077 ], [ 77.161527224374311, 11.457405826518077 ], [ 77.161527224374311, 11.457202951011165 ], [ 77.161730099881225, 11.457202951011165 ] ] ] } },
{ "type": "Feature", "properties": { "feature_id": "bld_0578", "name": "Building 578 (Alakkombai Plains)", "feature_type": "building", "category": "building" }, "geometry": { "type": "Polygon", "coordinates": [ [ [ 77.153185138469993, 11.45543100344136 ], [ 77.153185138469993, 11.455650655115106 ], [ 77.152965486796248, 11.455650655115106 ], [ 77.152965486796248, 11.45543100344136 ], [ 77.153185138469993, 11.45543100344136 ] ] ] } },
{ "type": "Feature", "properties": { "feature_id": "bld_0579", "name": "Building 579 (Alakkombai Plains)", "feature_type": "building", "category": "building" }, "geometry": { "type": "Polygon", "coordinates": [ [ [ 77.130993451878723, 11.462620599379392 ], [ 77.130993451878723, 11.462843569230227 ], [ 77.130770482027899, 11.462843569230227 ], [ 77.130770482027899, 11.462620599379392 ], [ 77.130993451878723, 11.462620599379392 ] ] ] } },
{ "type": "Feature", "properties": { "feature_id": "bld_0580", "name": "Building 580 (Alakkombai Plains)", "feature_type": "building", "category": "building" }, "geometry": { "type": "Polygon", "coordinates": [ [ [ 77.133867002114613, 11.452246197934869 ], [ 77.133867002114613, 11.452464176100221 ], [ 77.13364902394926, 11.452464176100221 ], [ 77.13364902394926, 11.452246197934869 ], [ 77.133867002114613, 11.452246197934869 ] ] ] } },
{ "type": "Feature", "properties": { "feature_id": "bld_0581", "name": "Building 581 (Alakkombai Plains)", "feature_type": "building", "category": "building" }, "geometry": { "type": "Polygon", "coordinates": [ [ [ 77.162373056643062, 11.459538436268673 ], [ 77.162373056643062, 11.459806138953784 ], [ 77.162105353957955, 11.459806138953784 ], [ 77.162105353957955, 11.459538436268673 ], [ 77.162373056643062, 11.459538436268673 ] ] ] } },
{ "type": "Feature", "properties": { "feature_id": "bld_0582", "name": "Building 582 (Alakkombai Plains)", "feature_type": "building", "category": "building" }, "geometry": { "type": "Polygon", "coordinates": [ [ [ 77.125610100989903, 11.453209385872981 ], [ 77.125610100989903, 11.453436774054211 ], [ 77.125382712808673, 11.453436774054211 ], [ 77.125382712808673, 11.453209385872981 ], [ 77.125610100989903, 11.453209385872981 ] ] ] } },
{ "type": "Feature", "properties": { "feature_id": "bld_0583", "name": "Building 583 (Alakkombai Plains)", "feature_type": "building", "category": "building" }, "geometry": { "type": "Polygon", "coordinates": [ [ [ 77.125996872744665, 11.450063043887281 ], [ 77.125996872744665, 11.45032948446252 ], [ 77.125730432169419, 11.45032948446252 ], [ 77.125730432169419, 11.450063043887281 ], [ 77.125996872744665, 11.450063043887281 ] ] ] } },
{ "type": "Feature", "properties": { "feature_id": "bld_0584", "name": "Building 584 (Alakkombai Plains)", "feature_type": "building", "category": "building" }, "geometry": { "type": "Polygon", "coordinates": [ [ [ 77.131265000888845, 11.455611138498011 ], [ 77.131265000888845, 11.455801266760094 ], [ 77.131074872626755, 11.455801266760094 ], [ 77.131074872626755, 11.455611138498011 ], [ 77.131265000888845, 11.455611138498011 ] ] ] } },
{ "type": "Feature", "properties": { "feature_id": "bld_0585", "name": "Building 585 (Alakkombai Plains)", "feature_type": "building", "category": "building" }, "geometry": { "type": "Polygon", "coordinates": [ [ [ 77.125693746021824, 11.449675717989146 ], [ 77.125693746021824, 11.449972340314835 ], [ 77.125397123696132, 11.449972340314835 ], [ 77.125397123696132, 11.449675717989146 ], [ 77.125693746021824, 11.449675717989146 ] ] ] } },
{ "type": "Feature", "properties": { "feature_id": "bld_0586", "name": "Building 586 (Alakkombai Plains)", "feature_type": "building", "category": "building" }, "geometry": { "type": "Polygon", "coordinates": [ [ [ 77.161183319817809, 11.464077383103346 ], [ 77.161183319817809, 11.464305682669496 ], [ 77.160955020251663, 11.464305682669496 ], [ 77.160955020251663, 11.464077383103346 ], [ 77.161183319817809, 11.464077383103346 ] ] ] } },
{ "type": "Feature", "properties": { "feature_id": "bld_0587", "name": "Building 587 (Alakkombai Plains)", "feature_type": "building", "category": "building" }, "geometry": { "type": "Polygon", "coordinates": [ [ [ 77.13004993535391, 11.455847383366054 ], [ 77.13004993535391, 11.456070996192894 ], [ 77.12982632252708, 11.456070996192894 ], [ 77.12982632252708, 11.455847383366054 ], [ 77.13004993535391, 11.455847383366054 ] ] ] } },
{ "type": "Feature", "properties": { "feature_id": "bld_0588", "name": "Building 588 (Alakkombai Plains)", "feature_type": "building", "category": "building" }, "geometry": { "type": "Polygon", "coordinates": [ [ [ 77.16311024560288, 11.446847474736094 ], [ 77.16311024560288, 11.447075828495278 ], [ 77.162881891843696, 11.447075828495278 ], [ 77.162881891843696, 11.446847474736094 ], [ 77.16311024560288, 11.446847474736094 ] ] ] } },
{ "type": "Feature", "properties": { "feature_id": "bld_0589", "name": "Building 589 (Alakkombai Plains)", "feature_type": "building", "category": "building" }, "geometry": { "type": "Polygon", "coordinates": [ [ [ 77.131883804906636, 11.451361903542384 ], [ 77.131883804906636, 11.45162513353322 ], [ 77.131620574915814, 11.45162513353322 ], [ 77.131620574915814, 11.451361903542384 ], [ 77.131883804906636, 11.451361903542384 ] ] ] } },
{ "type": "Feature", "properties": { "feature_id": "bld_0590", "name": "Building 590 (Alakkombai Plains)", "feature_type": "building", "category": "building" }, "geometry": { "type": "Polygon", "coordinates": [ [ [ 77.146528429161094, 11.452410152363415 ], [ 77.146528429161094, 11.452625379042415 ], [ 77.146313202482105, 11.452625379042415 ], [ 77.146313202482105, 11.452410152363415 ], [ 77.146528429161094, 11.452410152363415 ] ] ] } },
{ "type": "Feature", "properties": { "feature_id": "bld_0591", "name": "Building 591 (Alakkombai Plains)", "feature_type": "building", "category": "building" }, "geometry": { "type": "Polygon", "coordinates": [ [ [ 77.145817550506493, 11.460557884948514 ], [ 77.145817550506493, 11.460842776804967 ], [ 77.145532658650055, 11.460842776804967 ], [ 77.145532658650055, 11.460557884948514 ], [ 77.145817550506493, 11.460557884948514 ] ] ] } },
{ "type": "Feature", "properties": { "feature_id": "bld_0592", "name": "Building 592 (Alakkombai Plains)", "feature_type": "building", "category": "building" }, "geometry": { "type": "Polygon", "coordinates": [ [ [ 77.168092139375375, 11.460635989242403 ], [ 77.168092139375375, 11.46084014620781 ], [ 77.167887982409979, 11.46084014620781 ], [ 77.167887982409979, 11.460635989242403 ], [ 77.168092139375375, 11.460635989242403 ] ] ] } },
{ "type": "Feature", "properties": { "feature_id": "bld_0593", "name": "Building 593 (Alakkombai Plains)", "feature_type": "building", "category": "building" }, "geometry": { "type": "Polygon", "coordinates": [ [ [ 77.156063888717441, 11.453654235537565 ], [ 77.156063888717441, 11.453849889424651 ], [ 77.155868234830351, 11.453849889424651 ], [ 77.155868234830351, 11.453654235537565 ], [ 77.156063888717441, 11.453654235537565 ] ] ] } },
{ "type": "Feature", "properties": { "feature_id": "bld_0594", "name": "Building 594 (Alakkombai Plains)", "feature_type": "building", "category": "building" }, "geometry": { "type": "Polygon", "coordinates": [ [ [ 77.162982344413621, 11.445625403639797 ], [ 77.162982344413621, 11.445911650318697 ], [ 77.16269609773471, 11.445911650318697 ], [ 77.16269609773471, 11.445625403639797 ], [ 77.162982344413621, 11.445625403639797 ] ] ] } },
{ "type": "Feature", "properties": { "feature_id": "bld_0595", "name": "Building 595 (Alakkombai Plains)", "feature_type": "building", "category": "building" }, "geometry": { "type": "Polygon", "coordinates": [ [ [ 77.145892640682661, 11.457617874761612 ], [ 77.145892640682661, 11.457870184310719 ], [ 77.145640331133563, 11.457870184310719 ], [ 77.145640331133563, 11.457617874761612 ], [ 77.145892640682661, 11.457617874761612 ] ] ] } },
{ "type": "Feature", "properties": { "feature_id": "bld_0596", "name": "Building 596 (Alakkombai Plains)", "feature_type": "building", "category": "building" }, "geometry": { "type": "Polygon", "coordinates": [ [ [ 77.165403273682728, 11.457610418292411 ], [ 77.165403273682728, 11.457856368994278 ], [ 77.16515732298086, 11.457856368994278 ], [ 77.16515732298086, 11.457610418292411 ], [ 77.165403273682728, 11.457610418292411 ] ] ] } },
{ "type": "Feature", "properties": { "feature_id": "bld_0597", "name": "Building 597 (Alakkombai Plains)", "feature_type": "building", "category": "building" }, "geometry": { "type": "Polygon", "coordinates": [ [ [ 77.128089853655283, 11.455277648608847 ], [ 77.128089853655283, 11.455458672268962 ], [ 77.127908829995178, 11.455458672268962 ], [ 77.127908829995178, 11.455277648608847 ], [ 77.128089853655283, 11.455277648608847 ] ] ] } },
{ "type": "Feature", "properties": { "feature_id": "bld_0598", "name": "Building 598 (Alakkombai Plains)", "feature_type": "building", "category": "building" }, "geometry": { "type": "Polygon", "coordinates": [ [ [ 77.158312135537017, 11.455116822471709 ], [ 77.158312135537017, 11.455372054360797 ], [ 77.158056903647918, 11.455372054360797 ], [ 77.158056903647918, 11.455116822471709 ], [ 77.158312135537017, 11.455116822471709 ] ] ] } },
{ "type": "Feature", "properties": { "feature_id": "bld_0599", "name": "Building 599 (Alakkombai Plains)", "feature_type": "building", "category": "building" }, "geometry": { "type": "Polygon", "coordinates": [ [ [ 77.127005423164263, 11.446565697683752 ], [ 77.127005423164263, 11.446825982958082 ], [ 77.126745137889941, 11.446825982958082 ], [ 77.126745137889941, 11.446565697683752 ], [ 77.127005423164263, 11.446565697683752 ] ] ] } },
{ "type": "Feature", "properties": { "feature_id": "bld_0600", "name": "Building 600 (Alakkombai Plains)", "feature_type": "building", "category": "building" }, "geometry": { "type": "Polygon", "coordinates": [ [ [ 77.12832464271321, 11.446344286962038 ], [ 77.12832464271321, 11.446505982148572 ], [ 77.128162947526675, 11.446505982148572 ], [ 77.128162947526675, 11.446344286962038 ], [ 77.12832464271321, 11.446344286962038 ] ] ] } },
{ "type": "Feature", "properties": { "feature_id": "bld_0601", "name": "Building 601 (Alakkombai Plains)", "feature_type": "building", "category": "building" }, "geometry": { "type": "Polygon", "coordinates": [ [ [ 77.168147290522072, 11.459645439590584 ], [ 77.168147290522072, 11.459854894787775 ], [ 77.167937835324878, 11.459854894787775 ], [ 77.167937835324878, 11.459645439590584 ], [ 77.168147290522072, 11.459645439590584 ] ] ] } },
{ "type": "Feature", "properties": { "feature_id": "bld_0602", "name": "Building 602 (Alakkombai Plains)", "feature_type": "building", "category": "building" }, "geometry": { "type": "Polygon", "coordinates": [ [ [ 77.13847832690513, 11.451859838847735 ], [ 77.13847832690513, 11.452128290342099 ], [ 77.138209875410752, 11.452128290342099 ], [ 77.138209875410752, 11.451859838847735 ], [ 77.13847832690513, 11.451859838847735 ] ] ] } },
{ "type": "Feature", "properties": { "feature_id": "bld_0603", "name": "Building 603 (Alakkombai Plains)", "feature_type": "building", "category": "building" }, "geometry": { "type": "Polygon", "coordinates": [ [ [ 77.154853865151651, 11.448611723703875 ], [ 77.154853865151651, 11.448796099010822 ], [ 77.154669489844693, 11.448796099010822 ], [ 77.154669489844693, 11.448611723703875 ], [ 77.154853865151651, 11.448611723703875 ] ] ] } },
{ "type": "Feature", "properties": { "feature_id": "bld_0604", "name": "Building 604 (Alakkombai Plains)", "feature_type": "building", "category": "building" }, "geometry": { "type": "Polygon", "coordinates": [ [ [ 77.129561310323453, 11.458072548307673 ], [ 77.129561310323453, 11.458339560480383 ], [ 77.129294298150739, 11.458339560480383 ], [ 77.129294298150739, 11.458072548307673 ], [ 77.129561310323453, 11.458072548307673 ] ] ] } },
{ "type": "Feature", "properties": { "feature_id": "bld_0605", "name": "Building 605 (Alakkombai Plains)", "feature_type": "building", "category": "building" }, "geometry": { "type": "Polygon", "coordinates": [ [ [ 77.137012841291352, 11.445333147203895 ], [ 77.137012841291352, 11.445504651237341 ], [ 77.136841337257891, 11.445504651237341 ], [ 77.136841337257891, 11.445333147203895 ], [ 77.137012841291352, 11.445333147203895 ] ] ] } },
{ "type": "Feature", "properties": { "feature_id": "bld_0606", "name": "Building 606 (Alakkombai Plains)", "feature_type": "building", "category": "building" }, "geometry": { "type": "Polygon", "coordinates": [ [ [ 77.168687547188384, 11.4507750499292 ], [ 77.168687547188384, 11.451042741169898 ], [ 77.168419855947676, 11.451042741169898 ], [ 77.168419855947676, 11.4507750499292 ], [ 77.168687547188384, 11.4507750499292 ] ] ] } },
{ "type": "Feature", "properties": { "feature_id": "bld_0607", "name": "Building 607 (Alakkombai Plains)", "feature_type": "building", "category": "building" }, "geometry": { "type": "Polygon", "coordinates": [ [ [ 77.153204258706808, 11.452544394684704 ], [ 77.153204258706808, 11.452733190901412 ], [ 77.153015462490089, 11.452733190901412 ], [ 77.153015462490089, 11.452544394684704 ], [ 77.153204258706808, 11.452544394684704 ] ] ] } },
{ "type": "Feature", "properties": { "feature_id": "bld_0608", "name": "Building 608 (Alakkombai Plains)", "feature_type": "building", "category": "building" }, "geometry": { "type": "Polygon", "coordinates": [ [ [ 77.130596613181822, 11.457166034996133 ], [ 77.130596613181822, 11.457434483725423 ], [ 77.130328164452536, 11.457434483725423 ], [ 77.130328164452536, 11.457166034996133 ], [ 77.130596613181822, 11.457166034996133 ] ] ] } },
{ "type": "Feature", "properties": { "feature_id": "bld_0609", "name": "Building 609 (Alakkombai Plains)", "feature_type": "building", "category": "building" }, "geometry": { "type": "Polygon", "coordinates": [ [ [ 77.154058627994999, 11.455523106079344 ], [ 77.154058627994999, 11.455688979250624 ], [ 77.153892754823715, 11.455688979250624 ], [ 77.153892754823715, 11.455523106079344 ], [ 77.154058627994999, 11.455523106079344 ] ] ] } },
{ "type": "Feature", "properties": { "feature_id": "bld_0610", "name": "Building 610 (Alakkombai Plains)", "feature_type": "building", "category": "building" }, "geometry": { "type": "Polygon", "coordinates": [ [ [ 77.16868249253433, 11.460873786290522 ], [ 77.16868249253433, 11.461074781375659 ], [ 77.168481497449179, 11.461074781375659 ], [ 77.168481497449179, 11.460873786290522 ], [ 77.16868249253433, 11.460873786290522 ] ] ] } },
{ "type": "Feature", "properties": { "feature_id": "bld_0611", "name": "Building 611 (Alakkombai Plains)", "feature_type": "building", "category": "building" }, "geometry": { "type": "Polygon", "coordinates": [ [ [ 77.169219434407225, 11.456916862206652 ], [ 77.169219434407225, 11.4571584013788 ], [ 77.168977895235074, 11.4571584013788 ], [ 77.168977895235074, 11.456916862206652 ], [ 77.169219434407225, 11.456916862206652 ] ] ] } },
{ "type": "Feature", "properties": { "feature_id": "bld_0612", "name": "Building 612 (Alakkombai Plains)", "feature_type": "building", "category": "building" }, "geometry": { "type": "Polygon", "coordinates": [ [ [ 77.158789246576845, 11.461109442259289 ], [ 77.158789246576845, 11.461361349264315 ], [ 77.158537339571808, 11.461361349264315 ], [ 77.158537339571808, 11.461109442259289 ], [ 77.158789246576845, 11.461109442259289 ] ] ] } },
{ "type": "Feature", "properties": { "feature_id": "bld_0613", "name": "Building 613 (Alakkombai Plains)", "feature_type": "building", "category": "building" }, "geometry": { "type": "Polygon", "coordinates": [ [ [ 77.130909274441308, 11.451620384265068 ], [ 77.130909274441308, 11.451910315974713 ], [ 77.130619342731649, 11.451910315974713 ], [ 77.130619342731649, 11.451620384265068 ], [ 77.130909274441308, 11.451620384265068 ] ] ] } },
{ "type": "Feature", "properties": { "feature_id": "bld_0614", "name": "Building 614 (Alakkombai Plains)", "feature_type": "building", "category": "building" }, "geometry": { "type": "Polygon", "coordinates": [ [ [ 77.135217947914782, 11.452333095094943 ], [ 77.135217947914782, 11.452553585858556 ], [ 77.134997457151172, 11.452553585858556 ], [ 77.134997457151172, 11.452333095094943 ], [ 77.135217947914782, 11.452333095094943 ] ] ] } },
{ "type": "Feature", "properties": { "feature_id": "bld_0615", "name": "Building 615 (Alakkombai Plains)", "feature_type": "building", "category": "building" }, "geometry": { "type": "Polygon", "coordinates": [ [ [ 77.144919239844896, 11.457112776341248 ], [ 77.144919239844896, 11.457404806958532 ], [ 77.144627209227608, 11.457404806958532 ], [ 77.144627209227608, 11.457112776341248 ], [ 77.144919239844896, 11.457112776341248 ] ] ] } },
{ "type": "Feature", "properties": { "feature_id": "bld_0616", "name": "Building 616 (Alakkombai Plains)", "feature_type": "building", "category": "building" }, "geometry": { "type": "Polygon", "coordinates": [ [ [ 77.135924994966757, 11.447336204591728 ], [ 77.135924994966757, 11.447523850460311 ], [ 77.135737349098179, 11.447523850460311 ], [ 77.135737349098179, 11.447336204591728 ], [ 77.135924994966757, 11.447336204591728 ] ] ] } },
{ "type": "Feature", "properties": { "feature_id": "bld_0617", "name": "Building 617 (Alakkombai Plains)", "feature_type": "building", "category": "building" }, "geometry": { "type": "Polygon", "coordinates": [ [ [ 77.165011633984662, 11.457816202777856 ], [ 77.165011633984662, 11.458016229728351 ], [ 77.164811607034167, 11.458016229728351 ], [ 77.164811607034167, 11.457816202777856 ], [ 77.165011633984662, 11.457816202777856 ] ] ] } },
{ "type": "Feature", "properties": { "feature_id": "bld_0618", "name": "Building 618 (Alakkombai Plains)", "feature_type": "building", "category": "building" }, "geometry": { "type": "Polygon", "coordinates": [ [ [ 77.161856868257289, 11.462088143923561 ], [ 77.161856868257289, 11.462366655930976 ], [ 77.161578356249876, 11.462366655930976 ], [ 77.161578356249876, 11.462088143923561 ], [ 77.161856868257289, 11.462088143923561 ] ] ] } },
{ "type": "Feature", "properties": { "feature_id": "bld_0619", "name": "Building 619 (Alakkombai Plains)", "feature_type": "building", "category": "building" }, "geometry": { "type": "Polygon", "coordinates": [ [ [ 77.166484546948794, 11.449911967468456 ], [ 77.166484546948794, 11.45017767333848 ], [ 77.166218841078773, 11.45017767333848 ], [ 77.166218841078773, 11.449911967468456 ], [ 77.166484546948794, 11.449911967468456 ] ] ] } },
{ "type": "Feature", "properties": { "feature_id": "bld_0620", "name": "Building 620 (Alakkombai Plains)", "feature_type": "building", "category": "building" }, "geometry": { "type": "Polygon", "coordinates": [ [ [ 77.145855271724741, 11.461708976710399 ], [ 77.145855271724741, 11.461970965405202 ], [ 77.145593283029939, 11.461970965405202 ], [ 77.145593283029939, 11.461708976710399 ], [ 77.145855271724741, 11.461708976710399 ] ] ] } },
{ "type": "Feature", "properties": { "feature_id": "bld_0621", "name": "Building 621 (Alakkombai Plains)", "feature_type": "building", "category": "building" }, "geometry": { "type": "Polygon", "coordinates": [ [ [ 77.160032555106341, 11.458030816739759 ], [ 77.160032555106341, 11.458215656767484 ], [ 77.159847715078627, 11.458215656767484 ], [ 77.159847715078627, 11.458030816739759 ], [ 77.160032555106341, 11.458030816739759 ] ] ] } },
{ "type": "Feature", "properties": { "feature_id": "bld_0622", "name": "Building 622 (Alakkombai Plains)", "feature_type": "building", "category": "building" }, "geometry": { "type": "Polygon", "coordinates": [ [ [ 77.149671828515011, 11.464547777625835 ], [ 77.149671828515011, 11.464839011955146 ], [ 77.149380594185715, 11.464839011955146 ], [ 77.149380594185715, 11.464547777625835 ], [ 77.149671828515011, 11.464547777625835 ] ] ] } },
{ "type": "Feature", "properties": { "feature_id": "bld_0623", "name": "Building 623 (Alakkombai Plains)", "feature_type": "building", "category": "building" }, "geometry": { "type": "Polygon", "coordinates": [ [ [ 77.127032039124998, 11.448207075300449 ], [ 77.127032039124998, 11.448385517328731 ], [ 77.126853597096726, 11.448385517328731 ], [ 77.126853597096726, 11.448207075300449 ], [ 77.127032039124998, 11.448207075300449 ] ] ] } },
{ "type": "Feature", "properties": { "feature_id": "bld_0624", "name": "Building 624 (Alakkombai Plains)", "feature_type": "building", "category": "building" }, "geometry": { "type": "Polygon", "coordinates": [ [ [ 77.157764041744983, 11.461260760801498 ], [ 77.157764041744983, 11.461450652392781 ], [ 77.157574150153707, 11.461450652392781 ], [ 77.157574150153707, 11.461260760801498 ], [ 77.157764041744983, 11.461260760801498 ] ] ] } },
{ "type": "Feature", "properties": { "feature_id": "bld_0625", "name": "Building 625 (Alakkombai Plains)", "feature_type": "building", "category": "building" }, "geometry": { "type": "Polygon", "coordinates": [ [ [ 77.14789466729097, 11.461682764452091 ], [ 77.14789466729097, 11.461945356668357 ], [ 77.147632075074696, 11.461945356668357 ], [ 77.147632075074696, 11.461682764452091 ], [ 77.14789466729097, 11.461682764452091 ] ] ] } },
{ "type": "Feature", "properties": { "feature_id": "bld_0626", "name": "Building 626 (Alakkombai Plains)", "feature_type": "building", "category": "building" }, "geometry": { "type": "Polygon", "coordinates": [ [ [ 77.149516259485424, 11.456691368570892 ], [ 77.149516259485424, 11.45692253904746 ], [ 77.149285089008842, 11.45692253904746 ], [ 77.149285089008842, 11.456691368570892 ], [ 77.149516259485424, 11.456691368570892 ] ] ] } },
{ "type": "Feature", "properties": { "feature_id": "bld_0627", "name": "Building 627 (Alakkombai Plains)", "feature_type": "building", "category": "building" }, "geometry": { "type": "Polygon", "coordinates": [ [ [ 77.138517902280483, 11.456172217886037 ], [ 77.138517902280483, 11.456428661828324 ], [ 77.138261458338206, 11.456428661828324 ], [ 77.138261458338206, 11.456172217886037 ], [ 77.138517902280483, 11.456172217886037 ] ] ] } },
{ "type": "Feature", "properties": { "feature_id": "bld_0628", "name": "Building 628 (Alakkombai Plains)", "feature_type": "building", "category": "building" }, "geometry": { "type": "Polygon", "coordinates": [ [ [ 77.164432809721333, 11.457592548571991 ], [ 77.164432809721333, 11.457859105587179 ], [ 77.164166252706153, 11.457859105587179 ], [ 77.164166252706153, 11.457592548571991 ], [ 77.164432809721333, 11.457592548571991 ] ] ] } },
{ "type": "Feature", "properties": { "feature_id": "bld_0629", "name": "Building 629 (Alakkombai Plains)", "feature_type": "building", "category": "building" }, "geometry": { "type": "Polygon", "coordinates": [ [ [ 77.132283876786346, 11.454150496275007 ], [ 77.132283876786346, 11.454311802701783 ], [ 77.13212257035957, 11.454311802701783 ], [ 77.13212257035957, 11.454150496275007 ], [ 77.132283876786346, 11.454150496275007 ] ] ] } },
{ "type": "Feature", "properties": { "feature_id": "bld_0630", "name": "Building 630 (Alakkombai Plains)", "feature_type": "building", "category": "building" }, "geometry": { "type": "Polygon", "coordinates": [ [ [ 77.136249975600066, 11.459379807605664 ], [ 77.136249975600066, 11.459678660998854 ], [ 77.135951122206876, 11.459678660998854 ], [ 77.135951122206876, 11.459379807605664 ], [ 77.136249975600066, 11.459379807605664 ] ] ] } },
{ "type": "Feature", "properties": { "feature_id": "bld_0631", "name": "Building 631 (Alakkombai Plains)", "feature_type": "building", "category": "building" }, "geometry": { "type": "Polygon", "coordinates": [ [ [ 77.129599019449245, 11.452893881349418 ], [ 77.129599019449245, 11.453165891285035 ], [ 77.129327009513617, 11.453165891285035 ], [ 77.129327009513617, 11.452893881349418 ], [ 77.129599019449245, 11.452893881349418 ] ] ] } },
{ "type": "Feature", "properties": { "feature_id": "bld_0632", "name": "Building 632 (Alakkombai Plains)", "feature_type": "building", "category": "building" }, "geometry": { "type": "Polygon", "coordinates": [ [ [ 77.134312918549028, 11.455970383995323 ], [ 77.134312918549028, 11.456233013976769 ], [ 77.134050288567579, 11.456233013976769 ], [ 77.134050288567579, 11.455970383995323 ], [ 77.134312918549028, 11.455970383995323 ] ] ] } },
{ "type": "Feature", "properties": { "feature_id": "bld_0633", "name": "Building 633 (Alakkombai Plains)", "feature_type": "building", "category": "building" }, "geometry": { "type": "Polygon", "coordinates": [ [ [ 77.152824222181522, 11.4486556177725 ], [ 77.152824222181522, 11.448865371612117 ], [ 77.152614468341909, 11.448865371612117 ], [ 77.152614468341909, 11.4486556177725 ], [ 77.152824222181522, 11.4486556177725 ] ] ] } },
{ "type": "Feature", "properties": { "feature_id": "bld_0634", "name": "Building 634 (Alakkombai Plains)", "feature_type": "building", "category": "building" }, "geometry": { "type": "Polygon", "coordinates": [ [ [ 77.160350996374788, 11.456004164209691 ], [ 77.160350996374788, 11.456164896355588 ], [ 77.160190264228888, 11.456164896355588 ], [ 77.160190264228888, 11.456004164209691 ], [ 77.160350996374788, 11.456004164209691 ] ] ] } },
{ "type": "Feature", "properties": { "feature_id": "bld_0635", "name": "Building 635 (Alakkombai Plains)", "feature_type": "building", "category": "building" }, "geometry": { "type": "Polygon", "coordinates": [ [ [ 77.159376785566053, 11.445574025734015 ], [ 77.159376785566053, 11.445838428463595 ], [ 77.159112382836469, 11.445838428463595 ], [ 77.159112382836469, 11.445574025734015 ], [ 77.159376785566053, 11.445574025734015 ] ] ] } },
{ "type": "Feature", "properties": { "feature_id": "bld_0636", "name": "Building 636 (Alakkombai Plains)", "feature_type": "building", "category": "building" }, "geometry": { "type": "Polygon", "coordinates": [ [ [ 77.134217381060026, 11.464055713749797 ], [ 77.134217381060026, 11.464267225454979 ], [ 77.134005869354851, 11.464267225454979 ], [ 77.134005869354851, 11.464055713749797 ], [ 77.134217381060026, 11.464055713749797 ] ] ] } },
{ "type": "Feature", "properties": { "feature_id": "bld_0637", "name": "Building 637 (Alakkombai Plains)", "feature_type": "building", "category": "building" }, "geometry": { "type": "Polygon", "coordinates": [ [ [ 77.139813315030295, 11.447876368711565 ], [ 77.139813315030295, 11.448079153301734 ], [ 77.139610530440137, 11.448079153301734 ], [ 77.139610530440137, 11.447876368711565 ], [ 77.139813315030295, 11.447876368711565 ] ] ] } },
{ "type": "Feature", "properties": { "feature_id": "bld_0638", "name": "Building 638 (Alakkombai Plains)", "feature_type": "building", "category": "building" }, "geometry": { "type": "Polygon", "coordinates": [ [ [ 77.164555065949401, 11.464820905085409 ], [ 77.164555065949401, 11.465032468419681 ], [ 77.164343502615139, 11.465032468419681 ], [ 77.164343502615139, 11.464820905085409 ], [ 77.164555065949401, 11.464820905085409 ] ] ] } },
{ "type": "Feature", "properties": { "feature_id": "bld_0639", "name": "Building 639 (Alakkombai Plains)", "feature_type": "building", "category": "building" }, "geometry": { "type": "Polygon", "coordinates": [ [ [ 77.145329512097589, 11.459299385059422 ], [ 77.145329512097589, 11.459583452468687 ], [ 77.145045444688321, 11.459583452468687 ], [ 77.145045444688321, 11.459299385059422 ], [ 77.145329512097589, 11.459299385059422 ] ] ] } },
{ "type": "Feature", "properties": { "feature_id": "bld_0640", "name": "Building 640 (Alakkombai Plains)", "feature_type": "building", "category": "building" }, "geometry": { "type": "Polygon", "coordinates": [ [ [ 77.151795878567256, 11.452721630434697 ], [ 77.151795878567256, 11.452939397492417 ], [ 77.151578111509551, 11.452939397492417 ], [ 77.151578111509551, 11.452721630434697 ], [ 77.151795878567256, 11.452721630434697 ] ] ] } },
{ "type": "Feature", "properties": { "feature_id": "bld_0641", "name": "Building 641 (Alakkombai Plains)", "feature_type": "building", "category": "building" }, "geometry": { "type": "Polygon", "coordinates": [ [ [ 77.15642618784598, 11.444940994018465 ], [ 77.15642618784598, 11.445187736525709 ], [ 77.156179445338736, 11.445187736525709 ], [ 77.156179445338736, 11.444940994018465 ], [ 77.15642618784598, 11.444940994018465 ] ] ] } },
{ "type": "Feature", "properties": { "feature_id": "bld_0642", "name": "Building 642 (Alakkombai Plains)", "feature_type": "building", "category": "building" }, "geometry": { "type": "Polygon", "coordinates": [ [ [ 77.14108369481464, 11.460797437280753 ], [ 77.14108369481464, 11.46097045597033 ], [ 77.140910676125074, 11.46097045597033 ], [ 77.140910676125074, 11.460797437280753 ], [ 77.14108369481464, 11.460797437280753 ] ] ] } },
{ "type": "Feature", "properties": { "feature_id": "bld_0643", "name": "Building 643 (Alakkombai Plains)", "feature_type": "building", "category": "building" }, "geometry": { "type": "Polygon", "coordinates": [ [ [ 77.151594064799497, 11.454494495010909 ], [ 77.151594064799497, 11.454744420584536 ], [ 77.15134413922587, 11.454744420584536 ], [ 77.15134413922587, 11.454494495010909 ], [ 77.151594064799497, 11.454494495010909 ] ] ] } },
{ "type": "Feature", "properties": { "feature_id": "bld_0644", "name": "Building 644 (Alakkombai Plains)", "feature_type": "building", "category": "building" }, "geometry": { "type": "Polygon", "coordinates": [ [ [ 77.128037715672889, 11.456480371827407 ], [ 77.128037715672889, 11.45671897966972 ], [ 77.127799107830583, 11.45671897966972 ], [ 77.127799107830583, 11.456480371827407 ], [ 77.128037715672889, 11.456480371827407 ] ] ] } },
{ "type": "Feature", "properties": { "feature_id": "bld_0645", "name": "Building 645 (Alakkombai Plains)", "feature_type": "building", "category": "building" }, "geometry": { "type": "Polygon", "coordinates": [ [ [ 77.150357057004342, 11.456942400576324 ], [ 77.150357057004342, 11.457197106087534 ], [ 77.150102351493118, 11.457197106087534 ], [ 77.150102351493118, 11.456942400576324 ], [ 77.150357057004342, 11.456942400576324 ] ] ] } },
{ "type": "Feature", "properties": { "feature_id": "bld_0646", "name": "Building 646 (Alakkombai Plains)", "feature_type": "building", "category": "building" }, "geometry": { "type": "Polygon", "coordinates": [ [ [ 77.161362258444356, 11.450258660943852 ], [ 77.161362258444356, 11.450534167861278 ], [ 77.161086751526923, 11.450534167861278 ], [ 77.161086751526923, 11.450258660943852 ], [ 77.161362258444356, 11.450258660943852 ] ] ] } },
{ "type": "Feature", "properties": { "feature_id": "bld_0647", "name": "Building 647 (Alakkombai Plains)", "feature_type": "building", "category": "building" }, "geometry": { "type": "Polygon", "coordinates": [ [ [ 77.147505604266911, 11.44645706701764 ], [ 77.147505604266911, 11.446625264147734 ], [ 77.147337407136803, 11.446625264147734 ], [ 77.147337407136803, 11.44645706701764 ], [ 77.147505604266911, 11.44645706701764 ] ] ] } },
{ "type": "Feature", "properties": { "feature_id": "bld_0648", "name": "Building 648 (Alakkombai Plains)", "feature_type": "building", "category": "building" }, "geometry": { "type": "Polygon", "coordinates": [ [ [ 77.140170262006748, 11.460568401876797 ], [ 77.140170262006748, 11.46082747720766 ], [ 77.139911186675889, 11.46082747720766 ], [ 77.139911186675889, 11.460568401876797 ], [ 77.140170262006748, 11.460568401876797 ] ] ] } },
{ "type": "Feature", "properties": { "feature_id": "bld_0649", "name": "Building 649 (Alakkombai Plains)", "feature_type": "building", "category": "building" }, "geometry": { "type": "Polygon", "coordinates": [ [ [ 77.16059848734011, 11.455234567198977 ], [ 77.16059848734011, 11.455456195058689 ], [ 77.160376859480408, 11.455456195058689 ], [ 77.160376859480408, 11.455234567198977 ], [ 77.16059848734011, 11.455234567198977 ] ] ] } },
{ "type": "Feature", "properties": { "feature_id": "bld_0650", "name": "Building 650 (Alakkombai Plains)", "feature_type": "building", "category": "building" }, "geometry": { "type": "Polygon", "coordinates": [ [ [ 77.131745745057415, 11.451453473716553 ], [ 77.131745745057415, 11.451674236427818 ], [ 77.131524982346164, 11.451674236427818 ], [ 77.131524982346164, 11.451453473716553 ], [ 77.131745745057415, 11.451453473716553 ] ] ] } },
{ "type": "Feature", "properties": { "feature_id": "bld_0651", "name": "Building 651 (Alakkombai Plains)", "feature_type": "building", "category": "building" }, "geometry": { "type": "Polygon", "coordinates": [ [ [ 77.129108895106171, 11.449290363283639 ], [ 77.129108895106171, 11.449534114824809 ], [ 77.128865143564994, 11.449534114824809 ], [ 77.128865143564994, 11.449290363283639 ], [ 77.129108895106171, 11.449290363283639 ] ] ] } },
{ "type": "Feature", "properties": { "feature_id": "bld_0652", "name": "Building 652 (Alakkombai Plains)", "feature_type": "building", "category": "building" }, "geometry": { "type": "Polygon", "coordinates": [ [ [ 77.158250158073955, 11.464821632294665 ], [ 77.158250158073955, 11.465112268161054 ], [ 77.157959522207577, 11.465112268161054 ], [ 77.157959522207577, 11.464821632294665 ], [ 77.158250158073955, 11.464821632294665 ] ] ] } },
{ "type": "Feature", "properties": { "feature_id": "bld_0653", "name": "Building 653 (Alakkombai Plains)", "feature_type": "building", "category": "building" }, "geometry": { "type": "Polygon", "coordinates": [ [ [ 77.154039966394606, 11.453300428650351 ], [ 77.154039966394606, 11.453549493481411 ], [ 77.153790901563553, 11.453549493481411 ], [ 77.153790901563553, 11.453300428650351 ], [ 77.154039966394606, 11.453300428650351 ] ] ] } },
{ "type": "Feature", "properties": { "feature_id": "bld_0654", "name": "Building 654 (Alakkombai Plains)", "feature_type": "building", "category": "building" }, "geometry": { "type": "Polygon", "coordinates": [ [ [ 77.160463016155902, 11.447258030476188 ], [ 77.160463016155902, 11.447475417160746 ], [ 77.160245629471333, 11.447475417160746 ], [ 77.160245629471333, 11.447258030476188 ], [ 77.160463016155902, 11.447258030476188 ] ] ] } },
{ "type": "Feature", "properties": { "feature_id": "bld_0655", "name": "Building 655 (Alakkombai Plains)", "feature_type": "building", "category": "building" }, "geometry": { "type": "Polygon", "coordinates": [ [ [ 77.162911133912587, 11.452556627979675 ], [ 77.162911133912587, 11.452796690097646 ], [ 77.16267107179462, 11.452796690097646 ], [ 77.16267107179462, 11.452556627979675 ], [ 77.162911133912587, 11.452556627979675 ] ] ] } },
{ "type": "Feature", "properties": { "feature_id": "bld_0656", "name": "Building 656 (Alakkombai Plains)", "feature_type": "building", "category": "building" }, "geometry": { "type": "Polygon", "coordinates": [ [ [ 77.151554977719712, 11.448584168581757 ], [ 77.151554977719712, 11.448794881543588 ], [ 77.151344264757881, 11.448794881543588 ], [ 77.151344264757881, 11.448584168581757 ], [ 77.151554977719712, 11.448584168581757 ] ] ] } },
{ "type": "Feature", "properties": { "feature_id": "bld_0657", "name": "Building 657 (Alakkombai Plains)", "feature_type": "building", "category": "building" }, "geometry": { "type": "Polygon", "coordinates": [ [ [ 77.140134701416855, 11.445442240747168 ], [ 77.140134701416855, 11.445605627594114 ], [ 77.13997131456992, 11.445605627594114 ], [ 77.13997131456992, 11.445442240747168 ], [ 77.140134701416855, 11.445442240747168 ] ] ] } },
{ "type": "Feature", "properties": { "feature_id": "bld_0658", "name": "Building 658 (Alakkombai Plains)", "feature_type": "building", "category": "building" }, "geometry": { "type": "Polygon", "coordinates": [ [ [ 77.162542632479045, 11.45034515068582 ], [ 77.162542632479045, 11.450577681713092 ], [ 77.162310101451766, 11.450577681713092 ], [ 77.162310101451766, 11.45034515068582 ], [ 77.162542632479045, 11.45034515068582 ] ] ] } },
{ "type": "Feature", "properties": { "feature_id": "bld_0659", "name": "Building 659 (Alakkombai Plains)", "feature_type": "building", "category": "building" }, "geometry": { "type": "Polygon", "coordinates": [ [ [ 77.138540801584625, 11.463715434129185 ], [ 77.138540801584625, 11.463911735675428 ], [ 77.138344500038372, 11.463911735675428 ], [ 77.138344500038372, 11.463715434129185 ], [ 77.138540801584625, 11.463715434129185 ] ] ] } },
{ "type": "Feature", "properties": { "feature_id": "bld_0660", "name": "Building 660 (Alakkombai Plains)", "feature_type": "building", "category": "building" }, "geometry": { "type": "Polygon", "coordinates": [ [ [ 77.144473491922938, 11.462315669660017 ], [ 77.144473491922938, 11.462593540359366 ], [ 77.144195621223574, 11.462593540359366 ], [ 77.144195621223574, 11.462315669660017 ], [ 77.144473491922938, 11.462315669660017 ] ] ] } },
{ "type": "Feature", "properties": { "feature_id": "bld_0661", "name": "Building 661 (Alakkombai Plains)", "feature_type": "building", "category": "building" }, "geometry": { "type": "Polygon", "coordinates": [ [ [ 77.133486636885166, 11.460940793113842 ], [ 77.133486636885166, 11.461164939277985 ], [ 77.133262490721009, 11.461164939277985 ], [ 77.133262490721009, 11.460940793113842 ], [ 77.133486636885166, 11.460940793113842 ] ] ] } },
{ "type": "Feature", "properties": { "feature_id": "bld_0662", "name": "Building 662 (Alakkombai Plains)", "feature_type": "building", "category": "building" }, "geometry": { "type": "Polygon", "coordinates": [ [ [ 77.146819241349803, 11.447583957342356 ], [ 77.146819241349803, 11.447755241554283 ], [ 77.146647957137887, 11.447755241554283 ], [ 77.146647957137887, 11.447583957342356 ], [ 77.146819241349803, 11.447583957342356 ] ] ] } },
{ "type": "Feature", "properties": { "feature_id": "bld_0663", "name": "Building 663 (Alakkombai Plains)", "feature_type": "building", "category": "building" }, "geometry": { "type": "Polygon", "coordinates": [ [ [ 77.157867848363011, 11.454818643497923 ], [ 77.157867848363011, 11.455039802596289 ], [ 77.157646689264638, 11.455039802596289 ], [ 77.157646689264638, 11.454818643497923 ], [ 77.157867848363011, 11.454818643497923 ] ] ] } },
{ "type": "Feature", "properties": { "feature_id": "bld_0664", "name": "Building 664 (Alakkombai Plains)", "feature_type": "building", "category": "building" }, "geometry": { "type": "Polygon", "coordinates": [ [ [ 77.157918993861088, 11.460219134408085 ], [ 77.157918993861088, 11.460401381551559 ], [ 77.157736746717617, 11.460401381551559 ], [ 77.157736746717617, 11.460219134408085 ], [ 77.157918993861088, 11.460219134408085 ] ] ] } },
{ "type": "Feature", "properties": { "feature_id": "bld_0665", "name": "Building 665 (Alakkombai Plains)", "feature_type": "building", "category": "building" }, "geometry": { "type": "Polygon", "coordinates": [ [ [ 77.152592727982523, 11.447574485389532 ], [ 77.152592727982523, 11.447839677901575 ], [ 77.152327535470477, 11.447839677901575 ], [ 77.152327535470477, 11.447574485389532 ], [ 77.152592727982523, 11.447574485389532 ] ] ] } },
{ "type": "Feature", "properties": { "feature_id": "bld_0666", "name": "Building 666 (Alakkombai Plains)", "feature_type": "building", "category": "building" }, "geometry": { "type": "Polygon", "coordinates": [ [ [ 77.154647809093163, 11.464047465360524 ], [ 77.154647809093163, 11.464217119482813 ], [ 77.154478154970874, 11.464217119482813 ], [ 77.154478154970874, 11.464047465360524 ], [ 77.154647809093163, 11.464047465360524 ] ] ] } },
{ "type": "Feature", "properties": { "feature_id": "bld_0667", "name": "Building 667 (Alakkombai Plains)", "feature_type": "building", "category": "building" }, "geometry": { "type": "Polygon", "coordinates": [ [ [ 77.127665781849672, 11.450545422096003 ], [ 77.127665781849672, 11.450742060891727 ], [ 77.127469143053943, 11.450742060891727 ], [ 77.127469143053943, 11.450545422096003 ], [ 77.127665781849672, 11.450545422096003 ] ] ] } },
{ "type": "Feature", "properties": { "feature_id": "bld_0668", "name": "Building 668 (Alakkombai Plains)", "feature_type": "building", "category": "building" }, "geometry": { "type": "Polygon", "coordinates": [ [ [ 77.136211514192226, 11.463027623376432 ], [ 77.136211514192226, 11.463222559844409 ], [ 77.136016577724249, 11.463222559844409 ], [ 77.136016577724249, 11.463027623376432 ], [ 77.136211514192226, 11.463027623376432 ] ] ] } },
{ "type": "Feature", "properties": { "feature_id": "bld_0669", "name": "Building 669 (Alakkombai Plains)", "feature_type": "building", "category": "building" }, "geometry": { "type": "Polygon", "coordinates": [ [ [ 77.137349219464767, 11.460076483459387 ], [ 77.137349219464767, 11.460299447037331 ], [ 77.137126255886812, 11.460299447037331 ], [ 77.137126255886812, 11.460076483459387 ], [ 77.137349219464767, 11.460076483459387 ] ] ] } },
{ "type": "Feature", "properties": { "feature_id": "bld_0670", "name": "Building 670 (Alakkombai Plains)", "feature_type": "building", "category": "building" }, "geometry": { "type": "Polygon", "coordinates": [ [ [ 77.160066105046539, 11.446193193167732 ], [ 77.160066105046539, 11.446421453134844 ], [ 77.159837845079423, 11.446421453134844 ], [ 77.159837845079423, 11.446193193167732 ], [ 77.160066105046539, 11.446193193167732 ] ] ] } },
{ "type": "Feature", "properties": { "feature_id": "bld_0671", "name": "Building 671 (Alakkombai Plains)", "feature_type": "building", "category": "building" }, "geometry": { "type": "Polygon", "coordinates": [ [ [ 77.126656062629976, 11.446109613447375 ], [ 77.126656062629976, 11.446396514690841 ], [ 77.126369161386506, 11.446396514690841 ], [ 77.126369161386506, 11.446109613447375 ], [ 77.126656062629976, 11.446109613447375 ] ] ] } },
{ "type": "Feature", "properties": { "feature_id": "bld_0672", "name": "Building 672 (Alakkombai Plains)", "feature_type": "building", "category": "building" }, "geometry": { "type": "Polygon", "coordinates": [ [ [ 77.131374818392473, 11.455539636953322 ], [ 77.131374818392473, 11.455757190337685 ], [ 77.131157265008099, 11.455757190337685 ], [ 77.131157265008099, 11.455539636953322 ], [ 77.131374818392473, 11.455539636953322 ] ] ] } },
{ "type": "Feature", "properties": { "feature_id": "bld_0673", "name": "Building 673 (Alakkombai Plains)", "feature_type": "building", "category": "building" }, "geometry": { "type": "Polygon", "coordinates": [ [ [ 77.140711977319427, 11.462915139275971 ], [ 77.140711977319427, 11.463078194551521 ], [ 77.140548922043877, 11.463078194551521 ], [ 77.140548922043877, 11.462915139275971 ], [ 77.140711977319427, 11.462915139275971 ] ] ] } },
{ "type": "Feature", "properties": { "feature_id": "bld_0674", "name": "Building 674 (Alakkombai Plains)", "feature_type": "building", "category": "building" }, "geometry": { "type": "Polygon", "coordinates": [ [ [ 77.154989747650745, 11.464148676911428 ], [ 77.154989747650745, 11.464387100457113 ], [ 77.154751324105064, 11.464387100457113 ], [ 77.154751324105064, 11.464148676911428 ], [ 77.154989747650745, 11.464148676911428 ] ] ] } },
{ "type": "Feature", "properties": { "feature_id": "bld_0675", "name": "Building 675 (Alakkombai Plains)", "feature_type": "building", "category": "building" }, "geometry": { "type": "Polygon", "coordinates": [ [ [ 77.167266326323826, 11.445935842053386 ], [ 77.167266326323826, 11.446154473118055 ], [ 77.167047695259143, 11.446154473118055 ], [ 77.167047695259143, 11.445935842053386 ], [ 77.167266326323826, 11.445935842053386 ] ] ] } },
{ "type": "Feature", "properties": { "feature_id": "bld_0676", "name": "Building 676 (Alakkombai Plains)", "feature_type": "building", "category": "building" }, "geometry": { "type": "Polygon", "coordinates": [ [ [ 77.136855791389635, 11.459467728503279 ], [ 77.136855791389635, 11.459765110095949 ], [ 77.136558409796962, 11.459765110095949 ], [ 77.136558409796962, 11.459467728503279 ], [ 77.136855791389635, 11.459467728503279 ] ] ] } },
{ "type": "Feature", "properties": { "feature_id": "bld_0677", "name": "Building 677 (Alakkombai Plains)", "feature_type": "building", "category": "building" }, "geometry": { "type": "Polygon", "coordinates": [ [ [ 77.136637719644284, 11.457989625195189 ], [ 77.136637719644284, 11.458177358863775 ], [ 77.136449985975702, 11.458177358863775 ], [ 77.136449985975702, 11.457989625195189 ], [ 77.136637719644284, 11.457989625195189 ] ] ] } },
{ "type": "Feature", "properties": { "feature_id": "bld_0678", "name": "Building 678 (Alakkombai Plains)", "feature_type": "building", "category": "building" }, "geometry": { "type": "Polygon", "coordinates": [ [ [ 77.1505879018288, 11.454130609360693 ], [ 77.1505879018288, 11.454426690106843 ], [ 77.150291821082646, 11.454426690106843 ], [ 77.150291821082646, 11.454130609360693 ], [ 77.1505879018288, 11.454130609360693 ] ] ] } },
{ "type": "Feature", "properties": { "feature_id": "bld_0679", "name": "Building 679 (Alakkombai Plains)", "feature_type": "building", "category": "building" }, "geometry": { "type": "Polygon", "coordinates": [ [ [ 77.152471713976283, 11.451902140736793 ], [ 77.152471713976283, 11.452078114146678 ], [ 77.152295740566402, 11.452078114146678 ], [ 77.152295740566402, 11.451902140736793 ], [ 77.152471713976283, 11.451902140736793 ] ] ] } },
{ "type": "Feature", "properties": { "feature_id": "bld_0680", "name": "Building 680 (Alakkombai Plains)", "feature_type": "building", "category": "building" }, "geometry": { "type": "Polygon", "coordinates": [ [ [ 77.131903674959361, 11.449408770932731 ], [ 77.131903674959361, 11.44960390626532 ], [ 77.131708539626786, 11.44960390626532 ], [ 77.131708539626786, 11.449408770932731 ], [ 77.131903674959361, 11.449408770932731 ] ] ] } },
{ "type": "Feature", "properties": { "feature_id": "bld_0681", "name": "Building 681 (Alakkombai Plains)", "feature_type": "building", "category": "building" }, "geometry": { "type": "Polygon", "coordinates": [ [ [ 77.163394359966659, 11.456107818401854 ], [ 77.163394359966659, 11.456341093129446 ], [ 77.163161085239054, 11.456341093129446 ], [ 77.163161085239054, 11.456107818401854 ], [ 77.163394359966659, 11.456107818401854 ] ] ] } },
{ "type": "Feature", "properties": { "feature_id": "bld_0682", "name": "Building 682 (Alakkombai Plains)", "feature_type": "building", "category": "building" }, "geometry": { "type": "Polygon", "coordinates": [ [ [ 77.130295196235352, 11.462072196865766 ], [ 77.130295196235352, 11.462333390868213 ], [ 77.13003400223289, 11.462333390868213 ], [ 77.13003400223289, 11.462072196865766 ], [ 77.130295196235352, 11.462072196865766 ] ] ] } },
{ "type": "Feature", "properties": { "feature_id": "bld_0683", "name": "Building 683 (Alakkombai Plains)", "feature_type": "building", "category": "building" }, "geometry": { "type": "Polygon", "coordinates": [ [ [ 77.128163123960718, 11.459038654269381 ], [ 77.128163123960718, 11.459274749619809 ], [ 77.127927028610287, 11.459274749619809 ], [ 77.127927028610287, 11.459038654269381 ], [ 77.128163123960718, 11.459038654269381 ] ] ] } },
{ "type": "Feature", "properties": { "feature_id": "bld_0684", "name": "Building 684 (Alakkombai Plains)", "feature_type": "building", "category": "building" }, "geometry": { "type": "Polygon", "coordinates": [ [ [ 77.128791569298713, 11.454052084090474 ], [ 77.128791569298713, 11.454279941570672 ], [ 77.128563711818501, 11.454279941570672 ], [ 77.128563711818501, 11.454052084090474 ], [ 77.128791569298713, 11.454052084090474 ] ] ] } },
{ "type": "Feature", "properties": { "feature_id": "bld_0685", "name": "Building 685 (Alakkombai Plains)", "feature_type": "building", "category": "building" }, "geometry": { "type": "Polygon", "coordinates": [ [ [ 77.132599352583341, 11.463774464664001 ], [ 77.132599352583341, 11.464053461216009 ], [ 77.132320356031343, 11.464053461216009 ], [ 77.132320356031343, 11.463774464664001 ], [ 77.132599352583341, 11.463774464664001 ] ] ] } },
{ "type": "Feature", "properties": { "feature_id": "bld_0686", "name": "Building 686 (Alakkombai Plains)", "feature_type": "building", "category": "building" }, "geometry": { "type": "Polygon", "coordinates": [ [ [ 77.155214828767726, 11.4541370876321 ], [ 77.155214828767726, 11.454354734807923 ], [ 77.154997181591909, 11.454354734807923 ], [ 77.154997181591909, 11.4541370876321 ], [ 77.155214828767726, 11.4541370876321 ] ] ] } },
{ "type": "Feature", "properties": { "feature_id": "bld_0687", "name": "Building 687 (Alakkombai Plains)", "feature_type": "building", "category": "building" }, "geometry": { "type": "Polygon", "coordinates": [ [ [ 77.154378165139207, 11.455824278270725 ], [ 77.154378165139207, 11.45599299650555 ], [ 77.154209446904389, 11.45599299650555 ], [ 77.154209446904389, 11.455824278270725 ], [ 77.154378165139207, 11.455824278270725 ] ] ] } },
{ "type": "Feature", "properties": { "feature_id": "bld_0688", "name": "Building 688 (Alakkombai Plains)", "feature_type": "building", "category": "building" }, "geometry": { "type": "Polygon", "coordinates": [ [ [ 77.148174765986099, 11.461015925553225 ], [ 77.148174765986099, 11.461240219136089 ], [ 77.147950472403224, 11.461240219136089 ], [ 77.147950472403224, 11.461015925553225 ], [ 77.148174765986099, 11.461015925553225 ] ] ] } },
{ "type": "Feature", "properties": { "feature_id": "bld_0689", "name": "Building 689 (Alakkombai Plains)", "feature_type": "building", "category": "building" }, "geometry": { "type": "Polygon", "coordinates": [ [ [ 77.12743214145469, 11.460631468522932 ], [ 77.12743214145469, 11.460819659452431 ], [ 77.127243950525198, 11.460819659452431 ], [ 77.127243950525198, 11.460631468522932 ], [ 77.12743214145469, 11.460631468522932 ] ] ] } },
{ "type": "Feature", "properties": { "feature_id": "bld_0690", "name": "Building 690 (Alakkombai Plains)", "feature_type": "building", "category": "building" }, "geometry": { "type": "Polygon", "coordinates": [ [ [ 77.136741052624501, 11.448191012014105 ], [ 77.136741052624501, 11.448397242123187 ], [ 77.136534822515415, 11.448397242123187 ], [ 77.136534822515415, 11.448191012014105 ], [ 77.136741052624501, 11.448191012014105 ] ] ] } },
{ "type": "Feature", "properties": { "feature_id": "bld_0691", "name": "Building 691 (Alakkombai Plains)", "feature_type": "building", "category": "building" }, "geometry": { "type": "Polygon", "coordinates": [ [ [ 77.159148159445181, 11.455293375500887 ], [ 77.159148159445181, 11.455482058879269 ], [ 77.158959476066798, 11.455482058879269 ], [ 77.158959476066798, 11.455293375500887 ], [ 77.159148159445181, 11.455293375500887 ] ] ] } },
{ "type": "Feature", "properties": { "feature_id": "bld_0692", "name": "Building 692 (Alakkombai Plains)", "feature_type": "building", "category": "building" }, "geometry": { "type": "Polygon", "coordinates": [ [ [ 77.164643294006595, 11.462450696609277 ], [ 77.164643294006595, 11.462732577588785 ], [ 77.164361413027081, 11.462732577588785 ], [ 77.164361413027081, 11.462450696609277 ], [ 77.164643294006595, 11.462450696609277 ] ] ] } },
{ "type": "Feature", "properties": { "feature_id": "bld_0693", "name": "Building 693 (Alakkombai Plains)", "feature_type": "building", "category": "building" }, "geometry": { "type": "Polygon", "coordinates": [ [ [ 77.135894778788099, 11.45387583760769 ], [ 77.135894778788099, 11.45417373615955 ], [ 77.13559688023625, 11.45417373615955 ], [ 77.13559688023625, 11.45387583760769 ], [ 77.135894778788099, 11.45387583760769 ] ] ] } },
{ "type": "Feature", "properties": { "feature_id": "bld_0694", "name": "Building 694 (Alakkombai Plains)", "feature_type": "building", "category": "building" }, "geometry": { "type": "Polygon", "coordinates": [ [ [ 77.159825125755333, 11.445458784103122 ], [ 77.159825125755333, 11.4456279127459 ], [ 77.159655997112566, 11.4456279127459 ], [ 77.159655997112566, 11.445458784103122 ], [ 77.159825125755333, 11.445458784103122 ] ] ] } },
{ "type": "Feature", "properties": { "feature_id": "bld_0695", "name": "Building 695 (Alakkombai Plains)", "feature_type": "building", "category": "building" }, "geometry": { "type": "Polygon", "coordinates": [ [ [ 77.145994621082409, 11.463066694991374 ], [ 77.145994621082409, 11.463302113243087 ], [ 77.145759202830689, 11.463302113243087 ], [ 77.145759202830689, 11.463066694991374 ], [ 77.145994621082409, 11.463066694991374 ] ] ] } },
{ "type": "Feature", "properties": { "feature_id": "bld_0696", "name": "Building 696 (Alakkombai Plains)", "feature_type": "building", "category": "building" }, "geometry": { "type": "Polygon", "coordinates": [ [ [ 77.147527537468875, 11.446983499391802 ], [ 77.147527537468875, 11.447235448606463 ], [ 77.147275588254217, 11.447235448606463 ], [ 77.147275588254217, 11.446983499391802 ], [ 77.147527537468875, 11.446983499391802 ] ] ] } },
{ "type": "Feature", "properties": { "feature_id": "bld_0697", "name": "Building 697 (Alakkombai Plains)", "feature_type": "building", "category": "building" }, "geometry": { "type": "Polygon", "coordinates": [ [ [ 77.162128935056586, 11.452474107320587 ], [ 77.162128935056586, 11.452742692979715 ], [ 77.161860349397443, 11.452742692979715 ], [ 77.161860349397443, 11.452474107320587 ], [ 77.162128935056586, 11.452474107320587 ] ] ] } },
{ "type": "Feature", "properties": { "feature_id": "bld_0698", "name": "Building 698 (Alakkombai Plains)", "feature_type": "building", "category": "building" }, "geometry": { "type": "Polygon", "coordinates": [ [ [ 77.16851808249973, 11.44895869610837 ], [ 77.16851808249973, 11.449191962256737 ], [ 77.16828481635136, 11.449191962256737 ], [ 77.16828481635136, 11.44895869610837 ], [ 77.16851808249973, 11.44895869610837 ] ] ] } },
{ "type": "Feature", "properties": { "feature_id": "bld_0699", "name": "Building 699 (Alakkombai Plains)", "feature_type": "building", "category": "building" }, "geometry": { "type": "Polygon", "coordinates": [ [ [ 77.138041639649416, 11.460736656845064 ], [ 77.138041639649416, 11.460977519916288 ], [ 77.137800776578203, 11.460977519916288 ], [ 77.137800776578203, 11.460736656845064 ], [ 77.138041639649416, 11.460736656845064 ] ] ] } },
{ "type": "Feature", "properties": { "feature_id": "bld_0700", "name": "Building 700 (Alakkombai Plains)", "feature_type": "building", "category": "building" }, "geometry": { "type": "Polygon", "coordinates": [ [ [ 77.153663926722857, 11.46085056525923 ], [ 77.153663926722857, 11.461066001125404 ], [ 77.153448490856675, 11.461066001125404 ], [ 77.153448490856675, 11.46085056525923 ], [ 77.153663926722857, 11.46085056525923 ] ] ] } },
{ "type": "Feature", "properties": { "feature_id": "bld_0701", "name": "Building 701 (Alakkombai Plains)", "feature_type": "building", "category": "building" }, "geometry": { "type": "Polygon", "coordinates": [ [ [ 77.166270109915928, 11.455569520507323 ], [ 77.166270109915928, 11.455751634182521 ], [ 77.166087996240719, 11.455751634182521 ], [ 77.166087996240719, 11.455569520507323 ], [ 77.166270109915928, 11.455569520507323 ] ] ] } },
{ "type": "Feature", "properties": { "feature_id": "bld_0702", "name": "Building 702 (Alakkombai Plains)", "feature_type": "building", "category": "building" }, "geometry": { "type": "Polygon", "coordinates": [ [ [ 77.156417633635002, 11.460763053691371 ], [ 77.156417633635002, 11.46096740032616 ], [ 77.156213287000199, 11.46096740032616 ], [ 77.156213287000199, 11.460763053691371 ], [ 77.156417633635002, 11.460763053691371 ] ] ] } },
{ "type": "Feature", "properties": { "feature_id": "bld_0703", "name": "Building 703 (Alakkombai Plains)", "feature_type": "building", "category": "building" }, "geometry": { "type": "Polygon", "coordinates": [ [ [ 77.163672449879073, 11.463023481781198 ], [ 77.163672449879073, 11.463222248409432 ], [ 77.163473683250828, 11.463222248409432 ], [ 77.163473683250828, 11.463023481781198 ], [ 77.163672449879073, 11.463023481781198 ] ] ] } },
{ "type": "Feature", "properties": { "feature_id": "bld_0704", "name": "Building 704 (Alakkombai Plains)", "feature_type": "building", "category": "building" }, "geometry": { "type": "Polygon", "coordinates": [ [ [ 77.169352607368964, 11.447720089464188 ], [ 77.169352607368964, 11.447908371657764 ], [ 77.169164325175402, 11.447908371657764 ], [ 77.169164325175402, 11.447720089464188 ], [ 77.169352607368964, 11.447720089464188 ] ] ] } },
{ "type": "Feature", "properties": { "feature_id": "bld_0705", "name": "Building 705 (Alakkombai Plains)", "feature_type": "building", "category": "building" }, "geometry": { "type": "Polygon", "coordinates": [ [ [ 77.133415918244367, 11.462753993721494 ], [ 77.133415918244367, 11.463005594678821 ], [ 77.133164317287054, 11.463005594678821 ], [ 77.133164317287054, 11.462753993721494 ], [ 77.133415918244367, 11.462753993721494 ] ] ] } },
{ "type": "Feature", "properties": { "feature_id": "bld_0706", "name": "Building 706 (Alakkombai Plains)", "feature_type": "building", "category": "building" }, "geometry": { "type": "Polygon", "coordinates": [ [ [ 77.131967763606767, 11.453683397505612 ], [ 77.131967763606767, 11.45392953922912 ], [ 77.131721621883244, 11.45392953922912 ], [ 77.131721621883244, 11.453683397505612 ], [ 77.131967763606767, 11.453683397505612 ] ] ] } },
{ "type": "Feature", "properties": { "feature_id": "bld_0707", "name": "Building 707 (Alakkombai Plains)", "feature_type": "building", "category": "building" }, "geometry": { "type": "Polygon", "coordinates": [ [ [ 77.128892136072011, 11.462512075120666 ], [ 77.128892136072011, 11.462784579615628 ], [ 77.128619631577038, 11.462784579615628 ], [ 77.128619631577038, 11.462512075120666 ], [ 77.128892136072011, 11.462512075120666 ] ] ] } },
{ "type": "Feature", "properties": { "feature_id": "bld_0708", "name": "Building 708 (Alakkombai Plains)", "feature_type": "building", "category": "building" }, "geometry": { "type": "Polygon", "coordinates": [ [ [ 77.147843548079507, 11.464233289036635 ], [ 77.147843548079507, 11.464451775573732 ], [ 77.147625061542399, 11.464451775573732 ], [ 77.147625061542399, 11.464233289036635 ], [ 77.147843548079507, 11.464233289036635 ] ] ] } },
{ "type": "Feature", "properties": { "feature_id": "bld_0709", "name": "Building 709 (Alakkombai Plains)", "feature_type": "building", "category": "building" }, "geometry": { "type": "Polygon", "coordinates": [ [ [ 77.169409391345781, 11.458233972986944 ], [ 77.169409391345781, 11.4584828269652 ], [ 77.169160537367517, 11.4584828269652 ], [ 77.169160537367517, 11.458233972986944 ], [ 77.169409391345781, 11.458233972986944 ] ] ] } },
{ "type": "Feature", "properties": { "feature_id": "bld_0710", "name": "Building 710 (Alakkombai Plains)", "feature_type": "building", "category": "building" }, "geometry": { "type": "Polygon", "coordinates": [ [ [ 77.132577894566467, 11.462528630887938 ], [ 77.132577894566467, 11.462748479444247 ], [ 77.132358046010168, 11.462748479444247 ], [ 77.132358046010168, 11.462528630887938 ], [ 77.132577894566467, 11.462528630887938 ] ] ] } },
{ "type": "Feature", "properties": { "feature_id": "bld_0711", "name": "Building 711 (Alakkombai Plains)", "feature_type": "building", "category": "building" }, "geometry": { "type": "Polygon", "coordinates": [ [ [ 77.132419686158059, 11.44513296750166 ], [ 77.132419686158059, 11.44537133329737 ], [ 77.132181320362363, 11.44537133329737 ], [ 77.132181320362363, 11.44513296750166 ], [ 77.132419686158059, 11.44513296750166 ] ] ] } },
{ "type": "Feature", "properties": { "feature_id": "bld_0712", "name": "Building 712 (Alakkombai Plains)", "feature_type": "building", "category": "building" }, "geometry": { "type": "Polygon", "coordinates": [ [ [ 77.148875301059235, 11.459244754383672 ], [ 77.148875301059235, 11.459529390511094 ], [ 77.148590664931817, 11.459529390511094 ], [ 77.148590664931817, 11.459244754383672 ], [ 77.148875301059235, 11.459244754383672 ] ] ] } },
{ "type": "Feature", "properties": { "feature_id": "bld_0713", "name": "Building 713 (Alakkombai Plains)", "feature_type": "building", "category": "building" }, "geometry": { "type": "Polygon", "coordinates": [ [ [ 77.128666415145034, 11.45953681097072 ], [ 77.128666415145034, 11.459723048642894 ], [ 77.128480177472852, 11.459723048642894 ], [ 77.128480177472852, 11.45953681097072 ], [ 77.128666415145034, 11.45953681097072 ] ] ] } },
{ "type": "Feature", "properties": { "feature_id": "bld_0714", "name": "Building 714 (Alakkombai Plains)", "feature_type": "building", "category": "building" }, "geometry": { "type": "Polygon", "coordinates": [ [ [ 77.163735822954919, 11.461263414714384 ], [ 77.163735822954919, 11.461499125840081 ], [ 77.163500111829222, 11.461499125840081 ], [ 77.163500111829222, 11.461263414714384 ], [ 77.163735822954919, 11.461263414714384 ] ] ] } },
{ "type": "Feature", "properties": { "feature_id": "bld_0715", "name": "Building 715 (Alakkombai Plains)", "feature_type": "building", "category": "building" }, "geometry": { "type": "Polygon", "coordinates": [ [ [ 77.157073907690972, 11.451174020510749 ], [ 77.157073907690972, 11.4513999840166 ], [ 77.156847944185131, 11.4513999840166 ], [ 77.156847944185131, 11.451174020510749 ], [ 77.157073907690972, 11.451174020510749 ] ] ] } },
{ "type": "Feature", "properties": { "feature_id": "bld_0716", "name": "Building 716 (Alakkombai Plains)", "feature_type": "building", "category": "building" }, "geometry": { "type": "Polygon", "coordinates": [ [ [ 77.162078706275537, 11.454080258064891 ], [ 77.162078706275537, 11.454290349822038 ], [ 77.161868614518397, 11.454290349822038 ], [ 77.161868614518397, 11.454080258064891 ], [ 77.162078706275537, 11.454080258064891 ] ] ] } },
{ "type": "Feature", "properties": { "feature_id": "bld_0717", "name": "Building 717 (Alakkombai Plains)", "feature_type": "building", "category": "building" }, "geometry": { "type": "Polygon", "coordinates": [ [ [ 77.147343024689576, 11.461461520485429 ], [ 77.147343024689576, 11.461668449612059 ], [ 77.147136095562956, 11.461668449612059 ], [ 77.147136095562956, 11.461461520485429 ], [ 77.147343024689576, 11.461461520485429 ] ] ] } },
{ "type": "Feature", "properties": { "feature_id": "bld_0718", "name": "Building 718 (Alakkombai Plains)", "feature_type": "building", "category": "building" }, "geometry": { "type": "Polygon", "coordinates": [ [ [ 77.132957090165988, 11.459102461931726 ], [ 77.132957090165988, 11.459378098881507 ], [ 77.132681453216222, 11.459378098881507 ], [ 77.132681453216222, 11.459102461931726 ], [ 77.132957090165988, 11.459102461931726 ] ] ] } },
{ "type": "Feature", "properties": { "feature_id": "bld_0719", "name": "Building 719 (Alakkombai Plains)", "feature_type": "building", "category": "building" }, "geometry": { "type": "Polygon", "coordinates": [ [ [ 77.129618624572842, 11.449707544215837 ], [ 77.129618624572842, 11.449887420294402 ], [ 77.12943874849428, 11.449887420294402 ], [ 77.12943874849428, 11.449707544215837 ], [ 77.129618624572842, 11.449707544215837 ] ] ] } },
{ "type": "Feature", "properties": { "feature_id": "bld_0720", "name": "Building 720 (Alakkombai Plains)", "feature_type": "building", "category": "building" }, "geometry": { "type": "Polygon", "coordinates": [ [ [ 77.140789781364788, 11.453874601734521 ], [ 77.140789781364788, 11.454139437421697 ], [ 77.140524945677612, 11.454139437421697 ], [ 77.140524945677612, 11.453874601734521 ], [ 77.140789781364788, 11.453874601734521 ] ] ] } },
{ "type": "Feature", "properties": { "feature_id": "bld_0721", "name": "Building 721 (Alakkombai Plains)", "feature_type": "building", "category": "building" }, "geometry": { "type": "Polygon", "coordinates": [ [ [ 77.154406307565935, 11.457313905103307 ], [ 77.154406307565935, 11.457523237595831 ], [ 77.154196975073418, 11.457523237595831 ], [ 77.154196975073418, 11.457313905103307 ], [ 77.154406307565935, 11.457313905103307 ] ] ] } },
{ "type": "Feature", "properties": { "feature_id": "bld_0722", "name": "Building 722 (Alakkombai Plains)", "feature_type": "building", "category": "building" }, "geometry": { "type": "Polygon", "coordinates": [ [ [ 77.163013677234488, 11.454277206002303 ], [ 77.163013677234488, 11.454574280693624 ], [ 77.162716602543156, 11.454574280693624 ], [ 77.162716602543156, 11.454277206002303 ], [ 77.163013677234488, 11.454277206002303 ] ] ] } },
{ "type": "Feature", "properties": { "feature_id": "bld_0723", "name": "Building 723 (Alakkombai Plains)", "feature_type": "building", "category": "building" }, "geometry": { "type": "Polygon", "coordinates": [ [ [ 77.15366372865266, 11.447397962401945 ], [ 77.15366372865266, 11.447652627260636 ], [ 77.153409063793973, 11.447652627260636 ], [ 77.153409063793973, 11.447397962401945 ], [ 77.15366372865266, 11.447397962401945 ] ] ] } },
{ "type": "Feature", "properties": { "feature_id": "bld_0724", "name": "Building 724 (Alakkombai Plains)", "feature_type": "building", "category": "building" }, "geometry": { "type": "Polygon", "coordinates": [ [ [ 77.139714555574798, 11.45864166905335 ], [ 77.139714555574798, 11.458811418814093 ], [ 77.139544805814054, 11.458811418814093 ], [ 77.139544805814054, 11.45864166905335 ], [ 77.139714555574798, 11.45864166905335 ] ] ] } },
{ "type": "Feature", "properties": { "feature_id": "bld_0725", "name": "Building 725 (Alakkombai Plains)", "feature_type": "building", "category": "building" }, "geometry": { "type": "Polygon", "coordinates": [ [ [ 77.132965567241911, 11.462018842609124 ], [ 77.132965567241911, 11.462210647747108 ], [ 77.132773762103938, 11.462210647747108 ], [ 77.132773762103938, 11.462018842609124 ], [ 77.132965567241911, 11.462018842609124 ] ] ] } },
{ "type": "Feature", "properties": { "feature_id": "bld_0726", "name": "Building 726 (Alakkombai Plains)", "feature_type": "building", "category": "building" }, "geometry": { "type": "Polygon", "coordinates": [ [ [ 77.162791852369637, 11.450460520035385 ], [ 77.162791852369637, 11.450710523502792 ], [ 77.162541848902222, 11.450710523502792 ], [ 77.162541848902222, 11.450460520035385 ], [ 77.162791852369637, 11.450460520035385 ] ] ] } },
{ "type": "Feature", "properties": { "feature_id": "bld_0727", "name": "Building 727 (Alakkombai Plains)", "feature_type": "building", "category": "building" }, "geometry": { "type": "Polygon", "coordinates": [ [ [ 77.156338147555303, 11.455151723315533 ], [ 77.156338147555303, 11.455354466810268 ], [ 77.156135404060578, 11.455354466810268 ], [ 77.156135404060578, 11.455151723315533 ], [ 77.156338147555303, 11.455151723315533 ] ] ] } },
{ "type": "Feature", "properties": { "feature_id": "bld_0728", "name": "Building 728 (Alakkombai Plains)", "feature_type": "building", "category": "building" }, "geometry": { "type": "Polygon", "coordinates": [ [ [ 77.134670273184781, 11.445562510843162 ], [ 77.134670273184781, 11.445765063339335 ], [ 77.134467720688605, 11.445765063339335 ], [ 77.134467720688605, 11.445562510843162 ], [ 77.134670273184781, 11.445562510843162 ] ] ] } },
{ "type": "Feature", "properties": { "feature_id": "bld_0729", "name": "Building 729 (Alakkombai Plains)", "feature_type": "building", "category": "building" }, "geometry": { "type": "Polygon", "coordinates": [ [ [ 77.154533309887668, 11.463625112055212 ], [ 77.154533309887668, 11.463907080682727 ], [ 77.154251341260149, 11.463907080682727 ], [ 77.154251341260149, 11.463625112055212 ], [ 77.154533309887668, 11.463625112055212 ] ] ] } },
{ "type": "Feature", "properties": { "feature_id": "bld_0730", "name": "Building 730 (Alakkombai Plains)", "feature_type": "building", "category": "building" }, "geometry": { "type": "Polygon", "coordinates": [ [ [ 77.159599463887332, 11.460642397921823 ], [ 77.159599463887332, 11.460895495808309 ], [ 77.159346366000847, 11.460895495808309 ], [ 77.159346366000847, 11.460642397921823 ], [ 77.159599463887332, 11.460642397921823 ] ] ] } },
{ "type": "Feature", "properties": { "feature_id": "bld_0731", "name": "Building 731 (Alakkombai Plains)", "feature_type": "building", "category": "building" }, "geometry": { "type": "Polygon", "coordinates": [ [ [ 77.136839859852302, 11.463016949352284 ], [ 77.136839859852302, 11.463270851875951 ], [ 77.136585957328634, 11.463270851875951 ], [ 77.136585957328634, 11.463016949352284 ], [ 77.136839859852302, 11.463016949352284 ] ] ] } },
{ "type": "Feature", "properties": { "feature_id": "bld_0732", "name": "Building 732 (Alakkombai Plains)", "feature_type": "building", "category": "building" }, "geometry": { "type": "Polygon", "coordinates": [ [ [ 77.150331122282182, 11.447108495496204 ], [ 77.150331122282182, 11.447331083272337 ], [ 77.150108534506046, 11.447331083272337 ], [ 77.150108534506046, 11.447108495496204 ], [ 77.150331122282182, 11.447108495496204 ] ] ] } },
{ "type": "Feature", "properties": { "feature_id": "bld_0733", "name": "Building 733 (Alakkombai Plains)", "feature_type": "building", "category": "building" }, "geometry": { "type": "Polygon", "coordinates": [ [ [ 77.145834387579512, 11.462173006815041 ], [ 77.145834387579512, 11.462409537565867 ], [ 77.145597856828672, 11.462409537565867 ], [ 77.145597856828672, 11.462173006815041 ], [ 77.145834387579512, 11.462173006815041 ] ] ] } },
{ "type": "Feature", "properties": { "feature_id": "bld_0734", "name": "Building 734 (Alakkombai Plains)", "feature_type": "building", "category": "building" }, "geometry": { "type": "Polygon", "coordinates": [ [ [ 77.1422057751452, 11.46444825612868 ], [ 77.1422057751452, 11.464623757011747 ], [ 77.142030274262126, 11.464623757011747 ], [ 77.142030274262126, 11.46444825612868 ], [ 77.1422057751452, 11.46444825612868 ] ] ] } },
{ "type": "Feature", "properties": { "feature_id": "bld_0735", "name": "Building 735 (Alakkombai Plains)", "feature_type": "building", "category": "building" }, "geometry": { "type": "Polygon", "coordinates": [ [ [ 77.144146472562497, 11.445708700214976 ], [ 77.144146472562497, 11.445972286791882 ], [ 77.143882885985576, 11.445972286791882 ], [ 77.143882885985576, 11.445708700214976 ], [ 77.144146472562497, 11.445708700214976 ] ] ] } },
{ "type": "Feature", "properties": { "feature_id": "bld_0736", "name": "Building 736 (Alakkombai Plains)", "feature_type": "building", "category": "building" }, "geometry": { "type": "Polygon", "coordinates": [ [ [ 77.16645352876634, 11.450460662673633 ], [ 77.16645352876634, 11.450740830508385 ], [ 77.166173360931595, 11.450740830508385 ], [ 77.166173360931595, 11.450460662673633 ], [ 77.16645352876634, 11.450460662673633 ] ] ] } },
{ "type": "Feature", "properties": { "feature_id": "bld_0737", "name": "Building 737 (Alakkombai Plains)", "feature_type": "building", "category": "building" }, "geometry": { "type": "Polygon", "coordinates": [ [ [ 77.138282597704034, 11.463082625899627 ], [ 77.138282597704034, 11.463348180566129 ], [ 77.138017043037536, 11.463348180566129 ], [ 77.138017043037536, 11.463082625899627 ], [ 77.138282597704034, 11.463082625899627 ] ] ] } },
{ "type": "Feature", "properties": { "feature_id": "bld_0738", "name": "Building 738 (Alakkombai Plains)", "feature_type": "building", "category": "building" }, "geometry": { "type": "Polygon", "coordinates": [ [ [ 77.161368201682862, 11.445212734387015 ], [ 77.161368201682862, 11.445507527837004 ], [ 77.161073408232866, 11.445507527837004 ], [ 77.161073408232866, 11.445212734387015 ], [ 77.161368201682862, 11.445212734387015 ] ] ] } },
{ "type": "Feature", "properties": { "feature_id": "bld_0739", "name": "Building 739 (Alakkombai Plains)", "feature_type": "building", "category": "building" }, "geometry": { "type": "Polygon", "coordinates": [ [ [ 77.157838252269713, 11.450956964281183 ], [ 77.157838252269713, 11.451233079534262 ], [ 77.157562137016626, 11.451233079534262 ], [ 77.157562137016626, 11.450956964281183 ], [ 77.157838252269713, 11.450956964281183 ] ] ] } },
{ "type": "Feature", "properties": { "feature_id": "bld_0740", "name": "Building 740 (Alakkombai Plains)", "feature_type": "building", "category": "building" }, "geometry": { "type": "Polygon", "coordinates": [ [ [ 77.137756334556002, 11.462367196163994 ], [ 77.137756334556002, 11.46254295741865 ], [ 77.137580573301335, 11.46254295741865 ], [ 77.137580573301335, 11.462367196163994 ], [ 77.137756334556002, 11.462367196163994 ] ] ] } },
{ "type": "Feature", "properties": { "feature_id": "bld_0741", "name": "Building 741 (Alakkombai Plains)", "feature_type": "building", "category": "building" }, "geometry": { "type": "Polygon", "coordinates": [ [ [ 77.156752626398657, 11.455727212119983 ], [ 77.156752626398657, 11.455900726945812 ], [ 77.156579111572825, 11.455900726945812 ], [ 77.156579111572825, 11.455727212119983 ], [ 77.156752626398657, 11.455727212119983 ] ] ] } },
{ "type": "Feature", "properties": { "feature_id": "bld_0742", "name": "Building 742 (Alakkombai Plains)", "feature_type": "building", "category": "building" }, "geometry": { "type": "Polygon", "coordinates": [ [ [ 77.135998036029235, 11.445135266967965 ], [ 77.135998036029235, 11.445360894483128 ], [ 77.135772408514072, 11.445360894483128 ], [ 77.135772408514072, 11.445135266967965 ], [ 77.135998036029235, 11.445135266967965 ] ] ] } },
{ "type": "Feature", "properties": { "feature_id": "bld_0743", "name": "Building 743 (Alakkombai Plains)", "feature_type": "building", "category": "building" }, "geometry": { "type": "Polygon", "coordinates": [ [ [ 77.138657743380747, 11.456866343039415 ], [ 77.138657743380747, 11.457067956332494 ], [ 77.138456130087661, 11.457067956332494 ], [ 77.138456130087661, 11.456866343039415 ], [ 77.138657743380747, 11.456866343039415 ] ] ] } },
{ "type": "Feature", "properties": { "feature_id": "bld_0744", "name": "Building 744 (Alakkombai Plains)", "feature_type": "building", "category": "building" }, "geometry": { "type": "Polygon", "coordinates": [ [ [ 77.138579730016332, 11.459780493976114 ], [ 77.138579730016332, 11.459947233973152 ], [ 77.13841299001929, 11.459947233973152 ], [ 77.13841299001929, 11.459780493976114 ], [ 77.138579730016332, 11.459780493976114 ] ] ] } },
{ "type": "Feature", "properties": { "feature_id": "bld_0745", "name": "Building 745 (Alakkombai Plains)", "feature_type": "building", "category": "building" }, "geometry": { "type": "Polygon", "coordinates": [ [ [ 77.16575702111146, 11.461918531159997 ], [ 77.16575702111146, 11.462172023815649 ], [ 77.165503528455815, 11.462172023815649 ], [ 77.165503528455815, 11.461918531159997 ], [ 77.16575702111146, 11.461918531159997 ] ] ] } },
{ "type": "Feature", "properties": { "feature_id": "bld_0746", "name": "Building 746 (Alakkombai Plains)", "feature_type": "building", "category": "building" }, "geometry": { "type": "Polygon", "coordinates": [ [ [ 77.151787943767403, 11.462753076850227 ], [ 77.151787943767403, 11.462939023075361 ], [ 77.151601997542258, 11.462939023075361 ], [ 77.151601997542258, 11.462753076850227 ], [ 77.151787943767403, 11.462753076850227 ] ] ] } },
{ "type": "Feature", "properties": { "feature_id": "bld_0747", "name": "Building 747 (Alakkombai Plains)", "feature_type": "building", "category": "building" }, "geometry": { "type": "Polygon", "coordinates": [ [ [ 77.1286892327781, 11.449654582918681 ], [ 77.1286892327781, 11.449925823877701 ], [ 77.128417991819077, 11.449925823877701 ], [ 77.128417991819077, 11.449654582918681 ], [ 77.1286892327781, 11.449654582918681 ] ] ] } },
{ "type": "Feature", "properties": { "feature_id": "bld_0748", "name": "Building 748 (Alakkombai Plains)", "feature_type": "building", "category": "building" }, "geometry": { "type": "Polygon", "coordinates": [ [ [ 77.126709842628827, 11.456506456075536 ], [ 77.126709842628827, 11.456805817327803 ], [ 77.126410481376553, 11.456805817327803 ], [ 77.126410481376553, 11.456506456075536 ], [ 77.126709842628827, 11.456506456075536 ] ] ] } },
{ "type": "Feature", "properties": { "feature_id": "bld_0749", "name": "Building 749 (Alakkombai Plains)", "feature_type": "building", "category": "building" }, "geometry": { "type": "Polygon", "coordinates": [ [ [ 77.163590779086348, 11.455344458917223 ], [ 77.163590779086348, 11.455513368644523 ], [ 77.163421869359041, 11.455513368644523 ], [ 77.163421869359041, 11.455344458917223 ], [ 77.163590779086348, 11.455344458917223 ] ] ] } },
{ "type": "Feature", "properties": { "feature_id": "bld_0750", "name": "Building 750 (Alakkombai Plains)", "feature_type": "building", "category": "building" }, "geometry": { "type": "Polygon", "coordinates": [ [ [ 77.162499853457149, 11.456891524853749 ], [ 77.162499853457149, 11.457067615473338 ], [ 77.162323762837559, 11.457067615473338 ], [ 77.162323762837559, 11.456891524853749 ], [ 77.162499853457149, 11.456891524853749 ] ] ] } },
{ "type": "Feature", "properties": { "feature_id": "bld_0751", "name": "Building 751 (Alakkombai Plains)", "feature_type": "building", "category": "building" }, "geometry": { "type": "Polygon", "coordinates": [ [ [ 77.129350421835468, 11.463065692370327 ], [ 77.129350421835468, 11.463319380407137 ], [ 77.129096733798647, 11.463319380407137 ], [ 77.129096733798647, 11.463065692370327 ], [ 77.129350421835468, 11.463065692370327 ] ] ] } },
{ "type": "Feature", "properties": { "feature_id": "bld_0752", "name": "Building 752 (Alakkombai Plains)", "feature_type": "building", "category": "building" }, "geometry": { "type": "Polygon", "coordinates": [ [ [ 77.162437930033903, 11.462459553941002 ], [ 77.162437930033903, 11.462699602070288 ], [ 77.162197881904618, 11.462699602070288 ], [ 77.162197881904618, 11.462459553941002 ], [ 77.162437930033903, 11.462459553941002 ] ] ] } },
{ "type": "Feature", "properties": { "feature_id": "bld_0753", "name": "Building 753 (Alakkombai Plains)", "feature_type": "building", "category": "building" }, "geometry": { "type": "Polygon", "coordinates": [ [ [ 77.148387272090119, 11.453506361945275 ], [ 77.148387272090119, 11.453710734467565 ], [ 77.148182899567828, 11.453710734467565 ], [ 77.148182899567828, 11.453506361945275 ], [ 77.148387272090119, 11.453506361945275 ] ] ] } },
{ "type": "Feature", "properties": { "feature_id": "bld_0754", "name": "Building 754 (Alakkombai Plains)", "feature_type": "building", "category": "building" }, "geometry": { "type": "Polygon", "coordinates": [ [ [ 77.144678952878806, 11.460355458474433 ], [ 77.144678952878806, 11.460599727754774 ], [ 77.144434683598476, 11.460599727754774 ], [ 77.144434683598476, 11.460355458474433 ], [ 77.144678952878806, 11.460355458474433 ] ] ] } },
{ "type": "Feature", "properties": { "feature_id": "bld_0755", "name": "Building 755 (Alakkombai Plains)", "feature_type": "building", "category": "building" }, "geometry": { "type": "Polygon", "coordinates": [ [ [ 77.165286044318478, 11.453745104017074 ], [ 77.165286044318478, 11.453990096558094 ], [ 77.165041051777465, 11.453990096558094 ], [ 77.165041051777465, 11.453745104017074 ], [ 77.165286044318478, 11.453745104017074 ] ] ] } },
{ "type": "Feature", "properties": { "feature_id": "bld_0756", "name": "Building 756 (Alakkombai Plains)", "feature_type": "building", "category": "building" }, "geometry": { "type": "Polygon", "coordinates": [ [ [ 77.153538024253251, 11.45670475888201 ], [ 77.153538024253251, 11.456963127610242 ], [ 77.153279655525026, 11.456963127610242 ], [ 77.153279655525026, 11.45670475888201 ], [ 77.153538024253251, 11.45670475888201 ] ] ] } },
{ "type": "Feature", "properties": { "feature_id": "bld_0757", "name": "Building 757 (Alakkombai Plains)", "feature_type": "building", "category": "building" }, "geometry": { "type": "Polygon", "coordinates": [ [ [ 77.135771801813064, 11.455159979814718 ], [ 77.135771801813064, 11.455334571287112 ], [ 77.135597210340677, 11.455334571287112 ], [ 77.135597210340677, 11.455159979814718 ], [ 77.135771801813064, 11.455159979814718 ] ] ] } },
{ "type": "Feature", "properties": { "feature_id": "bld_0758", "name": "Building 758 (Alakkombai Plains)", "feature_type": "building", "category": "building" }, "geometry": { "type": "Polygon", "coordinates": [ [ [ 77.142428665442182, 11.454627685674257 ], [ 77.142428665442182, 11.454878997070594 ], [ 77.142177354045842, 11.454878997070594 ], [ 77.142177354045842, 11.454627685674257 ], [ 77.142428665442182, 11.454627685674257 ] ] ] } },
{ "type": "Feature", "properties": { "feature_id": "bld_0759", "name": "Building 759 (Alakkombai Plains)", "feature_type": "building", "category": "building" }, "geometry": { "type": "Polygon", "coordinates": [ [ [ 77.167905948940515, 11.456880969756835 ], [ 77.167905948940515, 11.457145072905099 ], [ 77.167641845792261, 11.457145072905099 ], [ 77.167641845792261, 11.456880969756835 ], [ 77.167905948940515, 11.456880969756835 ] ] ] } },
{ "type": "Feature", "properties": { "feature_id": "bld_0760", "name": "Building 760 (Alakkombai Plains)", "feature_type": "building", "category": "building" }, "geometry": { "type": "Polygon", "coordinates": [ [ [ 77.147866937932406, 11.457597115372396 ], [ 77.147866937932406, 11.457767045882656 ], [ 77.147697007422153, 11.457767045882656 ], [ 77.147697007422153, 11.457597115372396 ], [ 77.147866937932406, 11.457597115372396 ] ] ] } },
{ "type": "Feature", "properties": { "feature_id": "bld_0761", "name": "Building 761 (Alakkombai Plains)", "feature_type": "building", "category": "building" }, "geometry": { "type": "Polygon", "coordinates": [ [ [ 77.136560695672742, 11.452123987329253 ], [ 77.136560695672742, 11.452350136398953 ], [ 77.136334546603038, 11.452350136398953 ], [ 77.136334546603038, 11.452123987329253 ], [ 77.136560695672742, 11.452123987329253 ] ] ] } },
{ "type": "Feature", "properties": { "feature_id": "bld_0762", "name": "Building 762 (Alakkombai Plains)", "feature_type": "building", "category": "building" }, "geometry": { "type": "Polygon", "coordinates": [ [ [ 77.127153570549154, 11.447701104949521 ], [ 77.127153570549154, 11.447899858952612 ], [ 77.126954816546061, 11.447899858952612 ], [ 77.126954816546061, 11.447701104949521 ], [ 77.127153570549154, 11.447701104949521 ] ] ] } },
{ "type": "Feature", "properties": { "feature_id": "bld_0763", "name": "Building 763 (Alakkombai Plains)", "feature_type": "building", "category": "building" }, "geometry": { "type": "Polygon", "coordinates": [ [ [ 77.168832713964619, 11.451513197267994 ], [ 77.168832713964619, 11.451740683016128 ], [ 77.168605228216492, 11.451740683016128 ], [ 77.168605228216492, 11.451513197267994 ], [ 77.168832713964619, 11.451513197267994 ] ] ] } },
{ "type": "Feature", "properties": { "feature_id": "bld_0764", "name": "Building 764 (Alakkombai Plains)", "feature_type": "building", "category": "building" }, "geometry": { "type": "Polygon", "coordinates": [ [ [ 77.133924044898308, 11.457115953596428 ], [ 77.133924044898308, 11.457315249246601 ], [ 77.133724749248145, 11.457315249246601 ], [ 77.133724749248145, 11.457115953596428 ], [ 77.133924044898308, 11.457115953596428 ] ] ] } },
{ "type": "Feature", "properties": { "feature_id": "bld_0765", "name": "Building 765 (Alakkombai Plains)", "feature_type": "building", "category": "building" }, "geometry": { "type": "Polygon", "coordinates": [ [ [ 77.134395051435661, 11.45525106716298 ], [ 77.134395051435661, 11.455411837974861 ], [ 77.134234280623787, 11.455411837974861 ], [ 77.134234280623787, 11.45525106716298 ], [ 77.134395051435661, 11.45525106716298 ] ] ] } },
{ "type": "Feature", "properties": { "feature_id": "bld_0766", "name": "Building 766 (Alakkombai Plains)", "feature_type": "building", "category": "building" }, "geometry": { "type": "Polygon", "coordinates": [ [ [ 77.125427451964597, 11.449298805686663 ], [ 77.125427451964597, 11.449463946677412 ], [ 77.125262310973838, 11.449463946677412 ], [ 77.125262310973838, 11.449298805686663 ], [ 77.125427451964597, 11.449298805686663 ] ] ] } },
{ "type": "Feature", "properties": { "feature_id": "bld_0767", "name": "Building 767 (Alakkombai Plains)", "feature_type": "building", "category": "building" }, "geometry": { "type": "Polygon", "coordinates": [ [ [ 77.129997339933453, 11.451641031989205 ], [ 77.129997339933453, 11.451913393984345 ], [ 77.129724977938309, 11.451913393984345 ], [ 77.129724977938309, 11.451641031989205 ], [ 77.129997339933453, 11.451641031989205 ] ] ] } },
{ "type": "Feature", "properties": { "feature_id": "bld_0768", "name": "Building 768 (Alakkombai Plains)", "feature_type": "building", "category": "building" }, "geometry": { "type": "Polygon", "coordinates": [ [ [ 77.150842733169256, 11.455152810301502 ], [ 77.150842733169256, 11.455353898736753 ], [ 77.150641644733994, 11.455353898736753 ], [ 77.150641644733994, 11.455152810301502 ], [ 77.150842733169256, 11.455152810301502 ] ] ] } },
{ "type": "Feature", "properties": { "feature_id": "bld_0769", "name": "Building 769 (Alakkombai Plains)", "feature_type": "building", "category": "building" }, "geometry": { "type": "Polygon", "coordinates": [ [ [ 77.167015013868152, 11.45285420433107 ], [ 77.167015013868152, 11.453026397318419 ], [ 77.166842820880802, 11.453026397318419 ], [ 77.166842820880802, 11.45285420433107 ], [ 77.167015013868152, 11.45285420433107 ] ] ] } },
{ "type": "Feature", "properties": { "feature_id": "bld_0770", "name": "Building 770 (Alakkombai Plains)", "feature_type": "building", "category": "building" }, "geometry": { "type": "Polygon", "coordinates": [ [ [ 77.152872158845298, 11.447172602249536 ], [ 77.152872158845298, 11.447380933489528 ], [ 77.152663827605295, 11.447380933489528 ], [ 77.152663827605295, 11.447172602249536 ], [ 77.152872158845298, 11.447172602249536 ] ] ] } },
{ "type": "Feature", "properties": { "feature_id": "bld_0771", "name": "Building 771 (Alakkombai Plains)", "feature_type": "building", "category": "building" }, "geometry": { "type": "Polygon", "coordinates": [ [ [ 77.147948085502932, 11.462369902233078 ], [ 77.147948085502932, 11.462598998754327 ], [ 77.14771898898168, 11.462598998754327 ], [ 77.14771898898168, 11.462369902233078 ], [ 77.147948085502932, 11.462369902233078 ] ] ] } },
{ "type": "Feature", "properties": { "feature_id": "bld_0772", "name": "Building 772 (Alakkombai Plains)", "feature_type": "building", "category": "building" }, "geometry": { "type": "Polygon", "coordinates": [ [ [ 77.156690848709815, 11.464767132541589 ], [ 77.156690848709815, 11.464945541018373 ], [ 77.15651244023303, 11.464945541018373 ], [ 77.15651244023303, 11.464767132541589 ], [ 77.156690848709815, 11.464767132541589 ] ] ] } },
{ "type": "Feature", "properties": { "feature_id": "bld_0773", "name": "Building 773 (Alakkombai Plains)", "feature_type": "building", "category": "building" }, "geometry": { "type": "Polygon", "coordinates": [ [ [ 77.137472446620876, 11.452781993539455 ], [ 77.137472446620876, 11.453001049484451 ], [ 77.13725339067588, 11.453001049484451 ], [ 77.13725339067588, 11.452781993539455 ], [ 77.137472446620876, 11.452781993539455 ] ] ] } },
{ "type": "Feature", "properties": { "feature_id": "bld_0774", "name": "Building 774 (Alakkombai Plains)", "feature_type": "building", "category": "building" }, "geometry": { "type": "Polygon", "coordinates": [ [ [ 77.143625930672073, 11.463022237766017 ], [ 77.143625930672073, 11.463282202336243 ], [ 77.14336596610184, 11.463282202336243 ], [ 77.14336596610184, 11.463022237766017 ], [ 77.143625930672073, 11.463022237766017 ] ] ] } },
{ "type": "Feature", "properties": { "feature_id": "bld_0775", "name": "Building 775 (Alakkombai Plains)", "feature_type": "building", "category": "building" }, "geometry": { "type": "Polygon", "coordinates": [ [ [ 77.152493399960974, 11.451049789030359 ], [ 77.152493399960974, 11.451325119684151 ], [ 77.152218069307196, 11.451325119684151 ], [ 77.152218069307196, 11.451049789030359 ], [ 77.152493399960974, 11.451049789030359 ] ] ] } },
{ "type": "Feature", "properties": { "feature_id": "bld_0776", "name": "Building 776 (Alakkombai Plains)", "feature_type": "building", "category": "building" }, "geometry": { "type": "Polygon", "coordinates": [ [ [ 77.168057832574192, 11.461343856093642 ], [ 77.168057832574192, 11.461504075208367 ], [ 77.167897613459473, 11.461504075208367 ], [ 77.167897613459473, 11.461343856093642 ], [ 77.168057832574192, 11.461343856093642 ] ] ] } },
{ "type": "Feature", "properties": { "feature_id": "bld_0777", "name": "Building 777 (Alakkombai Plains)", "feature_type": "building", "category": "building" }, "geometry": { "type": "Polygon", "coordinates": [ [ [ 77.153736094163676, 11.445924675123418 ], [ 77.153736094163676, 11.446120740134266 ], [ 77.153540029152836, 11.446120740134266 ], [ 77.153540029152836, 11.445924675123418 ], [ 77.153736094163676, 11.445924675123418 ] ] ] } },
{ "type": "Feature", "properties": { "feature_id": "bld_0778", "name": "Building 778 (Alakkombai Plains)", "feature_type": "building", "category": "building" }, "geometry": { "type": "Polygon", "coordinates": [ [ [ 77.127806672809598, 11.456947847765043 ], [ 77.127806672809598, 11.457203970352932 ], [ 77.127550550221699, 11.457203970352932 ], [ 77.127550550221699, 11.456947847765043 ], [ 77.127806672809598, 11.456947847765043 ] ] ] } },
{ "type": "Feature", "properties": { "feature_id": "bld_0779", "name": "Building 779 (Alakkombai Plains)", "feature_type": "building", "category": "building" }, "geometry": { "type": "Polygon", "coordinates": [ [ [ 77.130263880268586, 11.452564841105273 ], [ 77.130263880268586, 11.452788714216526 ], [ 77.130040007157334, 11.452788714216526 ], [ 77.130040007157334, 11.452564841105273 ], [ 77.130263880268586, 11.452564841105273 ] ] ] } },
{ "type": "Feature", "properties": { "feature_id": "bld_0780", "name": "Building 780 (Alakkombai Plains)", "feature_type": "building", "category": "building" }, "geometry": { "type": "Polygon", "coordinates": [ [ [ 77.141716712324552, 11.44731117366439 ], [ 77.141716712324552, 11.447529826355018 ], [ 77.141498059633932, 11.447529826355018 ], [ 77.141498059633932, 11.44731117366439 ], [ 77.141716712324552, 11.44731117366439 ] ] ] } },
{ "type": "Feature", "properties": { "feature_id": "bld_0781", "name": "Building 781 (Alakkombai Plains)", "feature_type": "building", "category": "building" }, "geometry": { "type": "Polygon", "coordinates": [ [ [ 77.158888624752365, 11.44633454068968 ], [ 77.158888624752365, 11.446505765891651 ], [ 77.158717399550397, 11.446505765891651 ], [ 77.158717399550397, 11.44633454068968 ], [ 77.158888624752365, 11.44633454068968 ] ] ] } },
{ "type": "Feature", "properties": { "feature_id": "bld_0782", "name": "Building 782 (Alakkombai Plains)", "feature_type": "building", "category": "building" }, "geometry": { "type": "Polygon", "coordinates": [ [ [ 77.141091508217883, 11.463707714147107 ], [ 77.141091508217883, 11.463961314317649 ], [ 77.140837908047345, 11.463961314317649 ], [ 77.140837908047345, 11.463707714147107 ], [ 77.141091508217883, 11.463707714147107 ] ] ] } },
{ "type": "Feature", "properties": { "feature_id": "bld_0783", "name": "Building 783 (Alakkombai Plains)", "feature_type": "building", "category": "building" }, "geometry": { "type": "Polygon", "coordinates": [ [ [ 77.155661704305643, 11.452116843561372 ], [ 77.155661704305643, 11.452359956072142 ], [ 77.155418591794884, 11.452359956072142 ], [ 77.155418591794884, 11.452116843561372 ], [ 77.155661704305643, 11.452116843561372 ] ] ] } },
{ "type": "Feature", "properties": { "feature_id": "bld_0784", "name": "Building 784 (Alakkombai Plains)", "feature_type": "building", "category": "building" }, "geometry": { "type": "Polygon", "coordinates": [ [ [ 77.125599833367573, 11.457577990841859 ], [ 77.125599833367573, 11.457865851014521 ], [ 77.125311973194925, 11.457865851014521 ], [ 77.125311973194925, 11.457577990841859 ], [ 77.125599833367573, 11.457577990841859 ] ] ] } },
{ "type": "Feature", "properties": { "feature_id": "bld_0785", "name": "Building 785 (Alakkombai Plains)", "feature_type": "building", "category": "building" }, "geometry": { "type": "Polygon", "coordinates": [ [ [ 77.152696484189391, 11.462343293755445 ], [ 77.152696484189391, 11.462604649983209 ], [ 77.152435127961638, 11.462604649983209 ], [ 77.152435127961638, 11.462343293755445 ], [ 77.152696484189391, 11.462343293755445 ] ] ] } },
{ "type": "Feature", "properties": { "feature_id": "bld_0786", "name": "Building 786 (Alakkombai Plains)", "feature_type": "building", "category": "building" }, "geometry": { "type": "Polygon", "coordinates": [ [ [ 77.130509779807269, 11.462964415076611 ], [ 77.130509779807269, 11.463133717214822 ], [ 77.130340477669066, 11.463133717214822 ], [ 77.130340477669066, 11.462964415076611 ], [ 77.130509779807269, 11.462964415076611 ] ] ] } },
{ "type": "Feature", "properties": { "feature_id": "bld_0787", "name": "Building 787 (Alakkombai Plains)", "feature_type": "building", "category": "building" }, "geometry": { "type": "Polygon", "coordinates": [ [ [ 77.149109355727404, 11.447761923013118 ], [ 77.149109355727404, 11.447923561938619 ], [ 77.148947716801899, 11.447923561938619 ], [ 77.148947716801899, 11.447761923013118 ], [ 77.149109355727404, 11.447761923013118 ] ] ] } },
{ "type": "Feature", "properties": { "feature_id": "bld_0788", "name": "Building 788 (Alakkombai Plains)", "feature_type": "building", "category": "building" }, "geometry": { "type": "Polygon", "coordinates": [ [ [ 77.144105561740304, 11.450786794118518 ], [ 77.144105561740304, 11.451014834187649 ], [ 77.143877521671186, 11.451014834187649 ], [ 77.143877521671186, 11.450786794118518 ], [ 77.144105561740304, 11.450786794118518 ] ] ] } },
{ "type": "Feature", "properties": { "feature_id": "bld_0789", "name": "Building 789 (Alakkombai Plains)", "feature_type": "building", "category": "building" }, "geometry": { "type": "Polygon", "coordinates": [ [ [ 77.151062605133717, 11.44578617121552 ], [ 77.151062605133717, 11.445963391676838 ], [ 77.150885384672392, 11.445963391676838 ], [ 77.150885384672392, 11.44578617121552 ], [ 77.151062605133717, 11.44578617121552 ] ] ] } },
{ "type": "Feature", "properties": { "feature_id": "bld_0790", "name": "Building 790 (Alakkombai Plains)", "feature_type": "building", "category": "building" }, "geometry": { "type": "Polygon", "coordinates": [ [ [ 77.150269949984406, 11.451732304919325 ], [ 77.150269949984406, 11.451994389207581 ], [ 77.150007865696139, 11.451994389207581 ], [ 77.150007865696139, 11.451732304919325 ], [ 77.150269949984406, 11.451732304919325 ] ] ] } },
{ "type": "Feature", "properties": { "feature_id": "bld_0791", "name": "Building 791 (Alakkombai Plains)", "feature_type": "building", "category": "building" }, "geometry": { "type": "Polygon", "coordinates": [ [ [ 77.154481598684512, 11.461783612761931 ], [ 77.154481598684512, 11.462040561757664 ], [ 77.154224649688771, 11.462040561757664 ], [ 77.154224649688771, 11.461783612761931 ], [ 77.154481598684512, 11.461783612761931 ] ] ] } },
{ "type": "Feature", "properties": { "feature_id": "bld_0792", "name": "Building 792 (Alakkombai Plains)", "feature_type": "building", "category": "building" }, "geometry": { "type": "Polygon", "coordinates": [ [ [ 77.144446175164745, 11.458360055765691 ], [ 77.144446175164745, 11.458558609130087 ], [ 77.144247621800361, 11.458558609130087 ], [ 77.144247621800361, 11.458360055765691 ], [ 77.144446175164745, 11.458360055765691 ] ] ] } },
{ "type": "Feature", "properties": { "feature_id": "bld_0793", "name": "Building 793 (Alakkombai Plains)", "feature_type": "building", "category": "building" }, "geometry": { "type": "Polygon", "coordinates": [ [ [ 77.138895356811162, 11.460668453832268 ], [ 77.138895356811162, 11.460890952564563 ], [ 77.138672858078877, 11.460890952564563 ], [ 77.138672858078877, 11.460668453832268 ], [ 77.138895356811162, 11.460668453832268 ] ] ] } },
{ "type": "Feature", "properties": { "feature_id": "bld_0794", "name": "Building 794 (Alakkombai Plains)", "feature_type": "building", "category": "building" }, "geometry": { "type": "Polygon", "coordinates": [ [ [ 77.161067144686967, 11.461308418109729 ], [ 77.161067144686967, 11.461588476837003 ], [ 77.160787085959697, 11.461588476837003 ], [ 77.160787085959697, 11.461308418109729 ], [ 77.161067144686967, 11.461308418109729 ] ] ] } },
{ "type": "Feature", "properties": { "feature_id": "bld_0795", "name": "Building 795 (Alakkombai Plains)", "feature_type": "building", "category": "building" }, "geometry": { "type": "Polygon", "coordinates": [ [ [ 77.166350906290148, 11.453517383732985 ], [ 77.166350906290148, 11.453722025087549 ], [ 77.166146264935577, 11.453722025087549 ], [ 77.166146264935577, 11.453517383732985 ], [ 77.166350906290148, 11.453517383732985 ] ] ] } },
{ "type": "Feature", "properties": { "feature_id": "bld_0796", "name": "Building 796 (Alakkombai Plains)", "feature_type": "building", "category": "building" }, "geometry": { "type": "Polygon", "coordinates": [ [ [ 77.151321018788408, 11.452301373277077 ], [ 77.151321018788408, 11.452545523660429 ], [ 77.15107686840507, 11.452545523660429 ], [ 77.15107686840507, 11.452301373277077 ], [ 77.151321018788408, 11.452301373277077 ] ] ] } },
{ "type": "Feature", "properties": { "feature_id": "bld_0797", "name": "Building 797 (Alakkombai Plains)", "feature_type": "building", "category": "building" }, "geometry": { "type": "Polygon", "coordinates": [ [ [ 77.156857582521056, 11.458661881667751 ], [ 77.156857582521056, 11.458874319071935 ], [ 77.156645145116883, 11.458874319071935 ], [ 77.156645145116883, 11.458661881667751 ], [ 77.156857582521056, 11.458661881667751 ] ] ] } },
{ "type": "Feature", "properties": { "feature_id": "bld_0798", "name": "Building 798 (Alakkombai Plains)", "feature_type": "building", "category": "building" }, "geometry": { "type": "Polygon", "coordinates": [ [ [ 77.132598690666526, 11.453520605179158 ], [ 77.132598690666526, 11.453700568359331 ], [ 77.132418727486368, 11.453700568359331 ], [ 77.132418727486368, 11.453520605179158 ], [ 77.132598690666526, 11.453520605179158 ] ] ] } },
{ "type": "Feature", "properties": { "feature_id": "bld_0799", "name": "Building 799 (Alakkombai Plains)", "feature_type": "building", "category": "building" }, "geometry": { "type": "Polygon", "coordinates": [ [ [ 77.165145178765584, 11.451826737032452 ], [ 77.165145178765584, 11.452008361397063 ], [ 77.16496355440097, 11.452008361397063 ], [ 77.16496355440097, 11.451826737032452 ], [ 77.165145178765584, 11.451826737032452 ] ] ] } },
{ "type": "Feature", "properties": { "feature_id": "bld_0800", "name": "Building 800 (Alakkombai Plains)", "feature_type": "building", "category": "building" }, "geometry": { "type": "Polygon", "coordinates": [ [ [ 77.126269732357983, 11.457791864563507 ], [ 77.126269732357983, 11.458041030887951 ], [ 77.126020566033546, 11.458041030887951 ], [ 77.126020566033546, 11.457791864563507 ], [ 77.126269732357983, 11.457791864563507 ] ] ] } },
{ "type": "Feature", "properties": { "feature_id": "bld_0801", "name": "Building 801 (Alakkombai Plains)", "feature_type": "building", "category": "building" }, "geometry": { "type": "Polygon", "coordinates": [ [ [ 77.140435861518796, 11.446325563754311 ], [ 77.140435861518796, 11.446542911799597 ], [ 77.140218513473513, 11.446542911799597 ], [ 77.140218513473513, 11.446325563754311 ], [ 77.140435861518796, 11.446325563754311 ] ] ] } },
{ "type": "Feature", "properties": { "feature_id": "bld_0802", "name": "Building 802 (Alakkombai Plains)", "feature_type": "building", "category": "building" }, "geometry": { "type": "Polygon", "coordinates": [ [ [ 77.139127191825324, 11.458420008247238 ], [ 77.139127191825324, 11.458664817342161 ], [ 77.138882382730387, 11.458664817342161 ], [ 77.138882382730387, 11.458420008247238 ], [ 77.139127191825324, 11.458420008247238 ] ] ] } },
{ "type": "Feature", "properties": { "feature_id": "bld_0803", "name": "Building 803 (Alakkombai Plains)", "feature_type": "building", "category": "building" }, "geometry": { "type": "Polygon", "coordinates": [ [ [ 77.141555880286518, 11.449208688567468 ], [ 77.141555880286518, 11.449507013602732 ], [ 77.141257555251258, 11.449507013602732 ], [ 77.141257555251258, 11.449208688567468 ], [ 77.141555880286518, 11.449208688567468 ] ] ] } },
{ "type": "Feature", "properties": { "feature_id": "bld_0804", "name": "Building 804 (Alakkombai Plains)", "feature_type": "building", "category": "building" }, "geometry": { "type": "Polygon", "coordinates": [ [ [ 77.145519911661566, 11.458675646007874 ], [ 77.145519911661566, 11.458855323423334 ], [ 77.145340234246092, 11.458855323423334 ], [ 77.145340234246092, 11.458675646007874 ], [ 77.145519911661566, 11.458675646007874 ] ] ] } },
{ "type": "Feature", "properties": { "feature_id": "bld_0805", "name": "Building 805 (Alakkombai Plains)", "feature_type": "building", "category": "building" }, "geometry": { "type": "Polygon", "coordinates": [ [ [ 77.146966918342926, 11.445435352539135 ], [ 77.146966918342926, 11.445666116255644 ], [ 77.146736154626424, 11.445666116255644 ], [ 77.146736154626424, 11.445435352539135 ], [ 77.146966918342926, 11.445435352539135 ] ] ] } },
{ "type": "Feature", "properties": { "feature_id": "bld_0806", "name": "Building 806 (Alakkombai Plains)", "feature_type": "building", "category": "building" }, "geometry": { "type": "Polygon", "coordinates": [ [ [ 77.168463513041189, 11.452601404538836 ], [ 77.168463513041189, 11.452766863980596 ], [ 77.168298053599415, 11.452766863980596 ], [ 77.168298053599415, 11.452601404538836 ], [ 77.168463513041189, 11.452601404538836 ] ] ] } },
{ "type": "Feature", "properties": { "feature_id": "bld_0807", "name": "Building 807 (Alakkombai Plains)", "feature_type": "building", "category": "building" }, "geometry": { "type": "Polygon", "coordinates": [ [ [ 77.126484212336919, 11.452668533453384 ], [ 77.126484212336919, 11.45285093694449 ], [ 77.126301808845824, 11.45285093694449 ], [ 77.126301808845824, 11.452668533453384 ], [ 77.126484212336919, 11.452668533453384 ] ] ] } },
{ "type": "Feature", "properties": { "feature_id": "bld_0808", "name": "Building 808 (Alakkombai Plains)", "feature_type": "building", "category": "building" }, "geometry": { "type": "Polygon", "coordinates": [ [ [ 77.126162940945392, 11.460012175668382 ], [ 77.126162940945392, 11.460236368889625 ], [ 77.125938747724149, 11.460236368889625 ], [ 77.125938747724149, 11.460012175668382 ], [ 77.126162940945392, 11.460012175668382 ] ] ] } },
{ "type": "Feature", "properties": { "feature_id": "bld_0809", "name": "Building 809 (Alakkombai Plains)", "feature_type": "building", "category": "building" }, "geometry": { "type": "Polygon", "coordinates": [ [ [ 77.138104144465984, 11.462913533933115 ], [ 77.138104144465984, 11.463089793387542 ], [ 77.13792788501155, 11.463089793387542 ], [ 77.13792788501155, 11.462913533933115 ], [ 77.138104144465984, 11.462913533933115 ] ] ] } },
{ "type": "Feature", "properties": { "feature_id": "bld_0810", "name": "Building 810 (Alakkombai Plains)", "feature_type": "building", "category": "building" }, "geometry": { "type": "Polygon", "coordinates": [ [ [ 77.168158535560053, 11.451137146090485 ], [ 77.168158535560053, 11.451421522604608 ], [ 77.167874159045937, 11.451421522604608 ], [ 77.167874159045937, 11.451137146090485 ], [ 77.168158535560053, 11.451137146090485 ] ] ] } },
{ "type": "Feature", "properties": { "feature_id": "bld_0811", "name": "Building 811 (Alakkombai Plains)", "feature_type": "building", "category": "building" }, "geometry": { "type": "Polygon", "coordinates": [ [ [ 77.152281310363009, 11.461385266273405 ], [ 77.152281310363009, 11.461683028116253 ], [ 77.15198354852015, 11.461683028116253 ], [ 77.15198354852015, 11.461385266273405 ], [ 77.152281310363009, 11.461385266273405 ] ] ] } },
{ "type": "Feature", "properties": { "feature_id": "bld_0812", "name": "Building 812 (Alakkombai Plains)", "feature_type": "building", "category": "building" }, "geometry": { "type": "Polygon", "coordinates": [ [ [ 77.138085508434486, 11.464115445975509 ], [ 77.138085508434486, 11.464329973440794 ], [ 77.137870980969197, 11.464329973440794 ], [ 77.137870980969197, 11.464115445975509 ], [ 77.138085508434486, 11.464115445975509 ] ] ] } },
{ "type": "Feature", "properties": { "feature_id": "bld_0813", "name": "Building 813 (Alakkombai Plains)", "feature_type": "building", "category": "building" }, "geometry": { "type": "Polygon", "coordinates": [ [ [ 77.142465934245664, 11.451689843552577 ], [ 77.142465934245664, 11.451925640617604 ], [ 77.142230137180647, 11.451925640617604 ], [ 77.142230137180647, 11.451689843552577 ], [ 77.142465934245664, 11.451689843552577 ] ] ] } },
{ "type": "Feature", "properties": { "feature_id": "bld_0814", "name": "Building 814 (Alakkombai Plains)", "feature_type": "building", "category": "building" }, "geometry": { "type": "Polygon", "coordinates": [ [ [ 77.132054446279909, 11.455956310370292 ], [ 77.132054446279909, 11.45619214904403 ], [ 77.131818607606164, 11.45619214904403 ], [ 77.131818607606164, 11.455956310370292 ], [ 77.132054446279909, 11.455956310370292 ] ] ] } },
{ "type": "Feature", "properties": { "feature_id": "bld_0815", "name": "Building 815 (Alakkombai Plains)", "feature_type": "building", "category": "building" }, "geometry": { "type": "Polygon", "coordinates": [ [ [ 77.159396412461746, 11.46156216834423 ], [ 77.159396412461746, 11.461783830133275 ], [ 77.15917475067269, 11.461783830133275 ], [ 77.15917475067269, 11.46156216834423 ], [ 77.159396412461746, 11.46156216834423 ] ] ] } },
{ "type": "Feature", "properties": { "feature_id": "bld_0816", "name": "Building 816 (Alakkombai Plains)", "feature_type": "building", "category": "building" }, "geometry": { "type": "Polygon", "coordinates": [ [ [ 77.138698619889396, 11.450093074277774 ], [ 77.138698619889396, 11.450280321614912 ], [ 77.138511372552244, 11.450280321614912 ], [ 77.138511372552244, 11.450093074277774 ], [ 77.138698619889396, 11.450093074277774 ] ] ] } },
{ "type": "Feature", "properties": { "feature_id": "bld_0817", "name": "Building 817 (Alakkombai Plains)", "feature_type": "building", "category": "building" }, "geometry": { "type": "Polygon", "coordinates": [ [ [ 77.127693058537403, 11.451750042238244 ], [ 77.127693058537403, 11.451947876915144 ], [ 77.127495223860507, 11.451947876915144 ], [ 77.127495223860507, 11.451750042238244 ], [ 77.127693058537403, 11.451750042238244 ] ] ] } },
{ "type": "Feature", "properties": { "feature_id": "bld_0818", "name": "Building 818 (Alakkombai Plains)", "feature_type": "building", "category": "building" }, "geometry": { "type": "Polygon", "coordinates": [ [ [ 77.168593091756719, 11.456049867132268 ], [ 77.168593091756719, 11.456258485917733 ], [ 77.168384472971269, 11.456258485917733 ], [ 77.168384472971269, 11.456049867132268 ], [ 77.168593091756719, 11.456049867132268 ] ] ] } },
{ "type": "Feature", "properties": { "feature_id": "bld_0819", "name": "Building 819 (Alakkombai Plains)", "feature_type": "building", "category": "building" }, "geometry": { "type": "Polygon", "coordinates": [ [ [ 77.151232125107171, 11.447672850964469 ], [ 77.151232125107171, 11.447895017089358 ], [ 77.151009958982272, 11.447895017089358 ], [ 77.151009958982272, 11.447672850964469 ], [ 77.151232125107171, 11.447672850964469 ] ] ] } },
{ "type": "Feature", "properties": { "feature_id": "bld_0820", "name": "Building 820 (Alakkombai Plains)", "feature_type": "building", "category": "building" }, "geometry": { "type": "Polygon", "coordinates": [ [ [ 77.153288668979997, 11.454669832119803 ], [ 77.153288668979997, 11.454886081151896 ], [ 77.153072419947904, 11.454886081151896 ], [ 77.153072419947904, 11.454669832119803 ], [ 77.153288668979997, 11.454669832119803 ] ] ] } },
{ "type": "Feature", "properties": { "feature_id": "bld_0821", "name": "Building 821 (Alakkombai Plains)", "feature_type": "building", "category": "building" }, "geometry": { "type": "Polygon", "coordinates": [ [ [ 77.169846815917552, 11.462482656825907 ], [ 77.169846815917552, 11.462729933660048 ], [ 77.169599539083421, 11.462729933660048 ], [ 77.169599539083421, 11.462482656825907 ], [ 77.169846815917552, 11.462482656825907 ] ] ] } },
{ "type": "Feature", "properties": { "feature_id": "bld_0822", "name": "Building 822 (Alakkombai Plains)", "feature_type": "building", "category": "building" }, "geometry": { "type": "Polygon", "coordinates": [ [ [ 77.150716073100753, 11.457319117748945 ], [ 77.150716073100753, 11.457507301444039 ], [ 77.150527889405666, 11.457507301444039 ], [ 77.150527889405666, 11.457319117748945 ], [ 77.150716073100753, 11.457319117748945 ] ] ] } },
{ "type": "Feature", "properties": { "feature_id": "bld_0823", "name": "Building 823 (Alakkombai Plains)", "feature_type": "building", "category": "building" }, "geometry": { "type": "Polygon", "coordinates": [ [ [ 77.142894486669519, 11.445675902435195 ], [ 77.142894486669519, 11.445902478880441 ], [ 77.142667910224276, 11.445902478880441 ], [ 77.142667910224276, 11.445675902435195 ], [ 77.142894486669519, 11.445675902435195 ] ] ] } },
{ "type": "Feature", "properties": { "feature_id": "bld_0824", "name": "Building 824 (Alakkombai Plains)", "feature_type": "building", "category": "building" }, "geometry": { "type": "Polygon", "coordinates": [ [ [ 77.149583588297403, 11.449407512702763 ], [ 77.149583588297403, 11.449702476741365 ], [ 77.149288624258801, 11.449702476741365 ], [ 77.149288624258801, 11.449407512702763 ], [ 77.149583588297403, 11.449407512702763 ] ] ] } },
{ "type": "Feature", "properties": { "feature_id": "bld_0825", "name": "Building 825 (Alakkombai Plains)", "feature_type": "building", "category": "building" }, "geometry": { "type": "Polygon", "coordinates": [ [ [ 77.166042794556191, 11.459325527645104 ], [ 77.166042794556191, 11.459560201773131 ], [ 77.165808120428167, 11.459560201773131 ], [ 77.165808120428167, 11.459325527645104 ], [ 77.166042794556191, 11.459325527645104 ] ] ] } },
{ "type": "Feature", "properties": { "feature_id": "bld_0826", "name": "Building 826 (Alakkombai Plains)", "feature_type": "building", "category": "building" }, "geometry": { "type": "Polygon", "coordinates": [ [ [ 77.164283947869748, 11.447477711190871 ], [ 77.164283947869748, 11.447748382562068 ], [ 77.164013276498551, 11.447748382562068 ], [ 77.164013276498551, 11.447477711190871 ], [ 77.164283947869748, 11.447477711190871 ] ] ] } },
{ "type": "Feature", "properties": { "feature_id": "bld_0827", "name": "Building 827 (Alakkombai Plains)", "feature_type": "building", "category": "building" }, "geometry": { "type": "Polygon", "coordinates": [ [ [ 77.130716240358296, 11.460784909521211 ], [ 77.130716240358296, 11.460983516980766 ], [ 77.13051763289873, 11.460983516980766 ], [ 77.13051763289873, 11.460784909521211 ], [ 77.130716240358296, 11.460784909521211 ] ] ] } },
{ "type": "Feature", "properties": { "feature_id": "bld_0828", "name": "Building 828 (Alakkombai Plains)", "feature_type": "building", "category": "building" }, "geometry": { "type": "Polygon", "coordinates": [ [ [ 77.164559491863685, 11.463790426158649 ], [ 77.164559491863685, 11.463971257594366 ], [ 77.164378660427957, 11.463971257594366 ], [ 77.164378660427957, 11.463790426158649 ], [ 77.164559491863685, 11.463790426158649 ] ] ] } },
{ "type": "Feature", "properties": { "feature_id": "bld_0829", "name": "Building 829 (Alakkombai Plains)", "feature_type": "building", "category": "building" }, "geometry": { "type": "Polygon", "coordinates": [ [ [ 77.14593424074846, 11.464505909042735 ], [ 77.14593424074846, 11.464733586083771 ], [ 77.145706563707421, 11.464733586083771 ], [ 77.145706563707421, 11.464505909042735 ], [ 77.14593424074846, 11.464505909042735 ] ] ] } },
{ "type": "Feature", "properties": { "feature_id": "bld_0830", "name": "Building 830 (Alakkombai Plains)", "feature_type": "building", "category": "building" }, "geometry": { "type": "Polygon", "coordinates": [ [ [ 77.163965911606709, 11.456668357349074 ], [ 77.163965911606709, 11.456880903536181 ], [ 77.163753365419609, 11.456880903536181 ], [ 77.163753365419609, 11.456668357349074 ], [ 77.163965911606709, 11.456668357349074 ] ] ] } },
{ "type": "Feature", "properties": { "feature_id": "bld_0831", "name": "Building 831 (Alakkombai Plains)", "feature_type": "building", "category": "building" }, "geometry": { "type": "Polygon", "coordinates": [ [ [ 77.137993585872053, 11.448931135948326 ], [ 77.137993585872053, 11.449197787695118 ], [ 77.137726934125268, 11.449197787695118 ], [ 77.137726934125268, 11.448931135948326 ], [ 77.137993585872053, 11.448931135948326 ] ] ] } },
{ "type": "Feature", "properties": { "feature_id": "bld_0832", "name": "Building 832 (Alakkombai Plains)", "feature_type": "building", "category": "building" }, "geometry": { "type": "Polygon", "coordinates": [ [ [ 77.142508785590636, 11.455111046460415 ], [ 77.142508785590636, 11.455339972027614 ], [ 77.142279860023436, 11.455339972027614 ], [ 77.142279860023436, 11.455111046460415 ], [ 77.142508785590636, 11.455111046460415 ] ] ] } },
{ "type": "Feature", "properties": { "feature_id": "bld_0833", "name": "Building 833 (Alakkombai Plains)", "feature_type": "building", "category": "building" }, "geometry": { "type": "Polygon", "coordinates": [ [ [ 77.151126208069542, 11.462162891158441 ], [ 77.151126208069542, 11.462460194666543 ], [ 77.15082890456145, 11.462460194666543 ], [ 77.15082890456145, 11.462162891158441 ], [ 77.151126208069542, 11.462162891158441 ] ] ] } },
{ "type": "Feature", "properties": { "feature_id": "bld_0834", "name": "Building 834 (Alakkombai Plains)", "feature_type": "building", "category": "building" }, "geometry": { "type": "Polygon", "coordinates": [ [ [ 77.14347480633144, 11.461416861496501 ], [ 77.14347480633144, 11.461683895387752 ], [ 77.143207772440192, 11.461683895387752 ], [ 77.143207772440192, 11.461416861496501 ], [ 77.14347480633144, 11.461416861496501 ] ] ] } },
{ "type": "Feature", "properties": { "feature_id": "bld_0835", "name": "Building 835 (Alakkombai Plains)", "feature_type": "building", "category": "building" }, "geometry": { "type": "Polygon", "coordinates": [ [ [ 77.150902836031591, 11.464026909656152 ], [ 77.150902836031591, 11.464214976088325 ], [ 77.150714769599418, 11.464214976088325 ], [ 77.150714769599418, 11.464026909656152 ], [ 77.150902836031591, 11.464026909656152 ] ] ] } },
{ "type": "Feature", "properties": { "feature_id": "bld_0836", "name": "Building 836 (Alakkombai Plains)", "feature_type": "building", "category": "building" }, "geometry": { "type": "Polygon", "coordinates": [ [ [ 77.130027629951087, 11.461968498851943 ], [ 77.130027629951087, 11.462189979826272 ], [ 77.129806148976769, 11.462189979826272 ], [ 77.129806148976769, 11.461968498851943 ], [ 77.130027629951087, 11.461968498851943 ] ] ] } },
{ "type": "Feature", "properties": { "feature_id": "bld_0837", "name": "Building 837 (Alakkombai Plains)", "feature_type": "building", "category": "building" }, "geometry": { "type": "Polygon", "coordinates": [ [ [ 77.163197970470875, 11.462777432072356 ], [ 77.163197970470875, 11.462946176135462 ], [ 77.163029226407772, 11.462946176135462 ], [ 77.163029226407772, 11.462777432072356 ], [ 77.163197970470875, 11.462777432072356 ] ] ] } },
{ "type": "Feature", "properties": { "feature_id": "bld_0838", "name": "Building 838 (Alakkombai Plains)", "feature_type": "building", "category": "building" }, "geometry": { "type": "Polygon", "coordinates": [ [ [ 77.16487164460861, 11.453850650833159 ], [ 77.16487164460861, 11.454082111381618 ], [ 77.164640184060147, 11.454082111381618 ], [ 77.164640184060147, 11.453850650833159 ], [ 77.16487164460861, 11.453850650833159 ] ] ] } },
{ "type": "Feature", "properties": { "feature_id": "bld_0839", "name": "Building 839 (Alakkombai Plains)", "feature_type": "building", "category": "building" }, "geometry": { "type": "Polygon", "coordinates": [ [ [ 77.153278001125798, 11.463446314007991 ], [ 77.153278001125798, 11.463608990261212 ], [ 77.153115324872587, 11.463608990261212 ], [ 77.153115324872587, 11.463446314007991 ], [ 77.153278001125798, 11.463446314007991 ] ] ] } },
{ "type": "Feature", "properties": { "feature_id": "bld_0840", "name": "Building 840 (Alakkombai Plains)", "feature_type": "building", "category": "building" }, "geometry": { "type": "Polygon", "coordinates": [ [ [ 77.146588545561343, 11.458623851361573 ], [ 77.146588545561343, 11.458885030335651 ], [ 77.146327366587258, 11.458885030335651 ], [ 77.146327366587258, 11.458623851361573 ], [ 77.146588545561343, 11.458623851361573 ] ] ] } },
{ "type": "Feature", "properties": { "feature_id": "bld_0841", "name": "Building 841 (Alakkombai Plains)", "feature_type": "building", "category": "building" }, "geometry": { "type": "Polygon", "coordinates": [ [ [ 77.156264917110363, 11.447587744896977 ], [ 77.156264917110363, 11.44778966027935 ], [ 77.156063001727986, 11.44778966027935 ], [ 77.156063001727986, 11.447587744896977 ], [ 77.156264917110363, 11.447587744896977 ] ] ] } },
{ "type": "Feature", "properties": { "feature_id": "bld_0842", "name": "Building 842 (Alakkombai Plains)", "feature_type": "building", "category": "building" }, "geometry": { "type": "Polygon", "coordinates": [ [ [ 77.141241711834837, 11.460989230962522 ], [ 77.141241711834837, 11.461188257344659 ], [ 77.141042685452689, 11.461188257344659 ], [ 77.141042685452689, 11.460989230962522 ], [ 77.141241711834837, 11.460989230962522 ] ] ] } },
{ "type": "Feature", "properties": { "feature_id": "bld_0843", "name": "Building 843 (Alakkombai Plains)", "feature_type": "building", "category": "building" }, "geometry": { "type": "Polygon", "coordinates": [ [ [ 77.134562343803978, 11.464068339950803 ], [ 77.134562343803978, 11.46422958081072 ], [ 77.134401102944068, 11.46422958081072 ], [ 77.134401102944068, 11.464068339950803 ], [ 77.134562343803978, 11.464068339950803 ] ] ] } },
{ "type": "Feature", "properties": { "feature_id": "bld_0844", "name": "Building 844 (Alakkombai Plains)", "feature_type": "building", "category": "building" }, "geometry": { "type": "Polygon", "coordinates": [ [ [ 77.170039931356655, 11.458398433126186 ], [ 77.170039931356655, 11.458674418828108 ], [ 77.169763945654722, 11.458674418828108 ], [ 77.169763945654722, 11.458398433126186 ], [ 77.170039931356655, 11.458398433126186 ] ] ] } },
{ "type": "Feature", "properties": { "feature_id": "bld_0845", "name": "Building 845 (Alakkombai Plains)", "feature_type": "building", "category": "building" }, "geometry": { "type": "Polygon", "coordinates": [ [ [ 77.138389523701875, 11.445154654687043 ], [ 77.138389523701875, 11.445417956419641 ], [ 77.138126221969287, 11.445417956419641 ], [ 77.138126221969287, 11.445154654687043 ], [ 77.138389523701875, 11.445154654687043 ] ] ] } },
{ "type": "Feature", "properties": { "feature_id": "bld_0846", "name": "Building 846 (Alakkombai Plains)", "feature_type": "building", "category": "building" }, "geometry": { "type": "Polygon", "coordinates": [ [ [ 77.162626506385152, 11.459719523118959 ], [ 77.162626506385152, 11.45989952215918 ], [ 77.162446507344924, 11.45989952215918 ], [ 77.162446507344924, 11.459719523118959 ], [ 77.162626506385152, 11.459719523118959 ] ] ] } },
{ "type": "Feature", "properties": { "feature_id": "bld_0847", "name": "Building 847 (Alakkombai Plains)", "feature_type": "building", "category": "building" }, "geometry": { "type": "Polygon", "coordinates": [ [ [ 77.159030354337673, 11.460252357806056 ], [ 77.159030354337673, 11.460504553478248 ], [ 77.15877815866547, 11.460504553478248 ], [ 77.15877815866547, 11.460252357806056 ], [ 77.159030354337673, 11.460252357806056 ] ] ] } },
{ "type": "Feature", "properties": { "feature_id": "bld_0848", "name": "Building 848 (Alakkombai Plains)", "feature_type": "building", "category": "building" }, "geometry": { "type": "Polygon", "coordinates": [ [ [ 77.159598169263802, 11.461795476505557 ], [ 77.159598169263802, 11.462041381081551 ], [ 77.159352264687811, 11.462041381081551 ], [ 77.159352264687811, 11.461795476505557 ], [ 77.159598169263802, 11.461795476505557 ] ] ] } },
{ "type": "Feature", "properties": { "feature_id": "bld_0849", "name": "Building 849 (Alakkombai Plains)", "feature_type": "building", "category": "building" }, "geometry": { "type": "Polygon", "coordinates": [ [ [ 77.129072647582063, 11.454667120739918 ], [ 77.129072647582063, 11.454837991646771 ], [ 77.128901776675207, 11.454837991646771 ], [ 77.128901776675207, 11.454667120739918 ], [ 77.129072647582063, 11.454667120739918 ] ] ] } },
{ "type": "Feature", "properties": { "feature_id": "bld_0850", "name": "Building 850 (Alakkombai Plains)", "feature_type": "building", "category": "building" }, "geometry": { "type": "Polygon", "coordinates": [ [ [ 77.143424057085554, 11.453057509093423 ], [ 77.143424057085554, 11.453226750471604 ], [ 77.143254815707365, 11.453226750471604 ], [ 77.143254815707365, 11.453057509093423 ], [ 77.143424057085554, 11.453057509093423 ] ] ] } },
{ "type": "Feature", "properties": { "feature_id": "bld_0851", "name": "Building 851 (Alakkombai Plains)", "feature_type": "building", "category": "building" }, "geometry": { "type": "Polygon", "coordinates": [ [ [ 77.140833500493329, 11.447083385511124 ], [ 77.140833500493329, 11.447356538440527 ], [ 77.140560347563934, 11.447356538440527 ], [ 77.140560347563934, 11.447083385511124 ], [ 77.140833500493329, 11.447083385511124 ] ] ] } },
{ "type": "Feature", "properties": { "feature_id": "bld_0852", "name": "Building 852 (Alakkombai Plains)", "feature_type": "building", "category": "building" }, "geometry": { "type": "Polygon", "coordinates": [ [ [ 77.167792819232915, 11.446299471440648 ], [ 77.167792819232915, 11.44659318756967 ], [ 77.167499103103893, 11.44659318756967 ], [ 77.167499103103893, 11.446299471440648 ], [ 77.167792819232915, 11.446299471440648 ] ] ] } },
{ "type": "Feature", "properties": { "feature_id": "bld_0853", "name": "Building 853 (Alakkombai Plains)", "feature_type": "building", "category": "building" }, "geometry": { "type": "Polygon", "coordinates": [ [ [ 77.148601327315419, 11.450905933213809 ], [ 77.148601327315419, 11.451076693904346 ], [ 77.148430566624882, 11.451076693904346 ], [ 77.148430566624882, 11.450905933213809 ], [ 77.148601327315419, 11.450905933213809 ] ] ] } },
{ "type": "Feature", "properties": { "feature_id": "bld_0854", "name": "Building 854 (Alakkombai Plains)", "feature_type": "building", "category": "building" }, "geometry": { "type": "Polygon", "coordinates": [ [ [ 77.147657588116573, 11.460760814836405 ], [ 77.147657588116573, 11.461019806943224 ], [ 77.147398596009765, 11.461019806943224 ], [ 77.147398596009765, 11.460760814836405 ], [ 77.147657588116573, 11.460760814836405 ] ] ] } },
{ "type": "Feature", "properties": { "feature_id": "bld_0855", "name": "Building 855 (Alakkombai Plains)", "feature_type": "building", "category": "building" }, "geometry": { "type": "Polygon", "coordinates": [ [ [ 77.127368371645673, 11.446349835577575 ], [ 77.127368371645673, 11.446566237837143 ], [ 77.127151969386091, 11.446566237837143 ], [ 77.127151969386091, 11.446349835577575 ], [ 77.127368371645673, 11.446349835577575 ] ] ] } },
{ "type": "Feature", "properties": { "feature_id": "bld_0856", "name": "Building 856 (Alakkombai Plains)", "feature_type": "building", "category": "building" }, "geometry": { "type": "Polygon", "coordinates": [ [ [ 77.138387742547081, 11.449548016146197 ], [ 77.138387742547081, 11.449747356776045 ], [ 77.138188401917233, 11.449747356776045 ], [ 77.138188401917233, 11.449548016146197 ], [ 77.138387742547081, 11.449548016146197 ] ] ] } },
{ "type": "Feature", "properties": { "feature_id": "bld_0857", "name": "Building 857 (Alakkombai Plains)", "feature_type": "building", "category": "building" }, "geometry": { "type": "Polygon", "coordinates": [ [ [ 77.16126508063698, 11.463476203884019 ], [ 77.16126508063698, 11.463692918261254 ], [ 77.161048366259735, 11.463692918261254 ], [ 77.161048366259735, 11.463476203884019 ], [ 77.16126508063698, 11.463476203884019 ] ] ] } },
{ "type": "Feature", "properties": { "feature_id": "bld_0858", "name": "Building 858 (Alakkombai Plains)", "feature_type": "building", "category": "building" }, "geometry": { "type": "Polygon", "coordinates": [ [ [ 77.165888345685005, 11.451316563435913 ], [ 77.165888345685005, 11.451543264614003 ], [ 77.165661644506912, 11.451543264614003 ], [ 77.165661644506912, 11.451316563435913 ], [ 77.165888345685005, 11.451316563435913 ] ] ] } },
{ "type": "Feature", "properties": { "feature_id": "bld_0859", "name": "Building 859 (Alakkombai Plains)", "feature_type": "building", "category": "building" }, "geometry": { "type": "Polygon", "coordinates": [ [ [ 77.135319833579786, 11.457660992165454 ], [ 77.135319833579786, 11.457958049521579 ], [ 77.13502277622365, 11.457958049521579 ], [ 77.13502277622365, 11.457660992165454 ], [ 77.135319833579786, 11.457660992165454 ] ] ] } },
{ "type": "Feature", "properties": { "feature_id": "bld_0860", "name": "Building 860 (Alakkombai Plains)", "feature_type": "building", "category": "building" }, "geometry": { "type": "Polygon", "coordinates": [ [ [ 77.152282536543169, 11.452030934461051 ], [ 77.152282536543169, 11.45228162890349 ], [ 77.15203184210074, 11.45228162890349 ], [ 77.15203184210074, 11.452030934461051 ], [ 77.152282536543169, 11.452030934461051 ] ] ] } },
{ "type": "Feature", "properties": { "feature_id": "bld_0861", "name": "Building 861 (Alakkombai Plains)", "feature_type": "building", "category": "building" }, "geometry": { "type": "Polygon", "coordinates": [ [ [ 77.130646646407484, 11.462657965728752 ], [ 77.130646646407484, 11.462888397481862 ], [ 77.130416214654389, 11.462888397481862 ], [ 77.130416214654389, 11.462657965728752 ], [ 77.130646646407484, 11.462657965728752 ] ] ] } },
{ "type": "Feature", "properties": { "feature_id": "bld_0862", "name": "Building 862 (Alakkombai Plains)", "feature_type": "building", "category": "building" }, "geometry": { "type": "Polygon", "coordinates": [ [ [ 77.145344473262185, 11.456593560898675 ], [ 77.145344473262185, 11.456841030639467 ], [ 77.145097003521386, 11.456841030639467 ], [ 77.145097003521386, 11.456593560898675 ], [ 77.145344473262185, 11.456593560898675 ] ] ] } },
{ "type": "Feature", "properties": { "feature_id": "bld_0863", "name": "Building 863 (Alakkombai Plains)", "feature_type": "building", "category": "building" }, "geometry": { "type": "Polygon", "coordinates": [ [ [ 77.128326846497814, 11.458555409206847 ], [ 77.128326846497814, 11.45874927964209 ], [ 77.12813297606256, 11.45874927964209 ], [ 77.12813297606256, 11.458555409206847 ], [ 77.128326846497814, 11.458555409206847 ] ] ] } },
{ "type": "Feature", "properties": { "feature_id": "bld_0864", "name": "Building 864 (Alakkombai Plains)", "feature_type": "building", "category": "building" }, "geometry": { "type": "Polygon", "coordinates": [ [ [ 77.157264145558329, 11.461314418792156 ], [ 77.157264145558329, 11.461586972983213 ], [ 77.156991591367259, 11.461586972983213 ], [ 77.156991591367259, 11.461314418792156 ], [ 77.157264145558329, 11.461314418792156 ] ] ] } },
{ "type": "Feature", "properties": { "feature_id": "bld_0865", "name": "Building 865 (Alakkombai Plains)", "feature_type": "building", "category": "building" }, "geometry": { "type": "Polygon", "coordinates": [ [ [ 77.149952544850649, 11.455313396528922 ], [ 77.149952544850649, 11.455493399163508 ], [ 77.14977254221607, 11.455493399163508 ], [ 77.14977254221607, 11.455313396528922 ], [ 77.149952544850649, 11.455313396528922 ] ] ] } },
{ "type": "Feature", "properties": { "feature_id": "bld_0866", "name": "Building 866 (Alakkombai Plains)", "feature_type": "building", "category": "building" }, "geometry": { "type": "Polygon", "coordinates": [ [ [ 77.160005345447743, 11.450313418929337 ], [ 77.160005345447743, 11.450542956288533 ], [ 77.159775808088554, 11.450542956288533 ], [ 77.159775808088554, 11.450313418929337 ], [ 77.160005345447743, 11.450313418929337 ] ] ] } },
{ "type": "Feature", "properties": { "feature_id": "bld_0867", "name": "Building 867 (Alakkombai Plains)", "feature_type": "building", "category": "building" }, "geometry": { "type": "Polygon", "coordinates": [ [ [ 77.137916403220515, 11.447552498221212 ], [ 77.137916403220515, 11.447800636298778 ], [ 77.137668265142963, 11.447800636298778 ], [ 77.137668265142963, 11.447552498221212 ], [ 77.137916403220515, 11.447552498221212 ] ] ] } },
{ "type": "Feature", "properties": { "feature_id": "bld_0868", "name": "Building 868 (Alakkombai Plains)", "feature_type": "building", "category": "building" }, "geometry": { "type": "Polygon", "coordinates": [ [ [ 77.127547172642707, 11.459870673606854 ], [ 77.127547172642707, 11.460075135758192 ], [ 77.127342710491362, 11.460075135758192 ], [ 77.127342710491362, 11.459870673606854 ], [ 77.127547172642707, 11.459870673606854 ] ] ] } },
{ "type": "Feature", "properties": { "feature_id": "bld_0869", "name": "Building 869 (Alakkombai Plains)", "feature_type": "building", "category": "building" }, "geometry": { "type": "Polygon", "coordinates": [ [ [ 77.125089340818803, 11.455139303151148 ], [ 77.125089340818803, 11.45530586241834 ], [ 77.124922781551604, 11.45530586241834 ], [ 77.124922781551604, 11.455139303151148 ], [ 77.125089340818803, 11.455139303151148 ] ] ] } },
{ "type": "Feature", "properties": { "feature_id": "bld_0870", "name": "Building 870 (Alakkombai Plains)", "feature_type": "building", "category": "building" }, "geometry": { "type": "Polygon", "coordinates": [ [ [ 77.137512018375446, 11.4590551414756 ], [ 77.137512018375446, 11.459223918022628 ], [ 77.137343241828432, 11.459223918022628 ], [ 77.137343241828432, 11.4590551414756 ], [ 77.137512018375446, 11.4590551414756 ] ] ] } },
{ "type": "Feature", "properties": { "feature_id": "bld_0871", "name": "Building 871 (Alakkombai Plains)", "feature_type": "building", "category": "building" }, "geometry": { "type": "Polygon", "coordinates": [ [ [ 77.162867509826867, 11.444979120782326 ], [ 77.162867509826867, 11.445173676124016 ], [ 77.162672954485174, 11.445173676124016 ], [ 77.162672954485174, 11.444979120782326 ], [ 77.162867509826867, 11.444979120782326 ] ] ] } },
{ "type": "Feature", "properties": { "feature_id": "bld_0872", "name": "Building 872 (Alakkombai Plains)", "feature_type": "building", "category": "building" }, "geometry": { "type": "Polygon", "coordinates": [ [ [ 77.158427814993999, 11.451238270527421 ], [ 77.158427814993999, 11.451412535461751 ], [ 77.158253550059683, 11.451412535461751 ], [ 77.158253550059683, 11.451238270527421 ], [ 77.158427814993999, 11.451238270527421 ] ] ] } },
{ "type": "Feature", "properties": { "feature_id": "bld_0873", "name": "Building 873 (Alakkombai Plains)", "feature_type": "building", "category": "building" }, "geometry": { "type": "Polygon", "coordinates": [ [ [ 77.141349516179162, 11.450268875894539 ], [ 77.141349516179162, 11.450546855560843 ], [ 77.141071536512868, 11.450546855560843 ], [ 77.141071536512868, 11.450268875894539 ], [ 77.141349516179162, 11.450268875894539 ] ] ] } },
{ "type": "Feature", "properties": { "feature_id": "bld_0874", "name": "Building 874 (Alakkombai Plains)", "feature_type": "building", "category": "building" }, "geometry": { "type": "Polygon", "coordinates": [ [ [ 77.13924308734147, 11.460636218385384 ], [ 77.13924308734147, 11.460921080485656 ], [ 77.138958225241197, 11.460921080485656 ], [ 77.138958225241197, 11.460636218385384 ], [ 77.13924308734147, 11.460636218385384 ] ] ] } },
{ "type": "Feature", "properties": { "feature_id": "bld_0875", "name": "Building 875 (Alakkombai Plains)", "feature_type": "building", "category": "building" }, "geometry": { "type": "Polygon", "coordinates": [ [ [ 77.144628196144723, 11.46309245061331 ], [ 77.144628196144723, 11.463305275140865 ], [ 77.144415371617171, 11.463305275140865 ], [ 77.144415371617171, 11.46309245061331 ], [ 77.144628196144723, 11.46309245061331 ] ] ] } },
{ "type": "Feature", "properties": { "feature_id": "bld_0876", "name": "Building 876 (Alakkombai Plains)", "feature_type": "building", "category": "building" }, "geometry": { "type": "Polygon", "coordinates": [ [ [ 77.168511620090712, 11.446657699141857 ], [ 77.168511620090712, 11.446913881839167 ], [ 77.168255437393398, 11.446913881839167 ], [ 77.168255437393398, 11.446657699141857 ], [ 77.168511620090712, 11.446657699141857 ] ] ] } },
{ "type": "Feature", "properties": { "feature_id": "bld_0877", "name": "Building 877 (Alakkombai Plains)", "feature_type": "building", "category": "building" }, "geometry": { "type": "Polygon", "coordinates": [ [ [ 77.147345921652075, 11.452628686277601 ], [ 77.147345921652075, 11.452877265940627 ], [ 77.147097341989038, 11.452877265940627 ], [ 77.147097341989038, 11.452628686277601 ], [ 77.147345921652075, 11.452628686277601 ] ] ] } },
{ "type": "Feature", "properties": { "feature_id": "bld_0878", "name": "Building 878 (Alakkombai Plains)", "feature_type": "building", "category": "building" }, "geometry": { "type": "Polygon", "coordinates": [ [ [ 77.156765255839758, 11.444995578676794 ], [ 77.156765255839758, 11.445178952109218 ], [ 77.156581882407323, 11.445178952109218 ], [ 77.156581882407323, 11.444995578676794 ], [ 77.156765255839758, 11.444995578676794 ] ] ] } },
{ "type": "Feature", "properties": { "feature_id": "bld_0879", "name": "Building 879 (Alakkombai Plains)", "feature_type": "building", "category": "building" }, "geometry": { "type": "Polygon", "coordinates": [ [ [ 77.157234695603904, 11.458180084946205 ], [ 77.157234695603904, 11.458475331596924 ], [ 77.156939448953182, 11.458475331596924 ], [ 77.156939448953182, 11.458180084946205 ], [ 77.157234695603904, 11.458180084946205 ] ] ] } },
{ "type": "Feature", "properties": { "feature_id": "bld_0880", "name": "Building 880 (Alakkombai Plains)", "feature_type": "building", "category": "building" }, "geometry": { "type": "Polygon", "coordinates": [ [ [ 77.159375878396389, 11.463886276319519 ], [ 77.159375878396389, 11.464144631989734 ], [ 77.159117522726177, 11.464144631989734 ], [ 77.159117522726177, 11.463886276319519 ], [ 77.159375878396389, 11.463886276319519 ] ] ] } },
{ "type": "Feature", "properties": { "feature_id": "bld_0881", "name": "Building 881 (Alakkombai Plains)", "feature_type": "building", "category": "building" }, "geometry": { "type": "Polygon", "coordinates": [ [ [ 77.138547077059201, 11.446972570774584 ], [ 77.138547077059201, 11.44724202611545 ], [ 77.138277621718345, 11.44724202611545 ], [ 77.138277621718345, 11.446972570774584 ], [ 77.138547077059201, 11.446972570774584 ] ] ] } },
{ "type": "Feature", "properties": { "feature_id": "bld_0882", "name": "Building 882 (Alakkombai Plains)", "feature_type": "building", "category": "building" }, "geometry": { "type": "Polygon", "coordinates": [ [ [ 77.154091918499034, 11.445858516715253 ], [ 77.154091918499034, 11.446068923780478 ], [ 77.153881511433809, 11.446068923780478 ], [ 77.153881511433809, 11.445858516715253 ], [ 77.154091918499034, 11.445858516715253 ] ] ] } },
{ "type": "Feature", "properties": { "feature_id": "bld_0883", "name": "Building 883 (Alakkombai Plains)", "feature_type": "building", "category": "building" }, "geometry": { "type": "Polygon", "coordinates": [ [ [ 77.168166282736308, 11.454897731874683 ], [ 77.168166282736308, 11.455118313953724 ], [ 77.16794570065727, 11.455118313953724 ], [ 77.16794570065727, 11.454897731874683 ], [ 77.168166282736308, 11.454897731874683 ] ] ] } },
{ "type": "Feature", "properties": { "feature_id": "bld_0884", "name": "Building 884 (Alakkombai Plains)", "feature_type": "building", "category": "building" }, "geometry": { "type": "Polygon", "coordinates": [ [ [ 77.145702291734125, 11.449071844978143 ], [ 77.145702291734125, 11.449283463982063 ], [ 77.145490672730205, 11.449283463982063 ], [ 77.145490672730205, 11.449071844978143 ], [ 77.145702291734125, 11.449071844978143 ] ] ] } },
{ "type": "Feature", "properties": { "feature_id": "bld_0885", "name": "Building 885 (Alakkombai Plains)", "feature_type": "building", "category": "building" }, "geometry": { "type": "Polygon", "coordinates": [ [ [ 77.141775326253423, 11.445913370669754 ], [ 77.141775326253423, 11.446180830137745 ], [ 77.141507866785417, 11.446180830137745 ], [ 77.141507866785417, 11.445913370669754 ], [ 77.141775326253423, 11.445913370669754 ] ] ] } },
{ "type": "Feature", "properties": { "feature_id": "bld_0886", "name": "Building 886 (Alakkombai Plains)", "feature_type": "building", "category": "building" }, "geometry": { "type": "Polygon", "coordinates": [ [ [ 77.143882223795757, 11.461304073376251 ], [ 77.143882223795757, 11.461583122096407 ], [ 77.143603175075597, 11.461583122096407 ], [ 77.143603175075597, 11.461304073376251 ], [ 77.143882223795757, 11.461304073376251 ] ] ] } },
{ "type": "Feature", "properties": { "feature_id": "bld_0887", "name": "Building 887 (Alakkombai Plains)", "feature_type": "building", "category": "building" }, "geometry": { "type": "Polygon", "coordinates": [ [ [ 77.134652792187723, 11.45803400991711 ], [ 77.134652792187723, 11.458260129369695 ], [ 77.134426672735145, 11.458260129369695 ], [ 77.134426672735145, 11.45803400991711 ], [ 77.134652792187723, 11.45803400991711 ] ] ] } },
{ "type": "Feature", "properties": { "feature_id": "bld_0888", "name": "Building 888 (Alakkombai Plains)", "feature_type": "building", "category": "building" }, "geometry": { "type": "Polygon", "coordinates": [ [ [ 77.164734500130493, 11.449187366659507 ], [ 77.164734500130493, 11.449442260507551 ], [ 77.164479606282441, 11.449442260507551 ], [ 77.164479606282441, 11.449187366659507 ], [ 77.164734500130493, 11.449187366659507 ] ] ] } },
{ "type": "Feature", "properties": { "feature_id": "bld_0889", "name": "Building 889 (Alakkombai Plains)", "feature_type": "building", "category": "building" }, "geometry": { "type": "Polygon", "coordinates": [ [ [ 77.152438407564631, 11.450816467488181 ], [ 77.152438407564631, 11.450995591614692 ], [ 77.152259283438127, 11.450995591614692 ], [ 77.152259283438127, 11.450816467488181 ], [ 77.152438407564631, 11.450816467488181 ] ] ] } },
{ "type": "Feature", "properties": { "feature_id": "bld_0890", "name": "Building 890 (Alakkombai Plains)", "feature_type": "building", "category": "building" }, "geometry": { "type": "Polygon", "coordinates": [ [ [ 77.154425883135545, 11.459669855248583 ], [ 77.154425883135545, 11.459874043076711 ], [ 77.154221695307413, 11.459874043076711 ], [ 77.154221695307413, 11.459669855248583 ], [ 77.154425883135545, 11.459669855248583 ] ] ] } },
{ "type": "Feature", "properties": { "feature_id": "bld_0891", "name": "Building 891 (Alakkombai Plains)", "feature_type": "building", "category": "building" }, "geometry": { "type": "Polygon", "coordinates": [ [ [ 77.154147391662832, 11.452772693670401 ], [ 77.154147391662832, 11.453032542634059 ], [ 77.153887542699181, 11.453032542634059 ], [ 77.153887542699181, 11.452772693670401 ], [ 77.154147391662832, 11.452772693670401 ] ] ] } },
{ "type": "Feature", "properties": { "feature_id": "bld_0892", "name": "Building 892 (Alakkombai Plains)", "feature_type": "building", "category": "building" }, "geometry": { "type": "Polygon", "coordinates": [ [ [ 77.134064806041991, 11.462704181380971 ], [ 77.134064806041991, 11.462904418724477 ], [ 77.133864568698485, 11.462904418724477 ], [ 77.133864568698485, 11.462704181380971 ], [ 77.134064806041991, 11.462704181380971 ] ] ] } },
{ "type": "Feature", "properties": { "feature_id": "bld_0893", "name": "Building 893 (Alakkombai Plains)", "feature_type": "building", "category": "building" }, "geometry": { "type": "Polygon", "coordinates": [ [ [ 77.141638175303882, 11.446074033186745 ], [ 77.141638175303882, 11.44624964489647 ], [ 77.14146256359416, 11.44624964489647 ], [ 77.14146256359416, 11.446074033186745 ], [ 77.141638175303882, 11.446074033186745 ] ] ] } },
{ "type": "Feature", "properties": { "feature_id": "bld_0894", "name": "Building 894 (Alakkombai Plains)", "feature_type": "building", "category": "building" }, "geometry": { "type": "Polygon", "coordinates": [ [ [ 77.148352269237861, 11.450213369918758 ], [ 77.148352269237861, 11.450490337150361 ], [ 77.148075302006262, 11.450490337150361 ], [ 77.148075302006262, 11.450213369918758 ], [ 77.148352269237861, 11.450213369918758 ] ] ] } },
{ "type": "Feature", "properties": { "feature_id": "bld_0895", "name": "Building 895 (Alakkombai Plains)", "feature_type": "building", "category": "building" }, "geometry": { "type": "Polygon", "coordinates": [ [ [ 77.125764816677744, 11.452478266785164 ], [ 77.125764816677744, 11.452685495161713 ], [ 77.125557588301191, 11.452685495161713 ], [ 77.125557588301191, 11.452478266785164 ], [ 77.125764816677744, 11.452478266785164 ] ] ] } },
{ "type": "Feature", "properties": { "feature_id": "bld_0896", "name": "Building 896 (Alakkombai Plains)", "feature_type": "building", "category": "building" }, "geometry": { "type": "Polygon", "coordinates": [ [ [ 77.125978698378532, 11.447378412992766 ], [ 77.125978698378532, 11.447596322967254 ], [ 77.125760788404051, 11.447596322967254 ], [ 77.125760788404051, 11.447378412992766 ], [ 77.125978698378532, 11.447378412992766 ] ] ] } },
{ "type": "Feature", "properties": { "feature_id": "bld_0897", "name": "Building 897 (Alakkombai Plains)", "feature_type": "building", "category": "building" }, "geometry": { "type": "Polygon", "coordinates": [ [ [ 77.147296071937632, 11.452968629307609 ], [ 77.147296071937632, 11.453202960582587 ], [ 77.14706174066265, 11.453202960582587 ], [ 77.14706174066265, 11.452968629307609 ], [ 77.147296071937632, 11.452968629307609 ] ] ] } },
{ "type": "Feature", "properties": { "feature_id": "bld_0898", "name": "Building 898 (Alakkombai Plains)", "feature_type": "building", "category": "building" }, "geometry": { "type": "Polygon", "coordinates": [ [ [ 77.151893412031924, 11.445085989761395 ], [ 77.151893412031924, 11.44531096308372 ], [ 77.151668438709592, 11.44531096308372 ], [ 77.151668438709592, 11.445085989761395 ], [ 77.151893412031924, 11.445085989761395 ] ] ] } },
{ "type": "Feature", "properties": { "feature_id": "bld_0899", "name": "Building 899 (Alakkombai Plains)", "feature_type": "building", "category": "building" }, "geometry": { "type": "Polygon", "coordinates": [ [ [ 77.168484893798663, 11.45525321764387 ], [ 77.168484893798663, 11.455508073561314 ], [ 77.16823003788123, 11.455508073561314 ], [ 77.16823003788123, 11.45525321764387 ], [ 77.168484893798663, 11.45525321764387 ] ] ] } },
{ "type": "Feature", "properties": { "feature_id": "bld_0900", "name": "Building 900 (Alakkombai Plains)", "feature_type": "building", "category": "building" }, "geometry": { "type": "Polygon", "coordinates": [ [ [ 77.139167978109995, 11.460345723059325 ], [ 77.139167978109995, 11.460613932066787 ], [ 77.138899769102537, 11.460613932066787 ], [ 77.138899769102537, 11.460345723059325 ], [ 77.139167978109995, 11.460345723059325 ] ] ] } },
{ "type": "Feature", "properties": { "feature_id": "bld_0901", "name": "Building 901 (Alakkombai Plains)", "feature_type": "building", "category": "building" }, "geometry": { "type": "Polygon", "coordinates": [ [ [ 77.148547110659464, 11.464431487950552 ], [ 77.148547110659464, 11.464609064980618 ], [ 77.148369533629406, 11.464609064980618 ], [ 77.148369533629406, 11.464431487950552 ], [ 77.148547110659464, 11.464431487950552 ] ] ] } },
{ "type": "Feature", "properties": { "feature_id": "bld_0902", "name": "Building 902 (Alakkombai Plains)", "feature_type": "building", "category": "building" }, "geometry": { "type": "Polygon", "coordinates": [ [ [ 77.125899145807651, 11.460266663347527 ], [ 77.125899145807651, 11.460539665122758 ], [ 77.12562614403241, 11.460539665122758 ], [ 77.12562614403241, 11.460266663347527 ], [ 77.125899145807651, 11.460266663347527 ] ] ] } },
{ "type": "Feature", "properties": { "feature_id": "bld_0903", "name": "Building 903 (Alakkombai Plains)", "feature_type": "building", "category": "building" }, "geometry": { "type": "Polygon", "coordinates": [ [ [ 77.130490553975861, 11.450230427993738 ], [ 77.130490553975861, 11.450392885324607 ], [ 77.130328096644988, 11.450392885324607 ], [ 77.130328096644988, 11.450230427993738 ], [ 77.130490553975861, 11.450230427993738 ] ] ] } },
{ "type": "Feature", "properties": { "feature_id": "bld_0904", "name": "Building 904 (Alakkombai Plains)", "feature_type": "building", "category": "building" }, "geometry": { "type": "Polygon", "coordinates": [ [ [ 77.138315144722071, 11.460346580241433 ], [ 77.138315144722071, 11.460579094715312 ], [ 77.138082630248192, 11.460579094715312 ], [ 77.138082630248192, 11.460346580241433 ], [ 77.138315144722071, 11.460346580241433 ] ] ] } },
{ "type": "Feature", "properties": { "feature_id": "bld_0905", "name": "Building 905 (Alakkombai Plains)", "feature_type": "building", "category": "building" }, "geometry": { "type": "Polygon", "coordinates": [ [ [ 77.140744396446365, 11.452354691144327 ], [ 77.140744396446365, 11.452514880651927 ], [ 77.140584206938769, 11.452514880651927 ], [ 77.140584206938769, 11.452354691144327 ], [ 77.140744396446365, 11.452354691144327 ] ] ] } },
{ "type": "Feature", "properties": { "feature_id": "bld_0906", "name": "Building 906 (Alakkombai Plains)", "feature_type": "building", "category": "building" }, "geometry": { "type": "Polygon", "coordinates": [ [ [ 77.138639217351511, 11.45778098122169 ], [ 77.138639217351511, 11.458077368443826 ], [ 77.138342830129375, 11.458077368443826 ], [ 77.138342830129375, 11.45778098122169 ], [ 77.138639217351511, 11.45778098122169 ] ] ] } },
{ "type": "Feature", "properties": { "feature_id": "bld_0907", "name": "Building 907 (Alakkombai Plains)", "feature_type": "building", "category": "building" }, "geometry": { "type": "Polygon", "coordinates": [ [ [ 77.163260636456613, 11.445329000050585 ], [ 77.163260636456613, 11.445614798535239 ], [ 77.162974837971944, 11.445614798535239 ], [ 77.162974837971944, 11.445329000050585 ], [ 77.163260636456613, 11.445329000050585 ] ] ] } },
{ "type": "Feature", "properties": { "feature_id": "bld_0908", "name": "Building 908 (Alakkombai Plains)", "feature_type": "building", "category": "building" }, "geometry": { "type": "Polygon", "coordinates": [ [ [ 77.160355988301561, 11.460495462768289 ], [ 77.160355988301561, 11.460719582174551 ], [ 77.160131868895306, 11.460719582174551 ], [ 77.160131868895306, 11.460495462768289 ], [ 77.160355988301561, 11.460495462768289 ] ] ] } },
{ "type": "Feature", "properties": { "feature_id": "bld_0909", "name": "Building 909 (Alakkombai Plains)", "feature_type": "building", "category": "building" }, "geometry": { "type": "Polygon", "coordinates": [ [ [ 77.142994836823078, 11.450973715936536 ], [ 77.142994836823078, 11.45114291321679 ], [ 77.142825639542821, 11.45114291321679 ], [ 77.142825639542821, 11.450973715936536 ], [ 77.142994836823078, 11.450973715936536 ] ] ] } },
{ "type": "Feature", "properties": { "feature_id": "bld_0910", "name": "Building 910 (Alakkombai Plains)", "feature_type": "building", "category": "building" }, "geometry": { "type": "Polygon", "coordinates": [ [ [ 77.135384476752094, 11.449818187304681 ], [ 77.135384476752094, 11.45004595809444 ], [ 77.135156705962331, 11.45004595809444 ], [ 77.135156705962331, 11.449818187304681 ], [ 77.135384476752094, 11.449818187304681 ] ] ] } },
{ "type": "Feature", "properties": { "feature_id": "bld_0911", "name": "Building 911 (Alakkombai Plains)", "feature_type": "building", "category": "building" }, "geometry": { "type": "Polygon", "coordinates": [ [ [ 77.158719047408312, 11.454392147456499 ], [ 77.158719047408312, 11.454560245679421 ], [ 77.158550949185383, 11.454560245679421 ], [ 77.158550949185383, 11.454392147456499 ], [ 77.158719047408312, 11.454392147456499 ] ] ] } },
{ "type": "Feature", "properties": { "feature_id": "bld_0912", "name": "Building 912 (Alakkombai Plains)", "feature_type": "building", "category": "building" }, "geometry": { "type": "Polygon", "coordinates": [ [ [ 77.168235504312491, 11.463719523113861 ], [ 77.168235504312491, 11.463989449649903 ], [ 77.167965577776442, 11.463989449649903 ], [ 77.167965577776442, 11.463719523113861 ], [ 77.168235504312491, 11.463719523113861 ] ] ] } },
{ "type": "Feature", "properties": { "feature_id": "bld_0913", "name": "Building 913 (Alakkombai Plains)", "feature_type": "building", "category": "building" }, "geometry": { "type": "Polygon", "coordinates": [ [ [ 77.169757149354908, 11.455742252871488 ], [ 77.169757149354908, 11.456037040440524 ], [ 77.169462361785875, 11.456037040440524 ], [ 77.169462361785875, 11.455742252871488 ], [ 77.169757149354908, 11.455742252871488 ] ] ] } },
{ "type": "Feature", "properties": { "feature_id": "bld_0914", "name": "Building 914 (Alakkombai Plains)", "feature_type": "building", "category": "building" }, "geometry": { "type": "Polygon", "coordinates": [ [ [ 77.128498003516526, 11.452217838276466 ], [ 77.128498003516526, 11.452409391653989 ], [ 77.128306450138993, 11.452409391653989 ], [ 77.128306450138993, 11.452217838276466 ], [ 77.128498003516526, 11.452217838276466 ] ] ] } },
{ "type": "Feature", "properties": { "feature_id": "bld_0915", "name": "Building 915 (Alakkombai Plains)", "feature_type": "building", "category": "building" }, "geometry": { "type": "Polygon", "coordinates": [ [ [ 77.133936057740954, 11.447692490022943 ], [ 77.133936057740954, 11.447939627932763 ], [ 77.133688919831144, 11.447939627932763 ], [ 77.133688919831144, 11.447692490022943 ], [ 77.133936057740954, 11.447692490022943 ] ] ] } },
{ "type": "Feature", "properties": { "feature_id": "bld_0916", "name": "Building 916 (Alakkombai Plains)", "feature_type": "building", "category": "building" }, "geometry": { "type": "Polygon", "coordinates": [ [ [ 77.160249770898304, 11.456475680598736 ], [ 77.160249770898304, 11.456656255378078 ], [ 77.160069196118968, 11.456656255378078 ], [ 77.160069196118968, 11.456475680598736 ], [ 77.160249770898304, 11.456475680598736 ] ] ] } },
{ "type": "Feature", "properties": { "feature_id": "bld_0917", "name": "Building 917 (Alakkombai Plains)", "feature_type": "building", "category": "building" }, "geometry": { "type": "Polygon", "coordinates": [ [ [ 77.161607741246428, 11.457611922543846 ], [ 77.161607741246428, 11.457826265742705 ], [ 77.161393398047579, 11.457826265742705 ], [ 77.161393398047579, 11.457611922543846 ], [ 77.161607741246428, 11.457611922543846 ] ] ] } },
{ "type": "Feature", "properties": { "feature_id": "bld_0918", "name": "Building 918 (Alakkombai Plains)", "feature_type": "building", "category": "building" }, "geometry": { "type": "Polygon", "coordinates": [ [ [ 77.155440026753723, 11.450093936130262 ], [ 77.155440026753723, 11.45030226303945 ], [ 77.155231699844535, 11.45030226303945 ], [ 77.155231699844535, 11.450093936130262 ], [ 77.155440026753723, 11.450093936130262 ] ] ] } },
{ "type": "Feature", "properties": { "feature_id": "bld_0919", "name": "Building 919 (Alakkombai Plains)", "feature_type": "building", "category": "building" }, "geometry": { "type": "Polygon", "coordinates": [ [ [ 77.16639976211971, 11.450697190934658 ], [ 77.16639976211971, 11.450922989292199 ], [ 77.166173963762162, 11.450922989292199 ], [ 77.166173963762162, 11.450697190934658 ], [ 77.16639976211971, 11.450697190934658 ] ] ] } },
{ "type": "Feature", "properties": { "feature_id": "bld_0920", "name": "Building 920 (Alakkombai Plains)", "feature_type": "building", "category": "building" }, "geometry": { "type": "Polygon", "coordinates": [ [ [ 77.16514070540866, 11.459070072779518 ], [ 77.16514070540866, 11.459238781231182 ], [ 77.164971996956993, 11.459238781231182 ], [ 77.164971996956993, 11.459070072779518 ], [ 77.16514070540866, 11.459070072779518 ] ] ] } },
{ "type": "Feature", "properties": { "feature_id": "bld_0921", "name": "Building 921 (Alakkombai Plains)", "feature_type": "building", "category": "building" }, "geometry": { "type": "Polygon", "coordinates": [ [ [ 77.131752801517877, 11.445032667290123 ], [ 77.131752801517877, 11.445280996340754 ], [ 77.131504472467242, 11.445280996340754 ], [ 77.131504472467242, 11.445032667290123 ], [ 77.131752801517877, 11.445032667290123 ] ] ] } },
{ "type": "Feature", "properties": { "feature_id": "bld_0922", "name": "Building 922 (Alakkombai Plains)", "feature_type": "building", "category": "building" }, "geometry": { "type": "Polygon", "coordinates": [ [ [ 77.145292359531936, 11.447538441629572 ], [ 77.145292359531936, 11.447832552406521 ], [ 77.144998248755002, 11.447832552406521 ], [ 77.144998248755002, 11.447538441629572 ], [ 77.145292359531936, 11.447538441629572 ] ] ] } },
{ "type": "Feature", "properties": { "feature_id": "bld_0923", "name": "Building 923 (Alakkombai Plains)", "feature_type": "building", "category": "building" }, "geometry": { "type": "Polygon", "coordinates": [ [ [ 77.148949729827535, 11.449722823632278 ], [ 77.148949729827535, 11.449952908132239 ], [ 77.14871964532756, 11.449952908132239 ], [ 77.14871964532756, 11.449722823632278 ], [ 77.148949729827535, 11.449722823632278 ] ] ] } },
{ "type": "Feature", "properties": { "feature_id": "bld_0924", "name": "Building 924 (Alakkombai Plains)", "feature_type": "building", "category": "building" }, "geometry": { "type": "Polygon", "coordinates": [ [ [ 77.155682144240131, 11.446425555092418 ], [ 77.155682144240131, 11.446624013626526 ], [ 77.155483685706031, 11.446624013626526 ], [ 77.155483685706031, 11.446425555092418 ], [ 77.155682144240131, 11.446425555092418 ] ] ] } },
{ "type": "Feature", "properties": { "feature_id": "bld_0925", "name": "Building 925 (Alakkombai Plains)", "feature_type": "building", "category": "building" }, "geometry": { "type": "Polygon", "coordinates": [ [ [ 77.161431707489726, 11.454075037008112 ], [ 77.161431707489726, 11.454311557807996 ], [ 77.161195186689838, 11.454311557807996 ], [ 77.161195186689838, 11.454075037008112 ], [ 77.161431707489726, 11.454075037008112 ] ] ] } },
{ "type": "Feature", "properties": { "feature_id": "bld_0926", "name": "Building 926 (Alakkombai Plains)", "feature_type": "building", "category": "building" }, "geometry": { "type": "Polygon", "coordinates": [ [ [ 77.144568322584021, 11.445786396368273 ], [ 77.144568322584021, 11.445969601337449 ], [ 77.144385117614846, 11.445969601337449 ], [ 77.144385117614846, 11.445786396368273 ], [ 77.144568322584021, 11.445786396368273 ] ] ] } },
{ "type": "Feature", "properties": { "feature_id": "bld_0927", "name": "Building 927 (Alakkombai Plains)", "feature_type": "building", "category": "building" }, "geometry": { "type": "Polygon", "coordinates": [ [ [ 77.145132872275397, 11.449100210776152 ], [ 77.145132872275397, 11.449267207840165 ], [ 77.144965875211383, 11.449267207840165 ], [ 77.144965875211383, 11.449100210776152 ], [ 77.145132872275397, 11.449100210776152 ] ] ] } },
{ "type": "Feature", "properties": { "feature_id": "bld_0928", "name": "Building 928 (Alakkombai Plains)", "feature_type": "building", "category": "building" }, "geometry": { "type": "Polygon", "coordinates": [ [ [ 77.163099754883518, 11.464488330582101 ], [ 77.163099754883518, 11.464759370584462 ], [ 77.162828714881158, 11.464759370584462 ], [ 77.162828714881158, 11.464488330582101 ], [ 77.163099754883518, 11.464488330582101 ] ] ] } },
{ "type": "Feature", "properties": { "feature_id": "bld_0929", "name": "Building 929 (Alakkombai Plains)", "feature_type": "building", "category": "building" }, "geometry": { "type": "Polygon", "coordinates": [ [ [ 77.163567565365, 11.449692298718055 ], [ 77.163567565365, 11.449986786494627 ], [ 77.163273077588414, 11.449986786494627 ], [ 77.163273077588414, 11.449692298718055 ], [ 77.163567565365, 11.449692298718055 ] ] ] } },
{ "type": "Feature", "properties": { "feature_id": "bld_0930", "name": "Building 930 (Alakkombai Plains)", "feature_type": "building", "category": "building" }, "geometry": { "type": "Polygon", "coordinates": [ [ [ 77.134011294050978, 11.463878958856659 ], [ 77.134011294050978, 11.464178233557815 ], [ 77.133712019349829, 11.464178233557815 ], [ 77.133712019349829, 11.463878958856659 ], [ 77.134011294050978, 11.463878958856659 ] ] ] } },
{ "type": "Feature", "properties": { "feature_id": "bld_0931", "name": "Building 931 (Alakkombai Plains)", "feature_type": "building", "category": "building" }, "geometry": { "type": "Polygon", "coordinates": [ [ [ 77.15714739404315, 11.464503006851267 ], [ 77.15714739404315, 11.464742742420405 ], [ 77.156907658473997, 11.464742742420405 ], [ 77.156907658473997, 11.464503006851267 ], [ 77.15714739404315, 11.464503006851267 ] ] ] } },
{ "type": "Feature", "properties": { "feature_id": "bld_0932", "name": "Building 932 (Alakkombai Plains)", "feature_type": "building", "category": "building" }, "geometry": { "type": "Polygon", "coordinates": [ [ [ 77.136800929508397, 11.453618368447836 ], [ 77.136800929508397, 11.453861466978788 ], [ 77.136557830977452, 11.453861466978788 ], [ 77.136557830977452, 11.453618368447836 ], [ 77.136800929508397, 11.453618368447836 ] ] ] } },
{ "type": "Feature", "properties": { "feature_id": "bld_0933", "name": "Building 933 (Alakkombai Plains)", "feature_type": "building", "category": "building" }, "geometry": { "type": "Polygon", "coordinates": [ [ [ 77.12843735273978, 11.457298182843772 ], [ 77.12843735273978, 11.457595547740919 ], [ 77.128139987842644, 11.457595547740919 ], [ 77.128139987842644, 11.457298182843772 ], [ 77.12843735273978, 11.457298182843772 ] ] ] } },
{ "type": "Feature", "properties": { "feature_id": "bld_0934", "name": "Building 934 (Alakkombai Plains)", "feature_type": "building", "category": "building" }, "geometry": { "type": "Polygon", "coordinates": [ [ [ 77.133698397155825, 11.460708349410202 ], [ 77.133698397155825, 11.460995455241333 ], [ 77.133411291324705, 11.460995455241333 ], [ 77.133411291324705, 11.460708349410202 ], [ 77.133698397155825, 11.460708349410202 ] ] ] } },
{ "type": "Feature", "properties": { "feature_id": "bld_0935", "name": "Building 935 (Alakkombai Plains)", "feature_type": "building", "category": "building" }, "geometry": { "type": "Polygon", "coordinates": [ [ [ 77.167583073851617, 11.464086209913399 ], [ 77.167583073851617, 11.464319214262821 ], [ 77.167350069502206, 11.464319214262821 ], [ 77.167350069502206, 11.464086209913399 ], [ 77.167583073851617, 11.464086209913399 ] ] ] } },
{ "type": "Feature", "properties": { "feature_id": "bld_0936", "name": "Building 936 (Alakkombai Plains)", "feature_type": "building", "category": "building" }, "geometry": { "type": "Polygon", "coordinates": [ [ [ 77.16907017286016, 11.460054887142151 ], [ 77.16907017286016, 11.460237521143226 ], [ 77.168887538859082, 11.460237521143226 ], [ 77.168887538859082, 11.460054887142151 ], [ 77.16907017286016, 11.460054887142151 ] ] ] } },
{ "type": "Feature", "properties": { "feature_id": "bld_0937", "name": "Building 937 (Alakkombai Plains)", "feature_type": "building", "category": "building" }, "geometry": { "type": "Polygon", "coordinates": [ [ [ 77.146557818613175, 11.459269309685332 ], [ 77.146557818613175, 11.459463937329549 ], [ 77.146363190968955, 11.459463937329549 ], [ 77.146363190968955, 11.459269309685332 ], [ 77.146557818613175, 11.459269309685332 ] ] ] } },
{ "type": "Feature", "properties": { "feature_id": "bld_0938", "name": "Building 938 (Alakkombai Plains)", "feature_type": "building", "category": "building" }, "geometry": { "type": "Polygon", "coordinates": [ [ [ 77.153919072241777, 11.458240620598865 ], [ 77.153919072241777, 11.458423398562999 ], [ 77.153736294277635, 11.458423398562999 ], [ 77.153736294277635, 11.458240620598865 ], [ 77.153919072241777, 11.458240620598865 ] ] ] } },
{ "type": "Feature", "properties": { "feature_id": "bld_0939", "name": "Building 939 (Alakkombai Plains)", "feature_type": "building", "category": "building" }, "geometry": { "type": "Polygon", "coordinates": [ [ [ 77.150543761756893, 11.460317615523055 ], [ 77.150543761756893, 11.460547460916091 ], [ 77.150313916363871, 11.460547460916091 ], [ 77.150313916363871, 11.460317615523055 ], [ 77.150543761756893, 11.460317615523055 ] ] ] } },
{ "type": "Feature", "properties": { "feature_id": "bld_0940", "name": "Building 940 (Alakkombai Plains)", "feature_type": "building", "category": "building" }, "geometry": { "type": "Polygon", "coordinates": [ [ [ 77.125649632309006, 11.445075777327508 ], [ 77.125649632309006, 11.445285761435665 ], [ 77.125439648200853, 11.445285761435665 ], [ 77.125439648200853, 11.445075777327508 ], [ 77.125649632309006, 11.445075777327508 ] ] ] } },
{ "type": "Feature", "properties": { "feature_id": "bld_0941", "name": "Building 941 (Alakkombai Plains)", "feature_type": "building", "category": "building" }, "geometry": { "type": "Polygon", "coordinates": [ [ [ 77.166803138537659, 11.449449130133852 ], [ 77.166803138537659, 11.449697941050294 ], [ 77.166554327621213, 11.449697941050294 ], [ 77.166554327621213, 11.449449130133852 ], [ 77.166803138537659, 11.449449130133852 ] ] ] } },
{ "type": "Feature", "properties": { "feature_id": "bld_0942", "name": "Building 942 (Alakkombai Plains)", "feature_type": "building", "category": "building" }, "geometry": { "type": "Polygon", "coordinates": [ [ [ 77.135132777127467, 11.451294036846917 ], [ 77.135132777127467, 11.451572762739463 ], [ 77.134854051234925, 11.451572762739463 ], [ 77.134854051234925, 11.451294036846917 ], [ 77.135132777127467, 11.451294036846917 ] ] ] } },
{ "type": "Feature", "properties": { "feature_id": "bld_0943", "name": "Building 943 (Alakkombai Plains)", "feature_type": "building", "category": "building" }, "geometry": { "type": "Polygon", "coordinates": [ [ [ 77.157908774043619, 11.446797976404795 ], [ 77.157908774043619, 11.447017994687734 ], [ 77.157688755760688, 11.447017994687734 ], [ 77.157688755760688, 11.446797976404795 ], [ 77.157908774043619, 11.446797976404795 ] ] ] } },
{ "type": "Feature", "properties": { "feature_id": "bld_0944", "name": "Building 944 (Alakkombai Plains)", "feature_type": "building", "category": "building" }, "geometry": { "type": "Polygon", "coordinates": [ [ [ 77.126439009744843, 11.454491432551242 ], [ 77.126439009744843, 11.45474417331288 ], [ 77.126186268983218, 11.45474417331288 ], [ 77.126186268983218, 11.454491432551242 ], [ 77.126439009744843, 11.454491432551242 ] ] ] } },
{ "type": "Feature", "properties": { "feature_id": "bld_0945", "name": "Building 945 (Alakkombai Plains)", "feature_type": "building", "category": "building" }, "geometry": { "type": "Polygon", "coordinates": [ [ [ 77.1304404666257, 11.4506698502144 ], [ 77.1304404666257, 11.450885547341969 ], [ 77.130224769498128, 11.450885547341969 ], [ 77.130224769498128, 11.4506698502144 ], [ 77.1304404666257, 11.4506698502144 ] ] ] } },
{ "type": "Feature", "properties": { "feature_id": "bld_0946", "name": "Building 946 (Alakkombai Plains)", "feature_type": "building", "category": "building" }, "geometry": { "type": "Polygon", "coordinates": [ [ [ 77.166462039900452, 11.46478195651753 ], [ 77.166462039900452, 11.464948244099389 ], [ 77.16629575231859, 11.464948244099389 ], [ 77.16629575231859, 11.46478195651753 ], [ 77.166462039900452, 11.46478195651753 ] ] ] } },
{ "type": "Feature", "properties": { "feature_id": "bld_0947", "name": "Building 947 (Alakkombai Plains)", "feature_type": "building", "category": "building" }, "geometry": { "type": "Polygon", "coordinates": [ [ [ 77.159352828630333, 11.452327009255011 ], [ 77.159352828630333, 11.452541953401084 ], [ 77.159137884484252, 11.452541953401084 ], [ 77.159137884484252, 11.452327009255011 ], [ 77.159352828630333, 11.452327009255011 ] ] ] } },
{ "type": "Feature", "properties": { "feature_id": "bld_0948", "name": "Building 948 (Alakkombai Plains)", "feature_type": "building", "category": "building" }, "geometry": { "type": "Polygon", "coordinates": [ [ [ 77.159088488802226, 11.463221963641294 ], [ 77.159088488802226, 11.463515093644522 ], [ 77.158795358798997, 11.463515093644522 ], [ 77.158795358798997, 11.463221963641294 ], [ 77.159088488802226, 11.463221963641294 ] ] ] } },
{ "type": "Feature", "properties": { "feature_id": "bld_0949", "name": "Building 949 (Alakkombai Plains)", "feature_type": "building", "category": "building" }, "geometry": { "type": "Polygon", "coordinates": [ [ [ 77.151105644807743, 11.45200729475 ], [ 77.151105644807743, 11.452277551622021 ], [ 77.150835387935714, 11.452277551622021 ], [ 77.150835387935714, 11.45200729475 ], [ 77.151105644807743, 11.45200729475 ] ] ] } },
{ "type": "Feature", "properties": { "feature_id": "bld_0950", "name": "Building 950 (Alakkombai Plains)", "feature_type": "building", "category": "building" }, "geometry": { "type": "Polygon", "coordinates": [ [ [ 77.136400162739108, 11.456176380084363 ], [ 77.136400162739108, 11.456386581068978 ], [ 77.136189961754496, 11.456386581068978 ], [ 77.136189961754496, 11.456176380084363 ], [ 77.136400162739108, 11.456176380084363 ] ] ] } },
{ "type": "Feature", "properties": { "feature_id": "bld_0951", "name": "Building 951 (Bhavani Valley Perimeter)", "feature_type": "building", "category": "building" }, "geometry": { "type": "Polygon", "coordinates": [ [ [ 77.159190208139904, 11.446926534138475 ], [ 77.159190208139904, 11.447113357150878 ], [ 77.159003385127505, 11.447113357150878 ], [ 77.159003385127505, 11.446926534138475 ], [ 77.159190208139904, 11.446926534138475 ] ] ] } },
{ "type": "Feature", "properties": { "feature_id": "bld_0952", "name": "Building 952 (Bhavani Valley Perimeter)", "feature_type": "building", "category": "building" }, "geometry": { "type": "Polygon", "coordinates": [ [ [ 77.182756934854325, 11.439974767093936 ], [ 77.182756934854325, 11.440205601201018 ], [ 77.182526100747253, 11.440205601201018 ], [ 77.182526100747253, 11.439974767093936 ], [ 77.182756934854325, 11.439974767093936 ] ] ] } },
{ "type": "Feature", "properties": { "feature_id": "bld_0953", "name": "Building 953 (Bhavani Valley Perimeter)", "feature_type": "building", "category": "building" }, "geometry": { "type": "Polygon", "coordinates": [ [ [ 77.119959271783941, 11.436863976849004 ], [ 77.119959271783941, 11.437029019483564 ], [ 77.119794229149377, 11.437029019483564 ], [ 77.119794229149377, 11.436863976849004 ], [ 77.119959271783941, 11.436863976849004 ] ] ] } },
{ "type": "Feature", "properties": { "feature_id": "bld_0954", "name": "Building 954 (Bhavani Valley Perimeter)", "feature_type": "building", "category": "building" }, "geometry": { "type": "Polygon", "coordinates": [ [ [ 77.115869733001603, 11.478238744213222 ], [ 77.115869733001603, 11.478438291237378 ], [ 77.11567018597745, 11.478438291237378 ], [ 77.11567018597745, 11.478238744213222 ], [ 77.115869733001603, 11.478238744213222 ] ] ] } },
{ "type": "Feature", "properties": { "feature_id": "bld_0955", "name": "Building 955 (Bhavani Valley Perimeter)", "feature_type": "building", "category": "building" }, "geometry": { "type": "Polygon", "coordinates": [ [ [ 77.185651888345063, 11.463970551656177 ], [ 77.185651888345063, 11.464191677642743 ], [ 77.185430762358493, 11.464191677642743 ], [ 77.185430762358493, 11.463970551656177 ], [ 77.185651888345063, 11.463970551656177 ] ] ] } },
{ "type": "Feature", "properties": { "feature_id": "bld_0956", "name": "Building 956 (Bhavani Valley Perimeter)", "feature_type": "building", "category": "building" }, "geometry": { "type": "Polygon", "coordinates": [ [ [ 77.152341109458007, 11.46070180492355 ], [ 77.152341109458007, 11.460968033599075 ], [ 77.152074880782493, 11.460968033599075 ], [ 77.152074880782493, 11.46070180492355 ], [ 77.152341109458007, 11.46070180492355 ] ] ] } },
{ "type": "Feature", "properties": { "feature_id": "bld_0957", "name": "Building 957 (Bhavani Valley Perimeter)", "feature_type": "building", "category": "building" }, "geometry": { "type": "Polygon", "coordinates": [ [ [ 77.125567232538728, 11.452509932978838 ], [ 77.125567232538728, 11.452795106181192 ], [ 77.125282059336385, 11.452795106181192 ], [ 77.125282059336385, 11.452509932978838 ], [ 77.125567232538728, 11.452509932978838 ] ] ] } },
{ "type": "Feature", "properties": { "feature_id": "bld_0958", "name": "Building 958 (Bhavani Valley Perimeter)", "feature_type": "building", "category": "building" }, "geometry": { "type": "Polygon", "coordinates": [ [ [ 77.18529044754311, 11.479518550014745 ], [ 77.18529044754311, 11.4797372727339 ], [ 77.185071724823956, 11.4797372727339 ], [ 77.185071724823956, 11.479518550014745 ], [ 77.18529044754311, 11.479518550014745 ] ] ] } },
{ "type": "Feature", "properties": { "feature_id": "bld_0959", "name": "Building 959 (Bhavani Valley Perimeter)", "feature_type": "building", "category": "building" }, "geometry": { "type": "Polygon", "coordinates": [ [ [ 77.17034772306026, 11.458701958875405 ], [ 77.17034772306026, 11.458931614454706 ], [ 77.170118067480971, 11.458931614454706 ], [ 77.170118067480971, 11.458701958875405 ], [ 77.17034772306026, 11.458701958875405 ] ] ] } },
{ "type": "Feature", "properties": { "feature_id": "bld_0960", "name": "Building 960 (Bhavani Valley Perimeter)", "feature_type": "building", "category": "building" }, "geometry": { "type": "Polygon", "coordinates": [ [ [ 77.118514239327993, 11.464463485650082 ], [ 77.118514239327993, 11.464649544675769 ], [ 77.118328180302314, 11.464649544675769 ], [ 77.118328180302314, 11.464463485650082 ], [ 77.118514239327993, 11.464463485650082 ] ] ] } },
{ "type": "Feature", "properties": { "feature_id": "bld_0961", "name": "Building 961 (Bhavani Valley Perimeter)", "feature_type": "building", "category": "building" }, "geometry": { "type": "Polygon", "coordinates": [ [ [ 77.129935318222678, 11.477657014774351 ], [ 77.129935318222678, 11.47784600538764 ], [ 77.129746327609396, 11.47784600538764 ], [ 77.129746327609396, 11.477657014774351 ], [ 77.129935318222678, 11.477657014774351 ] ] ] } },
{ "type": "Feature", "properties": { "feature_id": "bld_0962", "name": "Building 962 (Bhavani Valley Perimeter)", "feature_type": "building", "category": "building" }, "geometry": { "type": "Polygon", "coordinates": [ [ [ 77.106550100582041, 11.438304524714207 ], [ 77.106550100582041, 11.438596234547076 ], [ 77.106258390749161, 11.438596234547076 ], [ 77.106258390749161, 11.438304524714207 ], [ 77.106550100582041, 11.438304524714207 ] ] ] } },
{ "type": "Feature", "properties": { "feature_id": "bld_0963", "name": "Building 963 (Bhavani Valley Perimeter)", "feature_type": "building", "category": "building" }, "geometry": { "type": "Polygon", "coordinates": [ [ [ 77.145759600917231, 11.45533384209018 ], [ 77.145759600917231, 11.45560736509152 ], [ 77.145486077915891, 11.45560736509152 ], [ 77.145486077915891, 11.45533384209018 ], [ 77.145759600917231, 11.45533384209018 ] ] ] } },
{ "type": "Feature", "properties": { "feature_id": "bld_0964", "name": "Building 964 (Bhavani Valley Perimeter)", "feature_type": "building", "category": "building" }, "geometry": { "type": "Polygon", "coordinates": [ [ [ 77.175352886775968, 11.451480998391757 ], [ 77.175352886775968, 11.451738104919803 ], [ 77.175095780247929, 11.451738104919803 ], [ 77.175095780247929, 11.451480998391757 ], [ 77.175352886775968, 11.451480998391757 ] ] ] } },
{ "type": "Feature", "properties": { "feature_id": "bld_0965", "name": "Building 965 (Bhavani Valley Perimeter)", "feature_type": "building", "category": "building" }, "geometry": { "type": "Polygon", "coordinates": [ [ [ 77.169491665081907, 11.467641922688061 ], [ 77.169491665081907, 11.467823145998535 ], [ 77.16931044177143, 11.467823145998535 ], [ 77.16931044177143, 11.467641922688061 ], [ 77.169491665081907, 11.467641922688061 ] ] ] } },
{ "type": "Feature", "properties": { "feature_id": "bld_0966", "name": "Building 966 (Bhavani Valley Perimeter)", "feature_type": "building", "category": "building" }, "geometry": { "type": "Polygon", "coordinates": [ [ [ 77.178929250586378, 11.461854954566956 ], [ 77.178929250586378, 11.462054500706646 ], [ 77.178729704446681, 11.462054500706646 ], [ 77.178729704446681, 11.461854954566956 ], [ 77.178929250586378, 11.461854954566956 ] ] ] } },
{ "type": "Feature", "properties": { "feature_id": "bld_0967", "name": "Building 967 (Bhavani Valley Perimeter)", "feature_type": "building", "category": "building" }, "geometry": { "type": "Polygon", "coordinates": [ [ [ 77.138359487365477, 11.436789603843861 ], [ 77.138359487365477, 11.436967505196032 ], [ 77.138181586013303, 11.436967505196032 ], [ 77.138181586013303, 11.436789603843861 ], [ 77.138359487365477, 11.436789603843861 ] ] ] } },
{ "type": "Feature", "properties": { "feature_id": "bld_0968", "name": "Building 968 (Bhavani Valley Perimeter)", "feature_type": "building", "category": "building" }, "geometry": { "type": "Polygon", "coordinates": [ [ [ 77.169008367154419, 11.434891422129775 ], [ 77.169008367154419, 11.435109741345764 ], [ 77.168790047938444, 11.435109741345764 ], [ 77.168790047938444, 11.434891422129775 ], [ 77.169008367154419, 11.434891422129775 ] ] ] } },
{ "type": "Feature", "properties": { "feature_id": "bld_0969", "name": "Building 969 (Bhavani Valley Perimeter)", "feature_type": "building", "category": "building" }, "geometry": { "type": "Polygon", "coordinates": [ [ [ 77.147174031769097, 11.437583605528641 ], [ 77.147174031769097, 11.437879836471456 ], [ 77.146877800826289, 11.437879836471456 ], [ 77.146877800826289, 11.437583605528641 ], [ 77.147174031769097, 11.437583605528641 ] ] ] } },
{ "type": "Feature", "properties": { "feature_id": "bld_0970", "name": "Building 970 (Bhavani Valley Perimeter)", "feature_type": "building", "category": "building" }, "geometry": { "type": "Polygon", "coordinates": [ [ [ 77.120452555788319, 11.450108660005956 ], [ 77.120452555788319, 11.450311211957672 ], [ 77.120250003836617, 11.450311211957672 ], [ 77.120250003836617, 11.450108660005956 ], [ 77.120452555788319, 11.450108660005956 ] ] ] } },
{ "type": "Feature", "properties": { "feature_id": "bld_0971", "name": "Building 971 (Bhavani Valley Perimeter)", "feature_type": "building", "category": "building" }, "geometry": { "type": "Polygon", "coordinates": [ [ [ 77.12086855372614, 11.43494263696873 ], [ 77.12086855372614, 11.435204745239902 ], [ 77.120606445454982, 11.435204745239902 ], [ 77.120606445454982, 11.43494263696873 ], [ 77.12086855372614, 11.43494263696873 ] ] ] } },
{ "type": "Feature", "properties": { "feature_id": "bld_0972", "name": "Building 972 (Bhavani Valley Perimeter)", "feature_type": "building", "category": "building" }, "geometry": { "type": "Polygon", "coordinates": [ [ [ 77.187142508285348, 11.446088260860826 ], [ 77.187142508285348, 11.44634108746768 ], [ 77.186889681678508, 11.44634108746768 ], [ 77.186889681678508, 11.446088260860826 ], [ 77.187142508285348, 11.446088260860826 ] ] ] } },
{ "type": "Feature", "properties": { "feature_id": "bld_0973", "name": "Building 973 (Bhavani Valley Perimeter)", "feature_type": "building", "category": "building" }, "geometry": { "type": "Polygon", "coordinates": [ [ [ 77.166880253470069, 11.477311684910735 ], [ 77.166880253470069, 11.477530852998317 ], [ 77.166661085382501, 11.477530852998317 ], [ 77.166661085382501, 11.477311684910735 ], [ 77.166880253470069, 11.477311684910735 ] ] ] } },
{ "type": "Feature", "properties": { "feature_id": "bld_0974", "name": "Building 974 (Bhavani Valley Perimeter)", "feature_type": "building", "category": "building" }, "geometry": { "type": "Polygon", "coordinates": [ [ [ 77.127393665000952, 11.451134873207835 ], [ 77.127393665000952, 11.451394640194469 ], [ 77.127133898014321, 11.451394640194469 ], [ 77.127133898014321, 11.451134873207835 ], [ 77.127393665000952, 11.451134873207835 ] ] ] } },
{ "type": "Feature", "properties": { "feature_id": "bld_0975", "name": "Building 975 (Bhavani Valley Perimeter)", "feature_type": "building", "category": "building" }, "geometry": { "type": "Polygon", "coordinates": [ [ [ 77.173616117856085, 11.44397473251726 ], [ 77.173616117856085, 11.444186664258401 ], [ 77.173404186114936, 11.444186664258401 ], [ 77.173404186114936, 11.44397473251726 ], [ 77.173616117856085, 11.44397473251726 ] ] ] } },
{ "type": "Feature", "properties": { "feature_id": "bld_0976", "name": "Building 976 (Bhavani Valley Perimeter)", "feature_type": "building", "category": "building" }, "geometry": { "type": "Polygon", "coordinates": [ [ [ 77.181323557795622, 11.475185735896543 ], [ 77.181323557795622, 11.47548361607293 ], [ 77.181025677619232, 11.47548361607293 ], [ 77.181025677619232, 11.475185735896543 ], [ 77.181323557795622, 11.475185735896543 ] ] ] } },
{ "type": "Feature", "properties": { "feature_id": "bld_0977", "name": "Building 977 (Bhavani Valley Perimeter)", "feature_type": "building", "category": "building" }, "geometry": { "type": "Polygon", "coordinates": [ [ [ 77.168003688019766, 11.454538415403016 ], [ 77.168003688019766, 11.454781104699775 ], [ 77.167760998723011, 11.454781104699775 ], [ 77.167760998723011, 11.454538415403016 ], [ 77.168003688019766, 11.454538415403016 ] ] ] } },
{ "type": "Feature", "properties": { "feature_id": "bld_0978", "name": "Building 978 (Bhavani Valley Perimeter)", "feature_type": "building", "category": "building" }, "geometry": { "type": "Polygon", "coordinates": [ [ [ 77.159609397669399, 11.43880467602872 ], [ 77.159609397669399, 11.439040905602994 ], [ 77.159373168095115, 11.439040905602994 ], [ 77.159373168095115, 11.43880467602872 ], [ 77.159609397669399, 11.43880467602872 ] ] ] } },
{ "type": "Feature", "properties": { "feature_id": "bld_0979", "name": "Building 979 (Bhavani Valley Perimeter)", "feature_type": "building", "category": "building" }, "geometry": { "type": "Polygon", "coordinates": [ [ [ 77.163973518782754, 11.443231420979833 ], [ 77.163973518782754, 11.443500709420272 ], [ 77.163704230342304, 11.443500709420272 ], [ 77.163704230342304, 11.443231420979833 ], [ 77.163973518782754, 11.443231420979833 ] ] ] } },
{ "type": "Feature", "properties": { "feature_id": "bld_0980", "name": "Building 980 (Bhavani Valley Perimeter)", "feature_type": "building", "category": "building" }, "geometry": { "type": "Polygon", "coordinates": [ [ [ 77.152622519807139, 11.482528119724003 ], [ 77.152622519807139, 11.482694058845754 ], [ 77.152456580685381, 11.482694058845754 ], [ 77.152456580685381, 11.482528119724003 ], [ 77.152622519807139, 11.482528119724003 ] ] ] } },
{ "type": "Feature", "properties": { "feature_id": "bld_0981", "name": "Building 981 (Bhavani Valley Perimeter)", "feature_type": "building", "category": "building" }, "geometry": { "type": "Polygon", "coordinates": [ [ [ 77.123980111573843, 11.464976934771137 ], [ 77.123980111573843, 11.465178453158845 ], [ 77.123778593186131, 11.465178453158845 ], [ 77.123778593186131, 11.464976934771137 ], [ 77.123980111573843, 11.464976934771137 ] ] ] } },
{ "type": "Feature", "properties": { "feature_id": "bld_0982", "name": "Building 982 (Bhavani Valley Perimeter)", "feature_type": "building", "category": "building" }, "geometry": { "type": "Polygon", "coordinates": [ [ [ 77.164385350883904, 11.472863088008612 ], [ 77.164385350883904, 11.47303744024358 ], [ 77.164210998648926, 11.47303744024358 ], [ 77.164210998648926, 11.472863088008612 ], [ 77.164385350883904, 11.472863088008612 ] ] ] } },
{ "type": "Feature", "properties": { "feature_id": "bld_0983", "name": "Building 983 (Bhavani Valley Perimeter)", "feature_type": "building", "category": "building" }, "geometry": { "type": "Polygon", "coordinates": [ [ [ 77.146352751432531, 11.460338678125638 ], [ 77.146352751432531, 11.460550377433467 ], [ 77.14614105212469, 11.460550377433467 ], [ 77.14614105212469, 11.460338678125638 ], [ 77.146352751432531, 11.460338678125638 ] ] ] } },
{ "type": "Feature", "properties": { "feature_id": "bld_0984", "name": "Building 984 (Bhavani Valley Perimeter)", "feature_type": "building", "category": "building" }, "geometry": { "type": "Polygon", "coordinates": [ [ [ 77.184092042288015, 11.476246511336926 ], [ 77.184092042288015, 11.476504120650395 ], [ 77.183834432974535, 11.476504120650395 ], [ 77.183834432974535, 11.476246511336926 ], [ 77.184092042288015, 11.476246511336926 ] ] ] } },
{ "type": "Feature", "properties": { "feature_id": "bld_0985", "name": "Building 985 (Bhavani Valley Perimeter)", "feature_type": "building", "category": "building" }, "geometry": { "type": "Polygon", "coordinates": [ [ [ 77.164433866832624, 11.45794133757418 ], [ 77.164433866832624, 11.458230276807132 ], [ 77.164144927599679, 11.458230276807132 ], [ 77.164144927599679, 11.45794133757418 ], [ 77.164433866832624, 11.45794133757418 ] ] ] } },
{ "type": "Feature", "properties": { "feature_id": "bld_0986", "name": "Building 986 (Bhavani Valley Perimeter)", "feature_type": "building", "category": "building" }, "geometry": { "type": "Polygon", "coordinates": [ [ [ 77.162653906816061, 11.471308734719527 ], [ 77.162653906816061, 11.471589371446056 ], [ 77.162373270089532, 11.471589371446056 ], [ 77.162373270089532, 11.471308734719527 ], [ 77.162653906816061, 11.471308734719527 ] ] ] } },
{ "type": "Feature", "properties": { "feature_id": "bld_0987", "name": "Building 987 (Bhavani Valley Perimeter)", "feature_type": "building", "category": "building" }, "geometry": { "type": "Polygon", "coordinates": [ [ [ 77.124760109882999, 11.475259878351126 ], [ 77.124760109882999, 11.475447212035542 ], [ 77.12457277619859, 11.475447212035542 ], [ 77.12457277619859, 11.475259878351126 ], [ 77.124760109882999, 11.475259878351126 ] ] ] } },
{ "type": "Feature", "properties": { "feature_id": "bld_0988", "name": "Building 988 (Bhavani Valley Perimeter)", "feature_type": "building", "category": "building" }, "geometry": { "type": "Polygon", "coordinates": [ [ [ 77.131229272484816, 11.451632025930705 ], [ 77.131229272484816, 11.451929019496278 ], [ 77.130932278919246, 11.451929019496278 ], [ 77.130932278919246, 11.451632025930705 ], [ 77.131229272484816, 11.451632025930705 ] ] ] } },
{ "type": "Feature", "properties": { "feature_id": "bld_0989", "name": "Building 989 (Bhavani Valley Perimeter)", "feature_type": "building", "category": "building" }, "geometry": { "type": "Polygon", "coordinates": [ [ [ 77.177219244110617, 11.4699275991062 ], [ 77.177219244110617, 11.470189387052827 ], [ 77.176957456164004, 11.470189387052827 ], [ 77.176957456164004, 11.4699275991062 ], [ 77.177219244110617, 11.4699275991062 ] ] ] } },
{ "type": "Feature", "properties": { "feature_id": "bld_0990", "name": "Building 990 (Bhavani Valley Perimeter)", "feature_type": "building", "category": "building" }, "geometry": { "type": "Polygon", "coordinates": [ [ [ 77.150701289608932, 11.482239795242723 ], [ 77.150701289608932, 11.482469271468126 ], [ 77.150471813383533, 11.482469271468126 ], [ 77.150471813383533, 11.482239795242723 ], [ 77.150701289608932, 11.482239795242723 ] ] ] } },
{ "type": "Feature", "properties": { "feature_id": "bld_0991", "name": "Building 991 (Bhavani Valley Perimeter)", "feature_type": "building", "category": "building" }, "geometry": { "type": "Polygon", "coordinates": [ [ [ 77.134381628283947, 11.443016732450921 ], [ 77.134381628283947, 11.443286801242238 ], [ 77.134111559492638, 11.443286801242238 ], [ 77.134111559492638, 11.443016732450921 ], [ 77.134381628283947, 11.443016732450921 ] ] ] } },
{ "type": "Feature", "properties": { "feature_id": "bld_0992", "name": "Building 992 (Bhavani Valley Perimeter)", "feature_type": "building", "category": "building" }, "geometry": { "type": "Polygon", "coordinates": [ [ [ 77.166181717425772, 11.454135988387229 ], [ 77.166181717425772, 11.454299515465184 ], [ 77.166018190347827, 11.454299515465184 ], [ 77.166018190347827, 11.454135988387229 ], [ 77.166181717425772, 11.454135988387229 ] ] ] } },
{ "type": "Feature", "properties": { "feature_id": "bld_0993", "name": "Building 993 (Bhavani Valley Perimeter)", "feature_type": "building", "category": "building" }, "geometry": { "type": "Polygon", "coordinates": [ [ [ 77.175639018479188, 11.435441640188131 ], [ 77.175639018479188, 11.435700158157278 ], [ 77.175380500510045, 11.435700158157278 ], [ 77.175380500510045, 11.435441640188131 ], [ 77.175639018479188, 11.435441640188131 ] ] ] } },
{ "type": "Feature", "properties": { "feature_id": "bld_0994", "name": "Building 994 (Bhavani Valley Perimeter)", "feature_type": "building", "category": "building" }, "geometry": { "type": "Polygon", "coordinates": [ [ [ 77.187419588013697, 11.45678661826906 ], [ 77.187419588013697, 11.456979514545761 ], [ 77.187226691736996, 11.456979514545761 ], [ 77.187226691736996, 11.45678661826906 ], [ 77.187419588013697, 11.45678661826906 ] ] ] } },
{ "type": "Feature", "properties": { "feature_id": "bld_0995", "name": "Building 995 (Bhavani Valley Perimeter)", "feature_type": "building", "category": "building" }, "geometry": { "type": "Polygon", "coordinates": [ [ [ 77.163556641026034, 11.475738156978652 ], [ 77.163556641026034, 11.475974657222904 ], [ 77.163320140781778, 11.475974657222904 ], [ 77.163320140781778, 11.475738156978652 ], [ 77.163556641026034, 11.475738156978652 ] ] ] } },
{ "type": "Feature", "properties": { "feature_id": "bld_0996", "name": "Building 996 (Bhavani Valley Perimeter)", "feature_type": "building", "category": "building" }, "geometry": { "type": "Polygon", "coordinates": [ [ [ 77.187148510464937, 11.437468100391017 ], [ 77.187148510464937, 11.437698771774778 ], [ 77.186917839081161, 11.437698771774778 ], [ 77.186917839081161, 11.437468100391017 ], [ 77.187148510464937, 11.437468100391017 ] ] ] } },
{ "type": "Feature", "properties": { "feature_id": "bld_0997", "name": "Building 997 (Bhavani Valley Perimeter)", "feature_type": "building", "category": "building" }, "geometry": { "type": "Polygon", "coordinates": [ [ [ 77.164753403151863, 11.478039475664625 ], [ 77.164753403151863, 11.478224571450292 ], [ 77.164568307366196, 11.478224571450292 ], [ 77.164568307366196, 11.478039475664625 ], [ 77.164753403151863, 11.478039475664625 ] ] ] } },
{ "type": "Feature", "properties": { "feature_id": "bld_0998", "name": "Building 998 (Bhavani Valley Perimeter)", "feature_type": "building", "category": "building" }, "geometry": { "type": "Polygon", "coordinates": [ [ [ 77.172108072116458, 11.462527595028188 ], [ 77.172108072116458, 11.462743112543667 ], [ 77.171892554600987, 11.462743112543667 ], [ 77.171892554600987, 11.462527595028188 ], [ 77.172108072116458, 11.462527595028188 ] ] ] } },
{ "type": "Feature", "properties": { "feature_id": "bld_0999", "name": "Building 999 (Bhavani Valley Perimeter)", "feature_type": "building", "category": "building" }, "geometry": { "type": "Polygon", "coordinates": [ [ [ 77.111945361696684, 11.478173778820873 ], [ 77.111945361696684, 11.478355797070018 ], [ 77.111763343447535, 11.478355797070018 ], [ 77.111763343447535, 11.478173778820873 ], [ 77.111945361696684, 11.478173778820873 ] ] ] } },
{ "type": "Feature", "properties": { "feature_id": "bld_1000", "name": "Building 1000 (Bhavani Valley Perimeter)", "feature_type": "building", "category": "building" }, "geometry": { "type": "Polygon", "coordinates": [ [ [ 77.128021906311204, 11.449361277615729 ], [ 77.128021906311204, 11.449643275580517 ], [ 77.127739908346427, 11.449643275580517 ], [ 77.127739908346427, 11.449361277615729 ], [ 77.128021906311204, 11.449361277615729 ] ] ] } },
{ "type": "Feature", "properties": { "feature_id": "bld_1001", "name": "Building 1001 (Bhavani Valley Perimeter)", "feature_type": "building", "category": "building" }, "geometry": { "type": "Polygon", "coordinates": [ [ [ 77.160640802231711, 11.474736537106653 ], [ 77.160640802231711, 11.474931602612484 ], [ 77.160445736725876, 11.474931602612484 ], [ 77.160445736725876, 11.474736537106653 ], [ 77.160640802231711, 11.474736537106653 ] ] ] } },
{ "type": "Feature", "properties": { "feature_id": "bld_1002", "name": "Building 1002 (Bhavani Valley Perimeter)", "feature_type": "building", "category": "building" }, "geometry": { "type": "Polygon", "coordinates": [ [ [ 77.156376967091006, 11.463449001030812 ], [ 77.156376967091006, 11.463725597283561 ], [ 77.15610037083826, 11.463725597283561 ], [ 77.15610037083826, 11.463449001030812 ], [ 77.156376967091006, 11.463449001030812 ] ] ] } },
{ "type": "Feature", "properties": { "feature_id": "bld_1003", "name": "Building 1003 (Bhavani Valley Perimeter)", "feature_type": "building", "category": "building" }, "geometry": { "type": "Polygon", "coordinates": [ [ [ 77.181675016837644, 11.435480657179536 ], [ 77.181675016837644, 11.435735019968202 ], [ 77.181420654048978, 11.435735019968202 ], [ 77.181420654048978, 11.435480657179536 ], [ 77.181675016837644, 11.435480657179536 ] ] ] } },
{ "type": "Feature", "properties": { "feature_id": "bld_1004", "name": "Building 1004 (Bhavani Valley Perimeter)", "feature_type": "building", "category": "building" }, "geometry": { "type": "Polygon", "coordinates": [ [ [ 77.1047653562118, 11.462342798962835 ], [ 77.1047653562118, 11.462543067544901 ], [ 77.104565087629737, 11.462543067544901 ], [ 77.104565087629737, 11.462342798962835 ], [ 77.1047653562118, 11.462342798962835 ] ] ] } },
{ "type": "Feature", "properties": { "feature_id": "bld_1005", "name": "Building 1005 (Bhavani Valley Perimeter)", "feature_type": "building", "category": "building" }, "geometry": { "type": "Polygon", "coordinates": [ [ [ 77.127733384428424, 11.452524434701186 ], [ 77.127733384428424, 11.452771415644051 ], [ 77.127486403485548, 11.452771415644051 ], [ 77.127486403485548, 11.452524434701186 ], [ 77.127733384428424, 11.452524434701186 ] ] ] } },
{ "type": "Feature", "properties": { "feature_id": "bld_1006", "name": "Building 1006 (Bhavani Valley Perimeter)", "feature_type": "building", "category": "building" }, "geometry": { "type": "Polygon", "coordinates": [ [ [ 77.130172813827173, 11.471526635612523 ], [ 77.130172813827173, 11.471743269446502 ], [ 77.129956179993187, 11.471743269446502 ], [ 77.129956179993187, 11.471526635612523 ], [ 77.130172813827173, 11.471526635612523 ] ] ] } },
{ "type": "Feature", "properties": { "feature_id": "bld_1007", "name": "Building 1007 (Bhavani Valley Perimeter)", "feature_type": "building", "category": "building" }, "geometry": { "type": "Polygon", "coordinates": [ [ [ 77.106251791110608, 11.474087989041484 ], [ 77.106251791110608, 11.474287995206927 ], [ 77.106051784945166, 11.474287995206927 ], [ 77.106051784945166, 11.474087989041484 ], [ 77.106251791110608, 11.474087989041484 ] ] ] } },
{ "type": "Feature", "properties": { "feature_id": "bld_1008", "name": "Building 1008 (Bhavani Valley Perimeter)", "feature_type": "building", "category": "building" }, "geometry": { "type": "Polygon", "coordinates": [ [ [ 77.139052291094927, 11.469168922230095 ], [ 77.139052291094927, 11.469375466092094 ], [ 77.138845747232935, 11.469375466092094 ], [ 77.138845747232935, 11.469168922230095 ], [ 77.139052291094927, 11.469168922230095 ] ] ] } },
{ "type": "Feature", "properties": { "feature_id": "bld_1009", "name": "Building 1009 (Bhavani Valley Perimeter)", "feature_type": "building", "category": "building" }, "geometry": { "type": "Polygon", "coordinates": [ [ [ 77.105238820453991, 11.453549940949852 ], [ 77.105238820453991, 11.453842163751428 ], [ 77.1049465976524, 11.453842163751428 ], [ 77.1049465976524, 11.453549940949852 ], [ 77.105238820453991, 11.453549940949852 ] ] ] } },
{ "type": "Feature", "properties": { "feature_id": "bld_1010", "name": "Building 1010 (Bhavani Valley Perimeter)", "feature_type": "building", "category": "building" }, "geometry": { "type": "Polygon", "coordinates": [ [ [ 77.157880355507615, 11.468449697682606 ], [ 77.157880355507615, 11.468698217184114 ], [ 77.157631836006118, 11.468698217184114 ], [ 77.157631836006118, 11.468449697682606 ], [ 77.157880355507615, 11.468449697682606 ] ] ] } },
{ "type": "Feature", "properties": { "feature_id": "bld_1011", "name": "Building 1011 (Bhavani Valley Perimeter)", "feature_type": "building", "category": "building" }, "geometry": { "type": "Polygon", "coordinates": [ [ [ 77.11804185829223, 11.45578412741923 ], [ 77.11804185829223, 11.456049258990999 ], [ 77.11777672672045, 11.456049258990999 ], [ 77.11777672672045, 11.45578412741923 ], [ 77.11804185829223, 11.45578412741923 ] ] ] } },
{ "type": "Feature", "properties": { "feature_id": "bld_1012", "name": "Building 1012 (Bhavani Valley Perimeter)", "feature_type": "building", "category": "building" }, "geometry": { "type": "Polygon", "coordinates": [ [ [ 77.10922290311737, 11.448793296466892 ], [ 77.10922290311737, 11.448991981142079 ], [ 77.109024218442187, 11.448991981142079 ], [ 77.109024218442187, 11.448793296466892 ], [ 77.10922290311737, 11.448793296466892 ] ] ] } },
{ "type": "Feature", "properties": { "feature_id": "bld_1013", "name": "Building 1013 (Bhavani Valley Perimeter)", "feature_type": "building", "category": "building" }, "geometry": { "type": "Polygon", "coordinates": [ [ [ 77.138966428661774, 11.48393371186884 ], [ 77.138966428661774, 11.484103162225377 ], [ 77.138796978305237, 11.484103162225377 ], [ 77.138796978305237, 11.48393371186884 ], [ 77.138966428661774, 11.48393371186884 ] ] ] } },
{ "type": "Feature", "properties": { "feature_id": "bld_1014", "name": "Building 1014 (Bhavani Valley Perimeter)", "feature_type": "building", "category": "building" }, "geometry": { "type": "Polygon", "coordinates": [ [ [ 77.146831036852419, 11.443820286742433 ], [ 77.146831036852419, 11.444116181458789 ], [ 77.146535142136074, 11.444116181458789 ], [ 77.146535142136074, 11.443820286742433 ], [ 77.146831036852419, 11.443820286742433 ] ] ] } },
{ "type": "Feature", "properties": { "feature_id": "bld_1015", "name": "Building 1015 (Bhavani Valley Perimeter)", "feature_type": "building", "category": "building" }, "geometry": { "type": "Polygon", "coordinates": [ [ [ 77.1103289673744, 11.45504839816914 ], [ 77.1103289673744, 11.455311702067018 ], [ 77.110065663476533, 11.455311702067018 ], [ 77.110065663476533, 11.45504839816914 ], [ 77.1103289673744, 11.45504839816914 ] ] ] } },
{ "type": "Feature", "properties": { "feature_id": "bld_1016", "name": "Building 1016 (Bhavani Valley Perimeter)", "feature_type": "building", "category": "building" }, "geometry": { "type": "Polygon", "coordinates": [ [ [ 77.16351415521423, 11.45603217515294 ], [ 77.16351415521423, 11.456240688536452 ], [ 77.163305641830718, 11.456240688536452 ], [ 77.163305641830718, 11.45603217515294 ], [ 77.16351415521423, 11.45603217515294 ] ] ] } },
{ "type": "Feature", "properties": { "feature_id": "bld_1017", "name": "Building 1017 (Bhavani Valley Perimeter)", "feature_type": "building", "category": "building" }, "geometry": { "type": "Polygon", "coordinates": [ [ [ 77.135879487375462, 11.448119439852224 ], [ 77.135879487375462, 11.448308186463642 ], [ 77.135690740764034, 11.448308186463642 ], [ 77.135690740764034, 11.448119439852224 ], [ 77.135879487375462, 11.448119439852224 ] ] ] } },
{ "type": "Feature", "properties": { "feature_id": "bld_1018", "name": "Building 1018 (Bhavani Valley Perimeter)", "feature_type": "building", "category": "building" }, "geometry": { "type": "Polygon", "coordinates": [ [ [ 77.143573695096833, 11.448326565486838 ], [ 77.143573695096833, 11.448526810119922 ], [ 77.143373450463756, 11.448526810119922 ], [ 77.143373450463756, 11.448326565486838 ], [ 77.143573695096833, 11.448326565486838 ] ] ] } },
{ "type": "Feature", "properties": { "feature_id": "bld_1019", "name": "Building 1019 (Bhavani Valley Perimeter)", "feature_type": "building", "category": "building" }, "geometry": { "type": "Polygon", "coordinates": [ [ [ 77.15923030031675, 11.483304611980955 ], [ 77.15923030031675, 11.483549121189032 ], [ 77.158985791108677, 11.483549121189032 ], [ 77.158985791108677, 11.483304611980955 ], [ 77.15923030031675, 11.483304611980955 ] ] ] } },
{ "type": "Feature", "properties": { "feature_id": "bld_1020", "name": "Building 1020 (Bhavani Valley Perimeter)", "feature_type": "building", "category": "building" }, "geometry": { "type": "Polygon", "coordinates": [ [ [ 77.107074751661287, 11.438632581067244 ], [ 77.107074751661287, 11.438925780318163 ], [ 77.106781552410382, 11.438925780318163 ], [ 77.106781552410382, 11.438632581067244 ], [ 77.107074751661287, 11.438632581067244 ] ] ] } },
{ "type": "Feature", "properties": { "feature_id": "bld_1021", "name": "Building 1021 (Bhavani Valley Perimeter)", "feature_type": "building", "category": "building" }, "geometry": { "type": "Polygon", "coordinates": [ [ [ 77.12687810424876, 11.439481416183023 ], [ 77.12687810424876, 11.439725282425224 ], [ 77.126634238006545, 11.439725282425224 ], [ 77.126634238006545, 11.439481416183023 ], [ 77.12687810424876, 11.439481416183023 ] ] ] } },
{ "type": "Feature", "properties": { "feature_id": "bld_1022", "name": "Building 1022 (Bhavani Valley Perimeter)", "feature_type": "building", "category": "building" }, "geometry": { "type": "Polygon", "coordinates": [ [ [ 77.156227108188077, 11.467326522863983 ], [ 77.156227108188077, 11.467523959147885 ], [ 77.156029671904165, 11.467523959147885 ], [ 77.156029671904165, 11.467326522863983 ], [ 77.156227108188077, 11.467326522863983 ] ] ] } },
{ "type": "Feature", "properties": { "feature_id": "bld_1023", "name": "Building 1023 (Bhavani Valley Perimeter)", "feature_type": "building", "category": "building" }, "geometry": { "type": "Polygon", "coordinates": [ [ [ 77.101457524092496, 11.483153205959525 ], [ 77.101457524092496, 11.483348330985923 ], [ 77.101262399066087, 11.483348330985923 ], [ 77.101262399066087, 11.483153205959525 ], [ 77.101457524092496, 11.483153205959525 ] ] ] } },
{ "type": "Feature", "properties": { "feature_id": "bld_1024", "name": "Building 1024 (Bhavani Valley Perimeter)", "feature_type": "building", "category": "building" }, "geometry": { "type": "Polygon", "coordinates": [ [ [ 77.160965066443922, 11.47020879297474 ], [ 77.160965066443922, 11.470454194013131 ], [ 77.160719665405523, 11.470454194013131 ], [ 77.160719665405523, 11.47020879297474 ], [ 77.160965066443922, 11.47020879297474 ] ] ] } },
{ "type": "Feature", "properties": { "feature_id": "bld_1025", "name": "Building 1025 (Bhavani Valley Perimeter)", "feature_type": "building", "category": "building" }, "geometry": { "type": "Polygon", "coordinates": [ [ [ 77.128283502259009, 11.448432975908414 ], [ 77.128283502259009, 11.448676649467991 ], [ 77.128039828699443, 11.448676649467991 ], [ 77.128039828699443, 11.448432975908414 ], [ 77.128283502259009, 11.448432975908414 ] ] ] } },
{ "type": "Feature", "properties": { "feature_id": "bld_1026", "name": "Building 1026 (Bhavani Valley Perimeter)", "feature_type": "building", "category": "building" }, "geometry": { "type": "Polygon", "coordinates": [ [ [ 77.17803602043135, 11.48224927303986 ], [ 77.17803602043135, 11.482424099852478 ], [ 77.177861193618739, 11.482424099852478 ], [ 77.177861193618739, 11.48224927303986 ], [ 77.17803602043135, 11.48224927303986 ] ] ] } },
{ "type": "Feature", "properties": { "feature_id": "bld_1027", "name": "Building 1027 (Bhavani Valley Perimeter)", "feature_type": "building", "category": "building" }, "geometry": { "type": "Polygon", "coordinates": [ [ [ 77.11406613259976, 11.482105255473169 ], [ 77.11406613259976, 11.482368370405137 ], [ 77.113803017667806, 11.482368370405137 ], [ 77.113803017667806, 11.482105255473169 ], [ 77.11406613259976, 11.482105255473169 ] ] ] } },
{ "type": "Feature", "properties": { "feature_id": "bld_1028", "name": "Building 1028 (Bhavani Valley Perimeter)", "feature_type": "building", "category": "building" }, "geometry": { "type": "Polygon", "coordinates": [ [ [ 77.179590575245655, 11.445010500695789 ], [ 77.179590575245655, 11.445252762717745 ], [ 77.179348313223713, 11.445252762717745 ], [ 77.179348313223713, 11.445010500695789 ], [ 77.179590575245655, 11.445010500695789 ] ] ] } },
{ "type": "Feature", "properties": { "feature_id": "bld_1029", "name": "Building 1029 (Bhavani Valley Perimeter)", "feature_type": "building", "category": "building" }, "geometry": { "type": "Polygon", "coordinates": [ [ [ 77.16321113411594, 11.468897023653987 ], [ 77.16321113411594, 11.469114164890708 ], [ 77.162993992879208, 11.469114164890708 ], [ 77.162993992879208, 11.468897023653987 ], [ 77.16321113411594, 11.468897023653987 ] ] ] } },
{ "type": "Feature", "properties": { "feature_id": "bld_1030", "name": "Building 1030 (Bhavani Valley Perimeter)", "feature_type": "building", "category": "building" }, "geometry": { "type": "Polygon", "coordinates": [ [ [ 77.101483257359959, 11.464048585732471 ], [ 77.101483257359959, 11.464244019947955 ], [ 77.10128782314446, 11.464244019947955 ], [ 77.10128782314446, 11.464048585732471 ], [ 77.101483257359959, 11.464048585732471 ] ] ] } },
{ "type": "Feature", "properties": { "feature_id": "bld_1031", "name": "Building 1031 (Bhavani Valley Perimeter)", "feature_type": "building", "category": "building" }, "geometry": { "type": "Polygon", "coordinates": [ [ [ 77.140630814625084, 11.482771118281956 ], [ 77.140630814625084, 11.482986983226425 ], [ 77.140414949680618, 11.482986983226425 ], [ 77.140414949680618, 11.482771118281956 ], [ 77.140630814625084, 11.482771118281956 ] ] ] } },
{ "type": "Feature", "properties": { "feature_id": "bld_1032", "name": "Building 1032 (Bhavani Valley Perimeter)", "feature_type": "building", "category": "building" }, "geometry": { "type": "Polygon", "coordinates": [ [ [ 77.175709216834662, 11.4442999580526 ], [ 77.175709216834662, 11.444554102522325 ], [ 77.17545507236494, 11.444554102522325 ], [ 77.17545507236494, 11.4442999580526 ], [ 77.175709216834662, 11.4442999580526 ] ] ] } },
{ "type": "Feature", "properties": { "feature_id": "bld_1033", "name": "Building 1033 (Bhavani Valley Perimeter)", "feature_type": "building", "category": "building" }, "geometry": { "type": "Polygon", "coordinates": [ [ [ 77.18801120829545, 11.440014072647692 ], [ 77.18801120829545, 11.440175237439604 ], [ 77.187850043503545, 11.440175237439604 ], [ 77.187850043503545, 11.440014072647692 ], [ 77.18801120829545, 11.440014072647692 ] ] ] } },
{ "type": "Feature", "properties": { "feature_id": "bld_1034", "name": "Building 1034 (Bhavani Valley Perimeter)", "feature_type": "building", "category": "building" }, "geometry": { "type": "Polygon", "coordinates": [ [ [ 77.13915483824141, 11.439498887248092 ], [ 77.13915483824141, 11.439763661057047 ], [ 77.138890064432445, 11.439763661057047 ], [ 77.138890064432445, 11.439498887248092 ], [ 77.13915483824141, 11.439498887248092 ] ] ] } },
{ "type": "Feature", "properties": { "feature_id": "bld_1035", "name": "Building 1035 (Bhavani Valley Perimeter)", "feature_type": "building", "category": "building" }, "geometry": { "type": "Polygon", "coordinates": [ [ [ 77.182407489561328, 11.456602938820486 ], [ 77.182407489561328, 11.456799158450389 ], [ 77.182211269931415, 11.456799158450389 ], [ 77.182211269931415, 11.456602938820486 ], [ 77.182407489561328, 11.456602938820486 ] ] ] } },
{ "type": "Feature", "properties": { "feature_id": "bld_1036", "name": "Building 1036 (Bhavani Valley Perimeter)", "feature_type": "building", "category": "building" }, "geometry": { "type": "Polygon", "coordinates": [ [ [ 77.139176932501897, 11.471091757101188 ], [ 77.139176932501897, 11.471253024683811 ], [ 77.13901566491927, 11.471253024683811 ], [ 77.13901566491927, 11.471091757101188 ], [ 77.139176932501897, 11.471091757101188 ] ] ] } },
{ "type": "Feature", "properties": { "feature_id": "bld_1037", "name": "Building 1037 (Bhavani Valley Perimeter)", "feature_type": "building", "category": "building" }, "geometry": { "type": "Polygon", "coordinates": [ [ [ 77.153175497230905, 11.465539946067086 ], [ 77.153175497230905, 11.465789222421652 ], [ 77.152926220876338, 11.465789222421652 ], [ 77.152926220876338, 11.465539946067086 ], [ 77.153175497230905, 11.465539946067086 ] ] ] } },
{ "type": "Feature", "properties": { "feature_id": "bld_1038", "name": "Building 1038 (Bhavani Valley Perimeter)", "feature_type": "building", "category": "building" }, "geometry": { "type": "Polygon", "coordinates": [ [ [ 77.121868384602323, 11.470616238764862 ], [ 77.121868384602323, 11.470789033572949 ], [ 77.121695589794228, 11.470789033572949 ], [ 77.121695589794228, 11.470616238764862 ], [ 77.121868384602323, 11.470616238764862 ] ] ] } },
{ "type": "Feature", "properties": { "feature_id": "bld_1039", "name": "Building 1039 (Bhavani Valley Perimeter)", "feature_type": "building", "category": "building" }, "geometry": { "type": "Polygon", "coordinates": [ [ [ 77.118066040902562, 11.478741791712173 ], [ 77.118066040902562, 11.479005212953274 ], [ 77.117802619661461, 11.479005212953274 ], [ 77.117802619661461, 11.478741791712173 ], [ 77.118066040902562, 11.478741791712173 ] ] ] } },
{ "type": "Feature", "properties": { "feature_id": "bld_1040", "name": "Building 1040 (Bhavani Valley Perimeter)", "feature_type": "building", "category": "building" }, "geometry": { "type": "Polygon", "coordinates": [ [ [ 77.101332108314821, 11.447323804564681 ], [ 77.101332108314821, 11.447513821472301 ], [ 77.101142091407198, 11.447513821472301 ], [ 77.101142091407198, 11.447323804564681 ], [ 77.101332108314821, 11.447323804564681 ] ] ] } },
{ "type": "Feature", "properties": { "feature_id": "bld_1041", "name": "Building 1041 (Bhavani Valley Perimeter)", "feature_type": "building", "category": "building" }, "geometry": { "type": "Polygon", "coordinates": [ [ [ 77.12445694636402, 11.447293611673292 ], [ 77.12445694636402, 11.447462365354696 ], [ 77.124288192682613, 11.447462365354696 ], [ 77.124288192682613, 11.447293611673292 ], [ 77.12445694636402, 11.447293611673292 ] ] ] } },
{ "type": "Feature", "properties": { "feature_id": "bld_1042", "name": "Building 1042 (Bhavani Valley Perimeter)", "feature_type": "building", "category": "building" }, "geometry": { "type": "Polygon", "coordinates": [ [ [ 77.141427117714443, 11.471514202518577 ], [ 77.141427117714443, 11.471759144960039 ], [ 77.141182175272974, 11.471759144960039 ], [ 77.141182175272974, 11.471514202518577 ], [ 77.141427117714443, 11.471514202518577 ] ] ] } },
{ "type": "Feature", "properties": { "feature_id": "bld_1043", "name": "Building 1043 (Bhavani Valley Perimeter)", "feature_type": "building", "category": "building" }, "geometry": { "type": "Polygon", "coordinates": [ [ [ 77.160705054523532, 11.438910854577101 ], [ 77.160705054523532, 11.439204063276526 ], [ 77.160411845824115, 11.439204063276526 ], [ 77.160411845824115, 11.438910854577101 ], [ 77.160705054523532, 11.438910854577101 ] ] ] } },
{ "type": "Feature", "properties": { "feature_id": "bld_1044", "name": "Building 1044 (Bhavani Valley Perimeter)", "feature_type": "building", "category": "building" }, "geometry": { "type": "Polygon", "coordinates": [ [ [ 77.175601873912228, 11.47511690705843 ], [ 77.175601873912228, 11.475392124791137 ], [ 77.175326656179521, 11.475392124791137 ], [ 77.175326656179521, 11.47511690705843 ], [ 77.175601873912228, 11.47511690705843 ] ] ] } },
{ "type": "Feature", "properties": { "feature_id": "bld_1045", "name": "Building 1045 (Bhavani Valley Perimeter)", "feature_type": "building", "category": "building" }, "geometry": { "type": "Polygon", "coordinates": [ [ [ 77.184037965473195, 11.462118678564433 ], [ 77.184037965473195, 11.462306718046936 ], [ 77.183849925990685, 11.462306718046936 ], [ 77.183849925990685, 11.462118678564433 ], [ 77.184037965473195, 11.462118678564433 ] ] ] } },
{ "type": "Feature", "properties": { "feature_id": "bld_1046", "name": "Building 1046 (Bhavani Valley Perimeter)", "feature_type": "building", "category": "building" }, "geometry": { "type": "Polygon", "coordinates": [ [ [ 77.155642178924268, 11.472012420465862 ], [ 77.155642178924268, 11.472275728900932 ], [ 77.155378870489187, 11.472275728900932 ], [ 77.155378870489187, 11.472012420465862 ], [ 77.155642178924268, 11.472012420465862 ] ] ] } },
{ "type": "Feature", "properties": { "feature_id": "bld_1047", "name": "Building 1047 (Bhavani Valley Perimeter)", "feature_type": "building", "category": "building" }, "geometry": { "type": "Polygon", "coordinates": [ [ [ 77.1470363900807, 11.438316958060989 ], [ 77.1470363900807, 11.43852891387237 ], [ 77.14682443426932, 11.43852891387237 ], [ 77.14682443426932, 11.438316958060989 ], [ 77.1470363900807, 11.438316958060989 ] ] ] } },
{ "type": "Feature", "properties": { "feature_id": "bld_1048", "name": "Building 1048 (Bhavani Valley Perimeter)", "feature_type": "building", "category": "building" }, "geometry": { "type": "Polygon", "coordinates": [ [ [ 77.182986677997732, 11.464104762251845 ], [ 77.182986677997732, 11.464340128723899 ], [ 77.182751311525678, 11.464340128723899 ], [ 77.182751311525678, 11.464104762251845 ], [ 77.182986677997732, 11.464104762251845 ] ] ] } },
{ "type": "Feature", "properties": { "feature_id": "bld_1049", "name": "Building 1049 (Bhavani Valley Perimeter)", "feature_type": "building", "category": "building" }, "geometry": { "type": "Polygon", "coordinates": [ [ [ 77.124339490520626, 11.453279771769587 ], [ 77.124339490520626, 11.45356512022207 ], [ 77.124054142068147, 11.45356512022207 ], [ 77.124054142068147, 11.453279771769587 ], [ 77.124339490520626, 11.453279771769587 ] ] ] } },
{ "type": "Feature", "properties": { "feature_id": "bld_1050", "name": "Building 1050 (Bhavani Valley Perimeter)", "feature_type": "building", "category": "building" }, "geometry": { "type": "Polygon", "coordinates": [ [ [ 77.160093478457028, 11.474257547158002 ], [ 77.160093478457028, 11.47448115551723 ], [ 77.159869870097808, 11.47448115551723 ], [ 77.159869870097808, 11.474257547158002 ], [ 77.160093478457028, 11.474257547158002 ] ] ] } },
{ "type": "Feature", "properties": { "feature_id": "bld_1051", "name": "Building 1051 (Bhavani Valley Perimeter)", "feature_type": "building", "category": "building" }, "geometry": { "type": "Polygon", "coordinates": [ [ [ 77.156851632009179, 11.447289798179041 ], [ 77.156851632009179, 11.44754856269528 ], [ 77.156592867492932, 11.44754856269528 ], [ 77.156592867492932, 11.447289798179041 ], [ 77.156851632009179, 11.447289798179041 ] ] ] } },
{ "type": "Feature", "properties": { "feature_id": "bld_1052", "name": "Building 1052 (Bhavani Valley Perimeter)", "feature_type": "building", "category": "building" }, "geometry": { "type": "Polygon", "coordinates": [ [ [ 77.138609572596025, 11.457001823178016 ], [ 77.138609572596025, 11.457252728303457 ], [ 77.13835866747057, 11.457252728303457 ], [ 77.13835866747057, 11.457001823178016 ], [ 77.138609572596025, 11.457001823178016 ] ] ] } },
{ "type": "Feature", "properties": { "feature_id": "bld_1053", "name": "Building 1053 (Bhavani Valley Perimeter)", "feature_type": "building", "category": "building" }, "geometry": { "type": "Polygon", "coordinates": [ [ [ 77.184402987958819, 11.438062585303818 ], [ 77.184402987958819, 11.438338049357046 ], [ 77.184127523905588, 11.438338049357046 ], [ 77.184127523905588, 11.438062585303818 ], [ 77.184402987958819, 11.438062585303818 ] ] ] } },
{ "type": "Feature", "properties": { "feature_id": "bld_1054", "name": "Building 1054 (Bhavani Valley Perimeter)", "feature_type": "building", "category": "building" }, "geometry": { "type": "Polygon", "coordinates": [ [ [ 77.126396013870107, 11.457114438792305 ], [ 77.126396013870107, 11.457277506658334 ], [ 77.12623294600408, 11.457277506658334 ], [ 77.12623294600408, 11.457114438792305 ], [ 77.126396013870107, 11.457114438792305 ] ] ] } },
{ "type": "Feature", "properties": { "feature_id": "bld_1055", "name": "Building 1055 (Bhavani Valley Perimeter)", "feature_type": "building", "category": "building" }, "geometry": { "type": "Polygon", "coordinates": [ [ [ 77.127178079330491, 11.460047629806091 ], [ 77.127178079330491, 11.460215494456921 ], [ 77.127010214679672, 11.460215494456921 ], [ 77.127010214679672, 11.460047629806091 ], [ 77.127178079330491, 11.460047629806091 ] ] ] } },
{ "type": "Feature", "properties": { "feature_id": "bld_1056", "name": "Building 1056 (Bhavani Valley Perimeter)", "feature_type": "building", "category": "building" }, "geometry": { "type": "Polygon", "coordinates": [ [ [ 77.144285993169746, 11.481268153917654 ], [ 77.144285993169746, 11.481442908968187 ], [ 77.144111238119223, 11.481442908968187 ], [ 77.144111238119223, 11.481268153917654 ], [ 77.144285993169746, 11.481268153917654 ] ] ] } },
{ "type": "Feature", "properties": { "feature_id": "bld_1057", "name": "Building 1057 (Bhavani Valley Perimeter)", "feature_type": "building", "category": "building" }, "geometry": { "type": "Polygon", "coordinates": [ [ [ 77.16892552768681, 11.455357690508782 ], [ 77.16892552768681, 11.455609414828816 ], [ 77.168673803366772, 11.455609414828816 ], [ 77.168673803366772, 11.455357690508782 ], [ 77.16892552768681, 11.455357690508782 ] ] ] } },
{ "type": "Feature", "properties": { "feature_id": "bld_1058", "name": "Building 1058 (Bhavani Valley Perimeter)", "feature_type": "building", "category": "building" }, "geometry": { "type": "Polygon", "coordinates": [ [ [ 77.123512526201665, 11.442883380744069 ], [ 77.123512526201665, 11.443065845510068 ], [ 77.123330061435666, 11.443065845510068 ], [ 77.123330061435666, 11.442883380744069 ], [ 77.123512526201665, 11.442883380744069 ] ] ] } },
{ "type": "Feature", "properties": { "feature_id": "bld_1059", "name": "Building 1059 (Bhavani Valley Perimeter)", "feature_type": "building", "category": "building" }, "geometry": { "type": "Polygon", "coordinates": [ [ [ 77.106470770464824, 11.444155839888113 ], [ 77.106470770464824, 11.444408830602013 ], [ 77.106217779750921, 11.444408830602013 ], [ 77.106217779750921, 11.444155839888113 ], [ 77.106470770464824, 11.444155839888113 ] ] ] } },
{ "type": "Feature", "properties": { "feature_id": "bld_1060", "name": "Building 1060 (Bhavani Valley Perimeter)", "feature_type": "building", "category": "building" }, "geometry": { "type": "Polygon", "coordinates": [ [ [ 77.179480114467609, 11.475578324877866 ], [ 77.179480114467609, 11.475834243681248 ], [ 77.179224195664219, 11.475834243681248 ], [ 77.179224195664219, 11.475578324877866 ], [ 77.179480114467609, 11.475578324877866 ] ] ] } },
{ "type": "Feature", "properties": { "feature_id": "bld_1061", "name": "Building 1061 (Bhavani Valley Perimeter)", "feature_type": "building", "category": "building" }, "geometry": { "type": "Polygon", "coordinates": [ [ [ 77.110040554188274, 11.449357685833524 ], [ 77.110040554188274, 11.449561058796069 ], [ 77.109837181225728, 11.449561058796069 ], [ 77.109837181225728, 11.449357685833524 ], [ 77.110040554188274, 11.449357685833524 ] ] ] } },
{ "type": "Feature", "properties": { "feature_id": "bld_1062", "name": "Building 1062 (Bhavani Valley Perimeter)", "feature_type": "building", "category": "building" }, "geometry": { "type": "Polygon", "coordinates": [ [ [ 77.122613613942832, 11.460632794218444 ], [ 77.122613613942832, 11.460867771752529 ], [ 77.12237863640874, 11.460867771752529 ], [ 77.12237863640874, 11.460632794218444 ], [ 77.122613613942832, 11.460632794218444 ] ] ] } },
{ "type": "Feature", "properties": { "feature_id": "bld_1063", "name": "Building 1063 (Bhavani Valley Perimeter)", "feature_type": "building", "category": "building" }, "geometry": { "type": "Polygon", "coordinates": [ [ [ 77.132257736657252, 11.452551459044969 ], [ 77.132257736657252, 11.452827456828675 ], [ 77.131981738873534, 11.452827456828675 ], [ 77.131981738873534, 11.452551459044969 ], [ 77.132257736657252, 11.452551459044969 ] ] ] } },
{ "type": "Feature", "properties": { "feature_id": "bld_1064", "name": "Building 1064 (Bhavani Valley Perimeter)", "feature_type": "building", "category": "building" }, "geometry": { "type": "Polygon", "coordinates": [ [ [ 77.171180321539836, 11.450245826392965 ], [ 77.171180321539836, 11.450533756775108 ], [ 77.170892391157693, 11.450533756775108 ], [ 77.170892391157693, 11.450245826392965 ], [ 77.171180321539836, 11.450245826392965 ] ] ] } },
{ "type": "Feature", "properties": { "feature_id": "bld_1065", "name": "Building 1065 (Bhavani Valley Perimeter)", "feature_type": "building", "category": "building" }, "geometry": { "type": "Polygon", "coordinates": [ [ [ 77.185858161276641, 11.451232317355085 ], [ 77.185858161276641, 11.451441936847917 ], [ 77.185648541783806, 11.451441936847917 ], [ 77.185648541783806, 11.451232317355085 ], [ 77.185858161276641, 11.451232317355085 ] ] ] } },
{ "type": "Feature", "properties": { "feature_id": "bld_1066", "name": "Building 1066 (Bhavani Valley Perimeter)", "feature_type": "building", "category": "building" }, "geometry": { "type": "Polygon", "coordinates": [ [ [ 77.145648416168299, 11.481914698266362 ], [ 77.145648416168299, 11.482197382987003 ], [ 77.145365731447654, 11.482197382987003 ], [ 77.145365731447654, 11.481914698266362 ], [ 77.145648416168299, 11.481914698266362 ] ] ] } },
{ "type": "Feature", "properties": { "feature_id": "bld_1067", "name": "Building 1067 (Bhavani Valley Perimeter)", "feature_type": "building", "category": "building" }, "geometry": { "type": "Polygon", "coordinates": [ [ [ 77.109349852615793, 11.454517801180289 ], [ 77.109349852615793, 11.454755273146853 ], [ 77.109112380649236, 11.454755273146853 ], [ 77.109112380649236, 11.454517801180289 ], [ 77.109349852615793, 11.454517801180289 ] ] ] } },
{ "type": "Feature", "properties": { "feature_id": "bld_1068", "name": "Building 1068 (Bhavani Valley Perimeter)", "feature_type": "building", "category": "building" }, "geometry": { "type": "Polygon", "coordinates": [ [ [ 77.145422039703618, 11.444553036222862 ], [ 77.145422039703618, 11.444833270570827 ], [ 77.145141805355649, 11.444833270570827 ], [ 77.145141805355649, 11.444553036222862 ], [ 77.145422039703618, 11.444553036222862 ] ] ] } },
{ "type": "Feature", "properties": { "feature_id": "bld_1069", "name": "Building 1069 (Bhavani Valley Perimeter)", "feature_type": "building", "category": "building" }, "geometry": { "type": "Polygon", "coordinates": [ [ [ 77.161064783969266, 11.476755305243035 ], [ 77.161064783969266, 11.477035532242144 ], [ 77.160784556970157, 11.477035532242144 ], [ 77.160784556970157, 11.476755305243035 ], [ 77.161064783969266, 11.476755305243035 ] ] ] } },
{ "type": "Feature", "properties": { "feature_id": "bld_1070", "name": "Building 1070 (Bhavani Valley Perimeter)", "feature_type": "building", "category": "building" }, "geometry": { "type": "Polygon", "coordinates": [ [ [ 77.167474765102767, 11.456837791789633 ], [ 77.167474765102767, 11.457083268335337 ], [ 77.167229288557067, 11.457083268335337 ], [ 77.167229288557067, 11.456837791789633 ], [ 77.167474765102767, 11.456837791789633 ] ] ] } },
{ "type": "Feature", "properties": { "feature_id": "bld_1071", "name": "Building 1071 (Bhavani Valley Perimeter)", "feature_type": "building", "category": "building" }, "geometry": { "type": "Polygon", "coordinates": [ [ [ 77.114525434278676, 11.468589723145843 ], [ 77.114525434278676, 11.468774818601648 ], [ 77.114340338822871, 11.468774818601648 ], [ 77.114340338822871, 11.468589723145843 ], [ 77.114525434278676, 11.468589723145843 ] ] ] } },
{ "type": "Feature", "properties": { "feature_id": "bld_1072", "name": "Building 1072 (Bhavani Valley Perimeter)", "feature_type": "building", "category": "building" }, "geometry": { "type": "Polygon", "coordinates": [ [ [ 77.162543691736929, 11.446391679446688 ], [ 77.162543691736929, 11.446568136628709 ], [ 77.162367234554907, 11.446568136628709 ], [ 77.162367234554907, 11.446391679446688 ], [ 77.162543691736929, 11.446391679446688 ] ] ] } },
{ "type": "Feature", "properties": { "feature_id": "bld_1073", "name": "Building 1073 (Bhavani Valley Perimeter)", "feature_type": "building", "category": "building" }, "geometry": { "type": "Polygon", "coordinates": [ [ [ 77.115005915886115, 11.434969294987704 ], [ 77.115005915886115, 11.435229918534203 ], [ 77.11474529233962, 11.435229918534203 ], [ 77.11474529233962, 11.434969294987704 ], [ 77.115005915886115, 11.434969294987704 ] ] ] } },
{ "type": "Feature", "properties": { "feature_id": "bld_1074", "name": "Building 1074 (Bhavani Valley Perimeter)", "feature_type": "building", "category": "building" }, "geometry": { "type": "Polygon", "coordinates": [ [ [ 77.166007389811327, 11.460655372099589 ], [ 77.166007389811327, 11.460837962891736 ], [ 77.165824799019177, 11.460837962891736 ], [ 77.165824799019177, 11.460655372099589 ], [ 77.166007389811327, 11.460655372099589 ] ] ] } },
{ "type": "Feature", "properties": { "feature_id": "bld_1075", "name": "Building 1075 (Bhavani Valley Perimeter)", "feature_type": "building", "category": "building" }, "geometry": { "type": "Polygon", "coordinates": [ [ [ 77.107611492748347, 11.435864845949476 ], [ 77.107611492748347, 11.436048050694252 ], [ 77.107428288003561, 11.436048050694252 ], [ 77.107428288003561, 11.435864845949476 ], [ 77.107611492748347, 11.435864845949476 ] ] ] } },
{ "type": "Feature", "properties": { "feature_id": "bld_1076", "name": "Building 1076 (Bhavani Valley Perimeter)", "feature_type": "building", "category": "building" }, "geometry": { "type": "Polygon", "coordinates": [ [ [ 77.18028179714139, 11.446972043092178 ], [ 77.18028179714139, 11.447181641077989 ], [ 77.180072199155575, 11.447181641077989 ], [ 77.180072199155575, 11.446972043092178 ], [ 77.18028179714139, 11.446972043092178 ] ] ] } },
{ "type": "Feature", "properties": { "feature_id": "bld_1077", "name": "Building 1077 (Bhavani Valley Perimeter)", "feature_type": "building", "category": "building" }, "geometry": { "type": "Polygon", "coordinates": [ [ [ 77.109597439323281, 11.446001719517454 ], [ 77.109597439323281, 11.446234410957363 ], [ 77.109364747883362, 11.446234410957363 ], [ 77.109364747883362, 11.446001719517454 ], [ 77.109597439323281, 11.446001719517454 ] ] ] } },
{ "type": "Feature", "properties": { "feature_id": "bld_1078", "name": "Building 1078 (Bhavani Valley Perimeter)", "feature_type": "building", "category": "building" }, "geometry": { "type": "Polygon", "coordinates": [ [ [ 77.154781782729742, 11.447183574457165 ], [ 77.154781782729742, 11.447351656959457 ], [ 77.154613700227458, 11.447351656959457 ], [ 77.154613700227458, 11.447183574457165 ], [ 77.154781782729742, 11.447183574457165 ] ] ] } },
{ "type": "Feature", "properties": { "feature_id": "bld_1079", "name": "Building 1079 (Bhavani Valley Perimeter)", "feature_type": "building", "category": "building" }, "geometry": { "type": "Polygon", "coordinates": [ [ [ 77.13528832699609, 11.446614799771691 ], [ 77.13528832699609, 11.446805537320945 ], [ 77.135097589446843, 11.446805537320945 ], [ 77.135097589446843, 11.446614799771691 ], [ 77.13528832699609, 11.446614799771691 ] ] ] } },
{ "type": "Feature", "properties": { "feature_id": "bld_1080", "name": "Building 1080 (Bhavani Valley Perimeter)", "feature_type": "building", "category": "building" }, "geometry": { "type": "Polygon", "coordinates": [ [ [ 77.186506633735235, 11.465696042805265 ], [ 77.186506633735235, 11.465934005787309 ], [ 77.186268670753179, 11.465934005787309 ], [ 77.186268670753179, 11.465696042805265 ], [ 77.186506633735235, 11.465696042805265 ] ] ] } },
{ "type": "Feature", "properties": { "feature_id": "bld_1081", "name": "Building 1081 (Bhavani Valley Perimeter)", "feature_type": "building", "category": "building" }, "geometry": { "type": "Polygon", "coordinates": [ [ [ 77.137537622667367, 11.456329353321239 ], [ 77.137537622667367, 11.456565080021777 ], [ 77.137301895966829, 11.456565080021777 ], [ 77.137301895966829, 11.456329353321239 ], [ 77.137537622667367, 11.456329353321239 ] ] ] } },
{ "type": "Feature", "properties": { "feature_id": "bld_1082", "name": "Building 1082 (Bhavani Valley Perimeter)", "feature_type": "building", "category": "building" }, "geometry": { "type": "Polygon", "coordinates": [ [ [ 77.162770701206782, 11.470015286235551 ], [ 77.162770701206782, 11.47019932338263 ], [ 77.162586664059702, 11.47019932338263 ], [ 77.162586664059702, 11.470015286235551 ], [ 77.162770701206782, 11.470015286235551 ] ] ] } },
{ "type": "Feature", "properties": { "feature_id": "bld_1083", "name": "Building 1083 (Bhavani Valley Perimeter)", "feature_type": "building", "category": "building" }, "geometry": { "type": "Polygon", "coordinates": [ [ [ 77.145151084574522, 11.455456967864066 ], [ 77.145151084574522, 11.455738841639345 ], [ 77.144869210799257, 11.455738841639345 ], [ 77.144869210799257, 11.455456967864066 ], [ 77.145151084574522, 11.455456967864066 ] ] ] } },
{ "type": "Feature", "properties": { "feature_id": "bld_1084", "name": "Building 1084 (Bhavani Valley Perimeter)", "feature_type": "building", "category": "building" }, "geometry": { "type": "Polygon", "coordinates": [ [ [ 77.156915780534604, 11.461537125695846 ], [ 77.156915780534604, 11.46171328094575 ], [ 77.1567396252847, 11.46171328094575 ], [ 77.1567396252847, 11.461537125695846 ], [ 77.156915780534604, 11.461537125695846 ] ] ] } },
{ "type": "Feature", "properties": { "feature_id": "bld_1085", "name": "Building 1085 (Bhavani Valley Perimeter)", "feature_type": "building", "category": "building" }, "geometry": { "type": "Polygon", "coordinates": [ [ [ 77.154611014499395, 11.440756590823723 ], [ 77.154611014499395, 11.440963799744301 ], [ 77.154403805578809, 11.440963799744301 ], [ 77.154403805578809, 11.440756590823723 ], [ 77.154611014499395, 11.440756590823723 ] ] ] } },
{ "type": "Feature", "properties": { "feature_id": "bld_1086", "name": "Building 1086 (Bhavani Valley Perimeter)", "feature_type": "building", "category": "building" }, "geometry": { "type": "Polygon", "coordinates": [ [ [ 77.112950214481259, 11.46950924470325 ], [ 77.112950214481259, 11.469698119999187 ], [ 77.112761339185312, 11.469698119999187 ], [ 77.112761339185312, 11.46950924470325 ], [ 77.112950214481259, 11.46950924470325 ] ] ] } },
{ "type": "Feature", "properties": { "feature_id": "bld_1087", "name": "Building 1087 (Bhavani Valley Perimeter)", "feature_type": "building", "category": "building" }, "geometry": { "type": "Polygon", "coordinates": [ [ [ 77.135361645733752, 11.4796894367341 ], [ 77.135361645733752, 11.479878041027776 ], [ 77.135173041440083, 11.479878041027776 ], [ 77.135173041440083, 11.4796894367341 ], [ 77.135361645733752, 11.4796894367341 ] ] ] } },
{ "type": "Feature", "properties": { "feature_id": "bld_1088", "name": "Building 1088 (Bhavani Valley Perimeter)", "feature_type": "building", "category": "building" }, "geometry": { "type": "Polygon", "coordinates": [ [ [ 77.14578372443917, 11.455882314375428 ], [ 77.14578372443917, 11.456044851741174 ], [ 77.145621187073417, 11.456044851741174 ], [ 77.145621187073417, 11.455882314375428 ], [ 77.14578372443917, 11.455882314375428 ] ] ] } },
{ "type": "Feature", "properties": { "feature_id": "bld_1089", "name": "Building 1089 (Bhavani Valley Perimeter)", "feature_type": "building", "category": "building" }, "geometry": { "type": "Polygon", "coordinates": [ [ [ 77.171461428073016, 11.438339097464262 ], [ 77.171461428073016, 11.4385654931672 ], [ 77.171235032370092, 11.4385654931672 ], [ 77.171235032370092, 11.438339097464262 ], [ 77.171461428073016, 11.438339097464262 ] ] ] } },
{ "type": "Feature", "properties": { "feature_id": "bld_1090", "name": "Building 1090 (Bhavani Valley Perimeter)", "feature_type": "building", "category": "building" }, "geometry": { "type": "Polygon", "coordinates": [ [ [ 77.150589250758557, 11.466293118616678 ], [ 77.150589250758557, 11.466549527044782 ], [ 77.150332842330457, 11.466549527044782 ], [ 77.150332842330457, 11.466293118616678 ], [ 77.150589250758557, 11.466293118616678 ] ] ] } },
{ "type": "Feature", "properties": { "feature_id": "bld_1091", "name": "Building 1091 (Bhavani Valley Perimeter)", "feature_type": "building", "category": "building" }, "geometry": { "type": "Polygon", "coordinates": [ [ [ 77.122925155573398, 11.435368297776559 ], [ 77.122925155573398, 11.435629579889287 ], [ 77.122663873460681, 11.435629579889287 ], [ 77.122663873460681, 11.435368297776559 ], [ 77.122925155573398, 11.435368297776559 ] ] ] } },
{ "type": "Feature", "properties": { "feature_id": "bld_1092", "name": "Building 1092 (Bhavani Valley Perimeter)", "feature_type": "building", "category": "building" }, "geometry": { "type": "Polygon", "coordinates": [ [ [ 77.148346591126682, 11.476668387974959 ], [ 77.148346591126682, 11.476943382345764 ], [ 77.148071596755869, 11.476943382345764 ], [ 77.148071596755869, 11.476668387974959 ], [ 77.148346591126682, 11.476668387974959 ] ] ] } },
{ "type": "Feature", "properties": { "feature_id": "bld_1093", "name": "Building 1093 (Bhavani Valley Perimeter)", "feature_type": "building", "category": "building" }, "geometry": { "type": "Polygon", "coordinates": [ [ [ 77.176002709088621, 11.459151379011269 ], [ 77.176002709088621, 11.459358086986684 ], [ 77.175796001113198, 11.459358086986684 ], [ 77.175796001113198, 11.459151379011269 ], [ 77.176002709088621, 11.459151379011269 ] ] ] } },
{ "type": "Feature", "properties": { "feature_id": "bld_1094", "name": "Building 1094 (Bhavani Valley Perimeter)", "feature_type": "building", "category": "building" }, "geometry": { "type": "Polygon", "coordinates": [ [ [ 77.171333079186979, 11.457471864697714 ], [ 77.171333079186979, 11.45765754660521 ], [ 77.171147397279469, 11.45765754660521 ], [ 77.171147397279469, 11.457471864697714 ], [ 77.171333079186979, 11.457471864697714 ] ] ] } },
{ "type": "Feature", "properties": { "feature_id": "bld_1095", "name": "Building 1095 (Bhavani Valley Perimeter)", "feature_type": "building", "category": "building" }, "geometry": { "type": "Polygon", "coordinates": [ [ [ 77.177060303443469, 11.479015352155686 ], [ 77.177060303443469, 11.479240635521547 ], [ 77.176835020077604, 11.479240635521547 ], [ 77.176835020077604, 11.479015352155686 ], [ 77.177060303443469, 11.479015352155686 ] ] ] } },
{ "type": "Feature", "properties": { "feature_id": "bld_1096", "name": "Building 1096 (Bhavani Valley Perimeter)", "feature_type": "building", "category": "building" }, "geometry": { "type": "Polygon", "coordinates": [ [ [ 77.106949223094034, 11.454255056859685 ], [ 77.106949223094034, 11.454527552132008 ], [ 77.106676727821707, 11.454527552132008 ], [ 77.106676727821707, 11.454255056859685 ], [ 77.106949223094034, 11.454255056859685 ] ] ] } },
{ "type": "Feature", "properties": { "feature_id": "bld_1097", "name": "Building 1097 (Bhavani Valley Perimeter)", "feature_type": "building", "category": "building" }, "geometry": { "type": "Polygon", "coordinates": [ [ [ 77.181244350721997, 11.445088948972037 ], [ 77.181244350721997, 11.445258325277722 ], [ 77.181074974416319, 11.445258325277722 ], [ 77.181074974416319, 11.445088948972037 ], [ 77.181244350721997, 11.445088948972037 ] ] ] } },
{ "type": "Feature", "properties": { "feature_id": "bld_1098", "name": "Building 1098 (Bhavani Valley Perimeter)", "feature_type": "building", "category": "building" }, "geometry": { "type": "Polygon", "coordinates": [ [ [ 77.179079464049451, 11.454352323681444 ], [ 77.179079464049451, 11.454588170216443 ], [ 77.17884361751446, 11.454588170216443 ], [ 77.17884361751446, 11.454352323681444 ], [ 77.179079464049451, 11.454352323681444 ] ] ] } },
{ "type": "Feature", "properties": { "feature_id": "bld_1099", "name": "Building 1099 (Bhavani Valley Perimeter)", "feature_type": "building", "category": "building" }, "geometry": { "type": "Polygon", "coordinates": [ [ [ 77.187251305345086, 11.43820285413519 ], [ 77.187251305345086, 11.438453618656235 ], [ 77.187000540824044, 11.438453618656235 ], [ 77.187000540824044, 11.43820285413519 ], [ 77.187251305345086, 11.43820285413519 ] ] ] } },
{ "type": "Feature", "properties": { "feature_id": "bld_1100", "name": "Building 1100 (Bhavani Valley Perimeter)", "feature_type": "building", "category": "building" }, "geometry": { "type": "Polygon", "coordinates": [ [ [ 77.106805755049891, 11.453637179405161 ], [ 77.106805755049891, 11.453909713441488 ], [ 77.106533221013564, 11.453909713441488 ], [ 77.106533221013564, 11.453637179405161 ], [ 77.106805755049891, 11.453637179405161 ] ] ] } },
{ "type": "Feature", "properties": { "feature_id": "bld_1101", "name": "Building 1101 (Bhavani Valley Perimeter)", "feature_type": "building", "category": "building" }, "geometry": { "type": "Polygon", "coordinates": [ [ [ 77.139131635097939, 11.4847399835452 ], [ 77.139131635097939, 11.484978251845092 ], [ 77.138893366798058, 11.484978251845092 ], [ 77.138893366798058, 11.4847399835452 ], [ 77.139131635097939, 11.4847399835452 ] ] ] } },
{ "type": "Feature", "properties": { "feature_id": "bld_1102", "name": "Building 1102 (Bhavani Valley Perimeter)", "feature_type": "building", "category": "building" }, "geometry": { "type": "Polygon", "coordinates": [ [ [ 77.129009130174637, 11.445901029857838 ], [ 77.129009130174637, 11.446110102732638 ], [ 77.128800057299827, 11.446110102732638 ], [ 77.128800057299827, 11.445901029857838 ], [ 77.129009130174637, 11.445901029857838 ] ] ] } },
{ "type": "Feature", "properties": { "feature_id": "bld_1103", "name": "Building 1103 (Bhavani Valley Perimeter)", "feature_type": "building", "category": "building" }, "geometry": { "type": "Polygon", "coordinates": [ [ [ 77.133633864832319, 11.43832981369224 ], [ 77.133633864832319, 11.438541554080158 ], [ 77.133422124444394, 11.438541554080158 ], [ 77.133422124444394, 11.43832981369224 ], [ 77.133633864832319, 11.43832981369224 ] ] ] } },
{ "type": "Feature", "properties": { "feature_id": "bld_1104", "name": "Building 1104 (Bhavani Valley Perimeter)", "feature_type": "building", "category": "building" }, "geometry": { "type": "Polygon", "coordinates": [ [ [ 77.141907437840459, 11.471010916548011 ], [ 77.141907437840459, 11.471262858675871 ], [ 77.141655495712584, 11.471262858675871 ], [ 77.141655495712584, 11.471010916548011 ], [ 77.141907437840459, 11.471010916548011 ] ] ] } },
{ "type": "Feature", "properties": { "feature_id": "bld_1105", "name": "Building 1105 (Bhavani Valley Perimeter)", "feature_type": "building", "category": "building" }, "geometry": { "type": "Polygon", "coordinates": [ [ [ 77.163884145688584, 11.435322947375871 ], [ 77.163884145688584, 11.435513420811814 ], [ 77.163693672252649, 11.435513420811814 ], [ 77.163693672252649, 11.435322947375871 ], [ 77.163884145688584, 11.435322947375871 ] ] ] } },
{ "type": "Feature", "properties": { "feature_id": "bld_1106", "name": "Building 1106 (Bhavani Valley Perimeter)", "feature_type": "building", "category": "building" }, "geometry": { "type": "Polygon", "coordinates": [ [ [ 77.159631957899279, 11.459119096465692 ], [ 77.159631957899279, 11.459279840352284 ], [ 77.159471214012683, 11.459279840352284 ], [ 77.159471214012683, 11.459119096465692 ], [ 77.159631957899279, 11.459119096465692 ] ] ] } },
{ "type": "Feature", "properties": { "feature_id": "bld_1107", "name": "Building 1107 (Bhavani Valley Perimeter)", "feature_type": "building", "category": "building" }, "geometry": { "type": "Polygon", "coordinates": [ [ [ 77.172522907160271, 11.473522089323108 ], [ 77.172522907160271, 11.473758868005927 ], [ 77.172286128477452, 11.473758868005927 ], [ 77.172286128477452, 11.473522089323108 ], [ 77.172522907160271, 11.473522089323108 ] ] ] } },
{ "type": "Feature", "properties": { "feature_id": "bld_1108", "name": "Building 1108 (Bhavani Valley Perimeter)", "feature_type": "building", "category": "building" }, "geometry": { "type": "Polygon", "coordinates": [ [ [ 77.106102559270994, 11.473204892525489 ], [ 77.106102559270994, 11.47344661242777 ], [ 77.105860839368717, 11.47344661242777 ], [ 77.105860839368717, 11.473204892525489 ], [ 77.106102559270994, 11.473204892525489 ] ] ] } },
{ "type": "Feature", "properties": { "feature_id": "bld_1109", "name": "Building 1109 (Bhavani Valley Perimeter)", "feature_type": "building", "category": "building" }, "geometry": { "type": "Polygon", "coordinates": [ [ [ 77.170512608089254, 11.472451139474755 ], [ 77.170512608089254, 11.472723559764828 ], [ 77.170240187799166, 11.472723559764828 ], [ 77.170240187799166, 11.472451139474755 ], [ 77.170512608089254, 11.472451139474755 ] ] ] } },
{ "type": "Feature", "properties": { "feature_id": "bld_1110", "name": "Building 1110 (Bhavani Valley Perimeter)", "feature_type": "building", "category": "building" }, "geometry": { "type": "Polygon", "coordinates": [ [ [ 77.146747706999562, 11.441889244886539 ], [ 77.146747706999562, 11.442143206932812 ], [ 77.146493744953275, 11.442143206932812 ], [ 77.146493744953275, 11.441889244886539 ], [ 77.146747706999562, 11.441889244886539 ] ] ] } },
{ "type": "Feature", "properties": { "feature_id": "bld_1111", "name": "Building 1111 (Bhavani Valley Perimeter)", "feature_type": "building", "category": "building" }, "geometry": { "type": "Polygon", "coordinates": [ [ [ 77.155934532325091, 11.47202076768953 ], [ 77.155934532325091, 11.472204551030378 ], [ 77.155750748984246, 11.472204551030378 ], [ 77.155750748984246, 11.47202076768953 ], [ 77.155934532325091, 11.47202076768953 ] ] ] } },
{ "type": "Feature", "properties": { "feature_id": "bld_1112", "name": "Building 1112 (Bhavani Valley Perimeter)", "feature_type": "building", "category": "building" }, "geometry": { "type": "Polygon", "coordinates": [ [ [ 77.117680266436921, 11.479387977415074 ], [ 77.117680266436921, 11.479652974306857 ], [ 77.117415269545134, 11.479652974306857 ], [ 77.117415269545134, 11.479387977415074 ], [ 77.117680266436921, 11.479387977415074 ] ] ] } },
{ "type": "Feature", "properties": { "feature_id": "bld_1113", "name": "Building 1113 (Bhavani Valley Perimeter)", "feature_type": "building", "category": "building" }, "geometry": { "type": "Polygon", "coordinates": [ [ [ 77.181862364854453, 11.472813965186777 ], [ 77.181862364854453, 11.473057566929615 ], [ 77.181618763111601, 11.473057566929615 ], [ 77.181618763111601, 11.472813965186777 ], [ 77.181862364854453, 11.472813965186777 ] ] ] } },
{ "type": "Feature", "properties": { "feature_id": "bld_1114", "name": "Building 1114 (Bhavani Valley Perimeter)", "feature_type": "building", "category": "building" }, "geometry": { "type": "Polygon", "coordinates": [ [ [ 77.15899246280533, 11.479335879724184 ], [ 77.15899246280533, 11.479576912669815 ], [ 77.158751429859691, 11.479576912669815 ], [ 77.158751429859691, 11.479335879724184 ], [ 77.15899246280533, 11.479335879724184 ] ] ] } },
{ "type": "Feature", "properties": { "feature_id": "bld_1115", "name": "Building 1115 (Bhavani Valley Perimeter)", "feature_type": "building", "category": "building" }, "geometry": { "type": "Polygon", "coordinates": [ [ [ 77.157028393674963, 11.442710661314772 ], [ 77.157028393674963, 11.442937010285588 ], [ 77.15680204470415, 11.442937010285588 ], [ 77.15680204470415, 11.442710661314772 ], [ 77.157028393674963, 11.442710661314772 ] ] ] } },
{ "type": "Feature", "properties": { "feature_id": "bld_1116", "name": "Building 1116 (Bhavani Valley Perimeter)", "feature_type": "building", "category": "building" }, "geometry": { "type": "Polygon", "coordinates": [ [ [ 77.164569897868859, 11.448452977123182 ], [ 77.164569897868859, 11.448641292708455 ], [ 77.164381582283596, 11.448641292708455 ], [ 77.164381582283596, 11.448452977123182 ], [ 77.164569897868859, 11.448452977123182 ] ] ] } },
{ "type": "Feature", "properties": { "feature_id": "bld_1117", "name": "Building 1117 (Bhavani Valley Perimeter)", "feature_type": "building", "category": "building" }, "geometry": { "type": "Polygon", "coordinates": [ [ [ 77.128339456624786, 11.44697998751505 ], [ 77.128339456624786, 11.447170075284234 ], [ 77.128149368855588, 11.447170075284234 ], [ 77.128149368855588, 11.44697998751505 ], [ 77.128339456624786, 11.44697998751505 ] ] ] } },
{ "type": "Feature", "properties": { "feature_id": "bld_1118", "name": "Building 1118 (Bhavani Valley Perimeter)", "feature_type": "building", "category": "building" }, "geometry": { "type": "Polygon", "coordinates": [ [ [ 77.138352070033406, 11.480276431518904 ], [ 77.138352070033406, 11.480507419869449 ], [ 77.138121081682854, 11.480507419869449 ], [ 77.138121081682854, 11.480276431518904 ], [ 77.138352070033406, 11.480276431518904 ] ] ] } },
{ "type": "Feature", "properties": { "feature_id": "bld_1119", "name": "Building 1119 (Bhavani Valley Perimeter)", "feature_type": "building", "category": "building" }, "geometry": { "type": "Polygon", "coordinates": [ [ [ 77.117041565203536, 11.438719852538885 ], [ 77.117041565203536, 11.438977314399203 ], [ 77.116784103343221, 11.438977314399203 ], [ 77.116784103343221, 11.438719852538885 ], [ 77.117041565203536, 11.438719852538885 ] ] ] } },
{ "type": "Feature", "properties": { "feature_id": "bld_1120", "name": "Building 1120 (Bhavani Valley Perimeter)", "feature_type": "building", "category": "building" }, "geometry": { "type": "Polygon", "coordinates": [ [ [ 77.134578054553074, 11.475965381575463 ], [ 77.134578054553074, 11.476217713083074 ], [ 77.134325723045478, 11.476217713083074 ], [ 77.134325723045478, 11.475965381575463 ], [ 77.134578054553074, 11.475965381575463 ] ] ] } },
{ "type": "Feature", "properties": { "feature_id": "bld_1121", "name": "Building 1121 (Bhavani Valley Perimeter)", "feature_type": "building", "category": "building" }, "geometry": { "type": "Polygon", "coordinates": [ [ [ 77.171790195673296, 11.448468836846351 ], [ 77.171790195673296, 11.448725767095494 ], [ 77.171533265424145, 11.448725767095494 ], [ 77.171533265424145, 11.448468836846351 ], [ 77.171790195673296, 11.448468836846351 ] ] ] } },
{ "type": "Feature", "properties": { "feature_id": "bld_1122", "name": "Building 1122 (Bhavani Valley Perimeter)", "feature_type": "building", "category": "building" }, "geometry": { "type": "Polygon", "coordinates": [ [ [ 77.12389012482214, 11.481828877772807 ], [ 77.12389012482214, 11.482077970172222 ], [ 77.123641032422711, 11.482077970172222 ], [ 77.123641032422711, 11.481828877772807 ], [ 77.12389012482214, 11.481828877772807 ] ] ] } },
{ "type": "Feature", "properties": { "feature_id": "bld_1123", "name": "Building 1123 (Bhavani Valley Perimeter)", "feature_type": "building", "category": "building" }, "geometry": { "type": "Polygon", "coordinates": [ [ [ 77.129299426876742, 11.448382228253658 ], [ 77.129299426876742, 11.448568957975569 ], [ 77.129112697154824, 11.448568957975569 ], [ 77.129112697154824, 11.448382228253658 ], [ 77.129299426876742, 11.448382228253658 ] ] ] } },
{ "type": "Feature", "properties": { "feature_id": "bld_1124", "name": "Building 1124 (Bhavani Valley Perimeter)", "feature_type": "building", "category": "building" }, "geometry": { "type": "Polygon", "coordinates": [ [ [ 77.162639357529045, 11.445814109421283 ], [ 77.162639357529045, 11.446057451878511 ], [ 77.16239601507182, 11.446057451878511 ], [ 77.16239601507182, 11.445814109421283 ], [ 77.162639357529045, 11.445814109421283 ] ] ] } },
{ "type": "Feature", "properties": { "feature_id": "bld_1125", "name": "Building 1125 (Bhavani Valley Perimeter)", "feature_type": "building", "category": "building" }, "geometry": { "type": "Polygon", "coordinates": [ [ [ 77.123954198204274, 11.467961401458696 ], [ 77.123954198204274, 11.468235493020691 ], [ 77.123680106642269, 11.468235493020691 ], [ 77.123680106642269, 11.467961401458696 ], [ 77.123954198204274, 11.467961401458696 ] ] ] } },
{ "type": "Feature", "properties": { "feature_id": "bld_1126", "name": "Building 1126 (Bhavani Valley Perimeter)", "feature_type": "building", "category": "building" }, "geometry": { "type": "Polygon", "coordinates": [ [ [ 77.170115412451409, 11.47294942597814 ], [ 77.170115412451409, 11.473135707114938 ], [ 77.169929131314618, 11.473135707114938 ], [ 77.169929131314618, 11.47294942597814 ], [ 77.170115412451409, 11.47294942597814 ] ] ] } },
{ "type": "Feature", "properties": { "feature_id": "bld_1127", "name": "Building 1127 (Bhavani Valley Perimeter)", "feature_type": "building", "category": "building" }, "geometry": { "type": "Polygon", "coordinates": [ [ [ 77.108060429533566, 11.469841657119403 ], [ 77.108060429533566, 11.470053225729334 ], [ 77.107848860923639, 11.470053225729334 ], [ 77.107848860923639, 11.469841657119403 ], [ 77.108060429533566, 11.469841657119403 ] ] ] } },
{ "type": "Feature", "properties": { "feature_id": "bld_1128", "name": "Building 1128 (Bhavani Valley Perimeter)", "feature_type": "building", "category": "building" }, "geometry": { "type": "Polygon", "coordinates": [ [ [ 77.139009330727745, 11.436459284288221 ], [ 77.139009330727745, 11.43665562499112 ], [ 77.138812990024846, 11.43665562499112 ], [ 77.138812990024846, 11.436459284288221 ], [ 77.139009330727745, 11.436459284288221 ] ] ] } },
{ "type": "Feature", "properties": { "feature_id": "bld_1129", "name": "Building 1129 (Bhavani Valley Perimeter)", "feature_type": "building", "category": "building" }, "geometry": { "type": "Polygon", "coordinates": [ [ [ 77.103127914116527, 11.478862250862237 ], [ 77.103127914116527, 11.479056326397886 ], [ 77.102933838580867, 11.479056326397886 ], [ 77.102933838580867, 11.478862250862237 ], [ 77.103127914116527, 11.478862250862237 ] ] ] } },
{ "type": "Feature", "properties": { "feature_id": "bld_1130", "name": "Building 1130 (Bhavani Valley Perimeter)", "feature_type": "building", "category": "building" }, "geometry": { "type": "Polygon", "coordinates": [ [ [ 77.150287024578958, 11.436822286715666 ], [ 77.150287024578958, 11.437075645350449 ], [ 77.150033665944179, 11.437075645350449 ], [ 77.150033665944179, 11.436822286715666 ], [ 77.150287024578958, 11.436822286715666 ] ] ] } },
{ "type": "Feature", "properties": { "feature_id": "bld_1131", "name": "Building 1131 (Bhavani Valley Perimeter)", "feature_type": "building", "category": "building" }, "geometry": { "type": "Polygon", "coordinates": [ [ [ 77.129214629391086, 11.479753791074657 ], [ 77.129214629391086, 11.480038127621107 ], [ 77.128930292844629, 11.480038127621107 ], [ 77.128930292844629, 11.479753791074657 ], [ 77.129214629391086, 11.479753791074657 ] ] ] } },
{ "type": "Feature", "properties": { "feature_id": "bld_1132", "name": "Building 1132 (Bhavani Valley Perimeter)", "feature_type": "building", "category": "building" }, "geometry": { "type": "Polygon", "coordinates": [ [ [ 77.129425886689688, 11.479898313747379 ], [ 77.129425886689688, 11.480197775821667 ], [ 77.129126424615407, 11.480197775821667 ], [ 77.129126424615407, 11.479898313747379 ], [ 77.129425886689688, 11.479898313747379 ] ] ] } },
{ "type": "Feature", "properties": { "feature_id": "bld_1133", "name": "Building 1133 (Bhavani Valley Perimeter)", "feature_type": "building", "category": "building" }, "geometry": { "type": "Polygon", "coordinates": [ [ [ 77.174384840382686, 11.477146136776234 ], [ 77.174384840382686, 11.477340997999288 ], [ 77.174189979159621, 11.477340997999288 ], [ 77.174189979159621, 11.477146136776234 ], [ 77.174384840382686, 11.477146136776234 ] ] ] } },
{ "type": "Feature", "properties": { "feature_id": "bld_1134", "name": "Building 1134 (Bhavani Valley Perimeter)", "feature_type": "building", "category": "building" }, "geometry": { "type": "Polygon", "coordinates": [ [ [ 77.151989860152767, 11.438276151442791 ], [ 77.151989860152767, 11.438449439953947 ], [ 77.151816571641618, 11.438449439953947 ], [ 77.151816571641618, 11.438276151442791 ], [ 77.151989860152767, 11.438276151442791 ] ] ] } },
{ "type": "Feature", "properties": { "feature_id": "bld_1135", "name": "Building 1135 (Bhavani Valley Perimeter)", "feature_type": "building", "category": "building" }, "geometry": { "type": "Polygon", "coordinates": [ [ [ 77.190032707956846, 11.451199589597453 ], [ 77.190032707956846, 11.451464335345138 ], [ 77.189767962209146, 11.451464335345138 ], [ 77.189767962209146, 11.451199589597453 ], [ 77.190032707956846, 11.451199589597453 ] ] ] } },
{ "type": "Feature", "properties": { "feature_id": "bld_1136", "name": "Building 1136 (Bhavani Valley Perimeter)", "feature_type": "building", "category": "building" }, "geometry": { "type": "Polygon", "coordinates": [ [ [ 77.172749688753228, 11.477751329569543 ], [ 77.172749688753228, 11.478050997531181 ], [ 77.172450020791601, 11.478050997531181 ], [ 77.172450020791601, 11.477751329569543 ], [ 77.172749688753228, 11.477751329569543 ] ] ] } },
{ "type": "Feature", "properties": { "feature_id": "bld_1137", "name": "Building 1137 (Bhavani Valley Perimeter)", "feature_type": "building", "category": "building" }, "geometry": { "type": "Polygon", "coordinates": [ [ [ 77.121843467079373, 11.436908757936726 ], [ 77.121843467079373, 11.437126324749245 ], [ 77.121625900266849, 11.437126324749245 ], [ 77.121625900266849, 11.436908757936726 ], [ 77.121843467079373, 11.436908757936726 ] ] ] } },
{ "type": "Feature", "properties": { "feature_id": "bld_1138", "name": "Building 1138 (Bhavani Valley Perimeter)", "feature_type": "building", "category": "building" }, "geometry": { "type": "Polygon", "coordinates": [ [ [ 77.111812490162507, 11.436016064580205 ], [ 77.111812490162507, 11.436226524336004 ], [ 77.111602030406701, 11.436226524336004 ], [ 77.111602030406701, 11.436016064580205 ], [ 77.111812490162507, 11.436016064580205 ] ] ] } },
{ "type": "Feature", "properties": { "feature_id": "bld_1139", "name": "Building 1139 (Bhavani Valley Perimeter)", "feature_type": "building", "category": "building" }, "geometry": { "type": "Polygon", "coordinates": [ [ [ 77.170638337056019, 11.463207140102009 ], [ 77.170638337056019, 11.463410929020499 ], [ 77.170434548137521, 11.463410929020499 ], [ 77.170434548137521, 11.463207140102009 ], [ 77.170638337056019, 11.463207140102009 ] ] ] } },
{ "type": "Feature", "properties": { "feature_id": "bld_1140", "name": "Building 1140 (Bhavani Valley Perimeter)", "feature_type": "building", "category": "building" }, "geometry": { "type": "Polygon", "coordinates": [ [ [ 77.158971787195568, 11.446519902314217 ], [ 77.158971787195568, 11.446681915716665 ], [ 77.158809773793124, 11.446681915716665 ], [ 77.158809773793124, 11.446519902314217 ], [ 77.158971787195568, 11.446519902314217 ] ] ] } },
{ "type": "Feature", "properties": { "feature_id": "bld_1141", "name": "Building 1141 (Bhavani Valley Perimeter)", "feature_type": "building", "category": "building" }, "geometry": { "type": "Polygon", "coordinates": [ [ [ 77.168925165962989, 11.466053793059485 ], [ 77.168925165962989, 11.466320515426917 ], [ 77.168658443595561, 11.466320515426917 ], [ 77.168658443595561, 11.466053793059485 ], [ 77.168925165962989, 11.466053793059485 ] ] ] } },
{ "type": "Feature", "properties": { "feature_id": "bld_1142", "name": "Building 1142 (Bhavani Valley Perimeter)", "feature_type": "building", "category": "building" }, "geometry": { "type": "Polygon", "coordinates": [ [ [ 77.103627788335885, 11.47673261455753 ], [ 77.103627788335885, 11.476979348225534 ], [ 77.103381054667878, 11.476979348225534 ], [ 77.103381054667878, 11.47673261455753 ], [ 77.103627788335885, 11.47673261455753 ] ] ] } },
{ "type": "Feature", "properties": { "feature_id": "bld_1143", "name": "Building 1143 (Bhavani Valley Perimeter)", "feature_type": "building", "category": "building" }, "geometry": { "type": "Polygon", "coordinates": [ [ [ 77.150846091891424, 11.466090192078445 ], [ 77.150846091891424, 11.466371212733007 ], [ 77.150565071236855, 11.466371212733007 ], [ 77.150565071236855, 11.466090192078445 ], [ 77.150846091891424, 11.466090192078445 ] ] ] } },
{ "type": "Feature", "properties": { "feature_id": "bld_1144", "name": "Building 1144 (Bhavani Valley Perimeter)", "feature_type": "building", "category": "building" }, "geometry": { "type": "Polygon", "coordinates": [ [ [ 77.152973633131296, 11.463898171453415 ], [ 77.152973633131296, 11.464196866535403 ], [ 77.152674938049302, 11.464196866535403 ], [ 77.152674938049302, 11.463898171453415 ], [ 77.152973633131296, 11.463898171453415 ] ] ] } },
{ "type": "Feature", "properties": { "feature_id": "bld_1145", "name": "Building 1145 (Bhavani Valley Perimeter)", "feature_type": "building", "category": "building" }, "geometry": { "type": "Polygon", "coordinates": [ [ [ 77.168235232826163, 11.456985172482554 ], [ 77.168235232826163, 11.457244208062558 ], [ 77.167976197246162, 11.457244208062558 ], [ 77.167976197246162, 11.456985172482554 ], [ 77.168235232826163, 11.456985172482554 ] ] ] } },
{ "type": "Feature", "properties": { "feature_id": "bld_1146", "name": "Building 1146 (Bhavani Valley Perimeter)", "feature_type": "building", "category": "building" }, "geometry": { "type": "Polygon", "coordinates": [ [ [ 77.135152522083644, 11.446321993492793 ], [ 77.135152522083644, 11.446565552755557 ], [ 77.134908962820873, 11.446565552755557 ], [ 77.134908962820873, 11.446321993492793 ], [ 77.135152522083644, 11.446321993492793 ] ] ] } },
{ "type": "Feature", "properties": { "feature_id": "bld_1147", "name": "Building 1147 (Bhavani Valley Perimeter)", "feature_type": "building", "category": "building" }, "geometry": { "type": "Polygon", "coordinates": [ [ [ 77.183640322199722, 11.481353042631305 ], [ 77.183640322199722, 11.481560909370241 ], [ 77.183432455460775, 11.481560909370241 ], [ 77.183432455460775, 11.481353042631305 ], [ 77.183640322199722, 11.481353042631305 ] ] ] } },
{ "type": "Feature", "properties": { "feature_id": "bld_1148", "name": "Building 1148 (Bhavani Valley Perimeter)", "feature_type": "building", "category": "building" }, "geometry": { "type": "Polygon", "coordinates": [ [ [ 77.147640666137619, 11.445432100750828 ], [ 77.147640666137619, 11.445731489106159 ], [ 77.147341277782289, 11.445731489106159 ], [ 77.147341277782289, 11.445432100750828 ], [ 77.147640666137619, 11.445432100750828 ] ] ] } },
{ "type": "Feature", "properties": { "feature_id": "bld_1149", "name": "Building 1149 (Bhavani Valley Perimeter)", "feature_type": "building", "category": "building" }, "geometry": { "type": "Polygon", "coordinates": [ [ [ 77.188436920692297, 11.467339137501193 ], [ 77.188436920692297, 11.46761175546955 ], [ 77.188164302723933, 11.46761175546955 ], [ 77.188164302723933, 11.467339137501193 ], [ 77.188436920692297, 11.467339137501193 ] ] ] } },
{ "type": "Feature", "properties": { "feature_id": "bld_1150", "name": "Building 1150 (Bhavani Valley Perimeter)", "feature_type": "building", "category": "building" }, "geometry": { "type": "Polygon", "coordinates": [ [ [ 77.164442748875317, 11.464574176592183 ], [ 77.164442748875317, 11.464741645311761 ], [ 77.164275280155735, 11.464741645311761 ], [ 77.164275280155735, 11.464574176592183 ], [ 77.164442748875317, 11.464574176592183 ] ] ] } },
{ "type": "Feature", "properties": { "feature_id": "bld_1151", "name": "Building 1151 (Bhavani Valley Perimeter)", "feature_type": "building", "category": "building" }, "geometry": { "type": "Polygon", "coordinates": [ [ [ 77.141056218042706, 11.468611887895399 ], [ 77.141056218042706, 11.468866742321342 ], [ 77.14080136361676, 11.468866742321342 ], [ 77.14080136361676, 11.468611887895399 ], [ 77.141056218042706, 11.468611887895399 ] ] ] } },
{ "type": "Feature", "properties": { "feature_id": "bld_1152", "name": "Building 1152 (Bhavani Valley Perimeter)", "feature_type": "building", "category": "building" }, "geometry": { "type": "Polygon", "coordinates": [ [ [ 77.133672750650263, 11.481992884340643 ], [ 77.133672750650263, 11.482176314325157 ], [ 77.13348932066576, 11.482176314325157 ], [ 77.13348932066576, 11.481992884340643 ], [ 77.133672750650263, 11.481992884340643 ] ] ] } },
{ "type": "Feature", "properties": { "feature_id": "bld_1153", "name": "Building 1153 (Bhavani Valley Perimeter)", "feature_type": "building", "category": "building" }, "geometry": { "type": "Polygon", "coordinates": [ [ [ 77.14516114966581, 11.469415399321127 ], [ 77.14516114966581, 11.469672998333953 ], [ 77.144903550652984, 11.469672998333953 ], [ 77.144903550652984, 11.469415399321127 ], [ 77.14516114966581, 11.469415399321127 ] ] ] } },
{ "type": "Feature", "properties": { "feature_id": "bld_1154", "name": "Building 1154 (Bhavani Valley Perimeter)", "feature_type": "building", "category": "building" }, "geometry": { "type": "Polygon", "coordinates": [ [ [ 77.158468440568996, 11.448673476212786 ], [ 77.158468440568996, 11.448855345132401 ], [ 77.158286571649384, 11.448855345132401 ], [ 77.158286571649384, 11.448673476212786 ], [ 77.158468440568996, 11.448673476212786 ] ] ] } },
{ "type": "Feature", "properties": { "feature_id": "bld_1155", "name": "Building 1155 (Bhavani Valley Perimeter)", "feature_type": "building", "category": "building" }, "geometry": { "type": "Polygon", "coordinates": [ [ [ 77.157327184335131, 11.464872550886252 ], [ 77.157327184335131, 11.465057660727691 ], [ 77.157142074493677, 11.465057660727691 ], [ 77.157142074493677, 11.464872550886252 ], [ 77.157327184335131, 11.464872550886252 ] ] ] } },
{ "type": "Feature", "properties": { "feature_id": "bld_1156", "name": "Building 1156 (Bhavani Valley Perimeter)", "feature_type": "building", "category": "building" }, "geometry": { "type": "Polygon", "coordinates": [ [ [ 77.163589266342754, 11.457631856345271 ], [ 77.163589266342754, 11.457885342828094 ], [ 77.163335779859935, 11.457885342828094 ], [ 77.163335779859935, 11.457631856345271 ], [ 77.163589266342754, 11.457631856345271 ] ] ] } },
{ "type": "Feature", "properties": { "feature_id": "bld_1157", "name": "Building 1157 (Bhavani Valley Perimeter)", "feature_type": "building", "category": "building" }, "geometry": { "type": "Polygon", "coordinates": [ [ [ 77.175444377320076, 11.443405081288086 ], [ 77.175444377320076, 11.443567761569605 ], [ 77.175281697038542, 11.443567761569605 ], [ 77.175281697038542, 11.443405081288086 ], [ 77.175444377320076, 11.443405081288086 ] ] ] } },
{ "type": "Feature", "properties": { "feature_id": "bld_1158", "name": "Building 1158 (Bhavani Valley Perimeter)", "feature_type": "building", "category": "building" }, "geometry": { "type": "Polygon", "coordinates": [ [ [ 77.170248207545498, 11.465355896487758 ], [ 77.170248207545498, 11.465613846027505 ], [ 77.16999025800574, 11.465613846027505 ], [ 77.16999025800574, 11.465355896487758 ], [ 77.170248207545498, 11.465355896487758 ] ] ] } },
{ "type": "Feature", "properties": { "feature_id": "bld_1159", "name": "Building 1159 (Bhavani Valley Perimeter)", "feature_type": "building", "category": "building" }, "geometry": { "type": "Polygon", "coordinates": [ [ [ 77.175581212159258, 11.474993282330939 ], [ 77.175581212159258, 11.47528781115151 ], [ 77.175286683338683, 11.47528781115151 ], [ 77.175286683338683, 11.474993282330939 ], [ 77.175581212159258, 11.474993282330939 ] ] ] } },
{ "type": "Feature", "properties": { "feature_id": "bld_1160", "name": "Building 1160 (Bhavani Valley Perimeter)", "feature_type": "building", "category": "building" }, "geometry": { "type": "Polygon", "coordinates": [ [ [ 77.14834228920067, 11.459316649529002 ], [ 77.14834228920067, 11.459532913736988 ], [ 77.148126024992692, 11.459532913736988 ], [ 77.148126024992692, 11.459316649529002 ], [ 77.14834228920067, 11.459316649529002 ] ] ] } },
{ "type": "Feature", "properties": { "feature_id": "bld_1161", "name": "Building 1161 (Bhavani Valley Perimeter)", "feature_type": "building", "category": "building" }, "geometry": { "type": "Polygon", "coordinates": [ [ [ 77.113931584732669, 11.463530970767399 ], [ 77.113931584732669, 11.463729752520804 ], [ 77.113732802979271, 11.463729752520804 ], [ 77.113732802979271, 11.463530970767399 ], [ 77.113931584732669, 11.463530970767399 ] ] ] } },
{ "type": "Feature", "properties": { "feature_id": "bld_1162", "name": "Building 1162 (Bhavani Valley Perimeter)", "feature_type": "building", "category": "building" }, "geometry": { "type": "Polygon", "coordinates": [ [ [ 77.183039174911798, 11.464038041401219 ], [ 77.183039174911798, 11.46428103902649 ], [ 77.182796177286534, 11.46428103902649 ], [ 77.182796177286534, 11.464038041401219 ], [ 77.183039174911798, 11.464038041401219 ] ] ] } },
{ "type": "Feature", "properties": { "feature_id": "bld_1163", "name": "Building 1163 (Bhavani Valley Perimeter)", "feature_type": "building", "category": "building" }, "geometry": { "type": "Polygon", "coordinates": [ [ [ 77.13202544154251, 11.437517245535311 ], [ 77.13202544154251, 11.437681689662462 ], [ 77.131860997415345, 11.437681689662462 ], [ 77.131860997415345, 11.437517245535311 ], [ 77.13202544154251, 11.437517245535311 ] ] ] } },
{ "type": "Feature", "properties": { "feature_id": "bld_1164", "name": "Building 1164 (Bhavani Valley Perimeter)", "feature_type": "building", "category": "building" }, "geometry": { "type": "Polygon", "coordinates": [ [ [ 77.138222642260672, 11.439105789617974 ], [ 77.138222642260672, 11.439350748191751 ], [ 77.137977683686898, 11.439350748191751 ], [ 77.137977683686898, 11.439105789617974 ], [ 77.138222642260672, 11.439105789617974 ] ] ] } },
{ "type": "Feature", "properties": { "feature_id": "bld_1165", "name": "Building 1165 (Bhavani Valley Perimeter)", "feature_type": "building", "category": "building" }, "geometry": { "type": "Polygon", "coordinates": [ [ [ 77.179413703686279, 11.479019607647228 ], [ 77.179413703686279, 11.479271874004645 ], [ 77.179161437328858, 11.479271874004645 ], [ 77.179161437328858, 11.479019607647228 ], [ 77.179413703686279, 11.479019607647228 ] ] ] } },
{ "type": "Feature", "properties": { "feature_id": "bld_1166", "name": "Building 1166 (Bhavani Valley Perimeter)", "feature_type": "building", "category": "building" }, "geometry": { "type": "Polygon", "coordinates": [ [ [ 77.119152891373034, 11.478007815027471 ], [ 77.119152891373034, 11.478291868108414 ], [ 77.118868838292087, 11.478291868108414 ], [ 77.118868838292087, 11.478007815027471 ], [ 77.119152891373034, 11.478007815027471 ] ] ] } },
{ "type": "Feature", "properties": { "feature_id": "bld_1167", "name": "Building 1167 (Bhavani Valley Perimeter)", "feature_type": "building", "category": "building" }, "geometry": { "type": "Polygon", "coordinates": [ [ [ 77.117798879014188, 11.47177124792011 ], [ 77.117798879014188, 11.471971360656958 ], [ 77.117598766277339, 11.471971360656958 ], [ 77.117598766277339, 11.47177124792011 ], [ 77.117798879014188, 11.47177124792011 ] ] ] } },
{ "type": "Feature", "properties": { "feature_id": "bld_1168", "name": "Building 1168 (Bhavani Valley Perimeter)", "feature_type": "building", "category": "building" }, "geometry": { "type": "Polygon", "coordinates": [ [ [ 77.172319729932127, 11.484779793174805 ], [ 77.172319729932127, 11.484943996815552 ], [ 77.172155526291391, 11.484943996815552 ], [ 77.172155526291391, 11.484779793174805 ], [ 77.172319729932127, 11.484779793174805 ] ] ] } },
{ "type": "Feature", "properties": { "feature_id": "bld_1169", "name": "Building 1169 (Bhavani Valley Perimeter)", "feature_type": "building", "category": "building" }, "geometry": { "type": "Polygon", "coordinates": [ [ [ 77.180911064704517, 11.465983389896591 ], [ 77.180911064704517, 11.466279663463274 ], [ 77.180614791137842, 11.466279663463274 ], [ 77.180614791137842, 11.465983389896591 ], [ 77.180911064704517, 11.465983389896591 ] ] ] } },
{ "type": "Feature", "properties": { "feature_id": "bld_1170", "name": "Building 1170 (Bhavani Valley Perimeter)", "feature_type": "building", "category": "building" }, "geometry": { "type": "Polygon", "coordinates": [ [ [ 77.141935224162182, 11.477285028943767 ], [ 77.141935224162182, 11.477453764113369 ], [ 77.141766488992573, 11.477453764113369 ], [ 77.141766488992573, 11.477285028943767 ], [ 77.141935224162182, 11.477285028943767 ] ] ] } },
{ "type": "Feature", "properties": { "feature_id": "bld_1171", "name": "Building 1171 (Bhavani Valley Perimeter)", "feature_type": "building", "category": "building" }, "geometry": { "type": "Polygon", "coordinates": [ [ [ 77.130323388526378, 11.438202552868217 ], [ 77.130323388526378, 11.438499100906904 ], [ 77.130026840487702, 11.438499100906904 ], [ 77.130026840487702, 11.438202552868217 ], [ 77.130323388526378, 11.438202552868217 ] ] ] } },
{ "type": "Feature", "properties": { "feature_id": "bld_1172", "name": "Building 1172 (Bhavani Valley Perimeter)", "feature_type": "building", "category": "building" }, "geometry": { "type": "Polygon", "coordinates": [ [ [ 77.173673309220661, 11.477481713496097 ], [ 77.173673309220661, 11.477773028628498 ], [ 77.173381994088274, 11.477773028628498 ], [ 77.173381994088274, 11.477481713496097 ], [ 77.173673309220661, 11.477481713496097 ] ] ] } },
{ "type": "Feature", "properties": { "feature_id": "bld_1173", "name": "Building 1173 (Bhavani Valley Perimeter)", "feature_type": "building", "category": "building" }, "geometry": { "type": "Polygon", "coordinates": [ [ [ 77.107744286193011, 11.454194907183433 ], [ 77.107744286193011, 11.454364852067899 ], [ 77.107574341308535, 11.454364852067899 ], [ 77.107574341308535, 11.454194907183433 ], [ 77.107744286193011, 11.454194907183433 ] ] ] } },
{ "type": "Feature", "properties": { "feature_id": "bld_1174", "name": "Building 1174 (Bhavani Valley Perimeter)", "feature_type": "building", "category": "building" }, "geometry": { "type": "Polygon", "coordinates": [ [ [ 77.119084216644268, 11.446355451347111 ], [ 77.119084216644268, 11.446581126356657 ], [ 77.118858541634722, 11.446581126356657 ], [ 77.118858541634722, 11.446355451347111 ], [ 77.119084216644268, 11.446355451347111 ] ] ] } },
{ "type": "Feature", "properties": { "feature_id": "bld_1175", "name": "Building 1175 (Bhavani Valley Perimeter)", "feature_type": "building", "category": "building" }, "geometry": { "type": "Polygon", "coordinates": [ [ [ 77.124262319447055, 11.439957180964651 ], [ 77.124262319447055, 11.440140629717124 ], [ 77.124078870694589, 11.440140629717124 ], [ 77.124078870694589, 11.439957180964651 ], [ 77.124262319447055, 11.439957180964651 ] ] ] } },
{ "type": "Feature", "properties": { "feature_id": "bld_1176", "name": "Building 1176 (Bhavani Valley Perimeter)", "feature_type": "building", "category": "building" }, "geometry": { "type": "Polygon", "coordinates": [ [ [ 77.113387951195165, 11.48352068942013 ], [ 77.113387951195165, 11.483786990371099 ], [ 77.11312165024421, 11.483786990371099 ], [ 77.11312165024421, 11.48352068942013 ], [ 77.113387951195165, 11.48352068942013 ] ] ] } },
{ "type": "Feature", "properties": { "feature_id": "bld_1177", "name": "Building 1177 (Bhavani Valley Perimeter)", "feature_type": "building", "category": "building" }, "geometry": { "type": "Polygon", "coordinates": [ [ [ 77.187198017667967, 11.456887538531678 ], [ 77.187198017667967, 11.457086510119112 ], [ 77.186999046080544, 11.457086510119112 ], [ 77.186999046080544, 11.456887538531678 ], [ 77.187198017667967, 11.456887538531678 ] ] ] } },
{ "type": "Feature", "properties": { "feature_id": "bld_1178", "name": "Building 1178 (Bhavani Valley Perimeter)", "feature_type": "building", "category": "building" }, "geometry": { "type": "Polygon", "coordinates": [ [ [ 77.171947344584993, 11.451211739065899 ], [ 77.171947344584993, 11.451413652738216 ], [ 77.171745430912665, 11.451413652738216 ], [ 77.171745430912665, 11.451211739065899 ], [ 77.171947344584993, 11.451211739065899 ] ] ] } },
{ "type": "Feature", "properties": { "feature_id": "bld_1179", "name": "Building 1179 (Bhavani Valley Perimeter)", "feature_type": "building", "category": "building" }, "geometry": { "type": "Polygon", "coordinates": [ [ [ 77.121023491712961, 11.441385996496942 ], [ 77.121023491712961, 11.441581901325483 ], [ 77.120827586884431, 11.441581901325483 ], [ 77.120827586884431, 11.441385996496942 ], [ 77.121023491712961, 11.441385996496942 ] ] ] } },
{ "type": "Feature", "properties": { "feature_id": "bld_1180", "name": "Building 1180 (Bhavani Valley Perimeter)", "feature_type": "building", "category": "building" }, "geometry": { "type": "Polygon", "coordinates": [ [ [ 77.132063156901609, 11.46861533086833 ], [ 77.132063156901609, 11.468784089946242 ], [ 77.131894397823686, 11.468784089946242 ], [ 77.131894397823686, 11.46861533086833 ], [ 77.132063156901609, 11.46861533086833 ] ] ] } },
{ "type": "Feature", "properties": { "feature_id": "bld_1181", "name": "Building 1181 (Bhavani Valley Perimeter)", "feature_type": "building", "category": "building" }, "geometry": { "type": "Polygon", "coordinates": [ [ [ 77.119035909104525, 11.475360897479932 ], [ 77.119035909104525, 11.475541466549233 ], [ 77.118855340035225, 11.475541466549233 ], [ 77.118855340035225, 11.475360897479932 ], [ 77.119035909104525, 11.475360897479932 ] ] ] } },
{ "type": "Feature", "properties": { "feature_id": "bld_1182", "name": "Building 1182 (Bhavani Valley Perimeter)", "feature_type": "building", "category": "building" }, "geometry": { "type": "Polygon", "coordinates": [ [ [ 77.130928907958804, 11.478142101321128 ], [ 77.130928907958804, 11.478323790864687 ], [ 77.130747218415252, 11.478323790864687 ], [ 77.130747218415252, 11.478142101321128 ], [ 77.130928907958804, 11.478142101321128 ] ] ] } },
{ "type": "Feature", "properties": { "feature_id": "bld_1183", "name": "Building 1183 (Bhavani Valley Perimeter)", "feature_type": "building", "category": "building" }, "geometry": { "type": "Polygon", "coordinates": [ [ [ 77.107547484571427, 11.459125730388211 ], [ 77.107547484571427, 11.45932806911979 ], [ 77.107345145839844, 11.45932806911979 ], [ 77.107345145839844, 11.459125730388211 ], [ 77.107547484571427, 11.459125730388211 ] ] ] } },
{ "type": "Feature", "properties": { "feature_id": "bld_1184", "name": "Building 1184 (Bhavani Valley Perimeter)", "feature_type": "building", "category": "building" }, "geometry": { "type": "Polygon", "coordinates": [ [ [ 77.15079635319772, 11.475100644130002 ], [ 77.15079635319772, 11.475279844918344 ], [ 77.150617152409367, 11.475279844918344 ], [ 77.150617152409367, 11.475100644130002 ], [ 77.15079635319772, 11.475100644130002 ] ] ] } },
{ "type": "Feature", "properties": { "feature_id": "bld_1185", "name": "Building 1185 (Bhavani Valley Perimeter)", "feature_type": "building", "category": "building" }, "geometry": { "type": "Polygon", "coordinates": [ [ [ 77.152353003124915, 11.460185352504473 ], [ 77.152353003124915, 11.460365523534515 ], [ 77.152172832094863, 11.460365523534515 ], [ 77.152172832094863, 11.460185352504473 ], [ 77.152353003124915, 11.460185352504473 ] ] ] } },
{ "type": "Feature", "properties": { "feature_id": "bld_1186", "name": "Building 1186 (Bhavani Valley Perimeter)", "feature_type": "building", "category": "building" }, "geometry": { "type": "Polygon", "coordinates": [ [ [ 77.156274012099914, 11.44856787249074 ], [ 77.156274012099914, 11.448796169295337 ], [ 77.156045715295306, 11.448796169295337 ], [ 77.156045715295306, 11.44856787249074 ], [ 77.156274012099914, 11.44856787249074 ] ] ] } },
{ "type": "Feature", "properties": { "feature_id": "bld_1187", "name": "Building 1187 (Bhavani Valley Perimeter)", "feature_type": "building", "category": "building" }, "geometry": { "type": "Polygon", "coordinates": [ [ [ 77.107505961627695, 11.457877750417918 ], [ 77.107505961627695, 11.458080655303444 ], [ 77.107303056742168, 11.458080655303444 ], [ 77.107303056742168, 11.457877750417918 ], [ 77.107505961627695, 11.457877750417918 ] ] ] } },
{ "type": "Feature", "properties": { "feature_id": "bld_1188", "name": "Building 1188 (Bhavani Valley Perimeter)", "feature_type": "building", "category": "building" }, "geometry": { "type": "Polygon", "coordinates": [ [ [ 77.174123611515924, 11.437739633840625 ], [ 77.174123611515924, 11.437958238859114 ], [ 77.173905006497435, 11.437958238859114 ], [ 77.173905006497435, 11.437739633840625 ], [ 77.174123611515924, 11.437739633840625 ] ] ] } },
{ "type": "Feature", "properties": { "feature_id": "bld_1189", "name": "Building 1189 (Bhavani Valley Perimeter)", "feature_type": "building", "category": "building" }, "geometry": { "type": "Polygon", "coordinates": [ [ [ 77.141379028302083, 11.471130103684699 ], [ 77.141379028302083, 11.471370503945211 ], [ 77.141138628041574, 11.471370503945211 ], [ 77.141138628041574, 11.471130103684699 ], [ 77.141379028302083, 11.471130103684699 ] ] ] } },
{ "type": "Feature", "properties": { "feature_id": "bld_1190", "name": "Building 1190 (Bhavani Valley Perimeter)", "feature_type": "building", "category": "building" }, "geometry": { "type": "Polygon", "coordinates": [ [ [ 77.160189464555629, 11.473712110074432 ], [ 77.160189464555629, 11.473992818490744 ], [ 77.159908756139316, 11.473992818490744 ], [ 77.159908756139316, 11.473712110074432 ], [ 77.160189464555629, 11.473712110074432 ] ] ] } },
{ "type": "Feature", "properties": { "feature_id": "bld_1191", "name": "Building 1191 (Bhavani Valley Perimeter)", "feature_type": "building", "category": "building" }, "geometry": { "type": "Polygon", "coordinates": [ [ [ 77.128387602270507, 11.461762327702704 ], [ 77.128387602270507, 11.462039942833687 ], [ 77.128109987139524, 11.462039942833687 ], [ 77.128109987139524, 11.461762327702704 ], [ 77.128387602270507, 11.461762327702704 ] ] ] } },
{ "type": "Feature", "properties": { "feature_id": "bld_1192", "name": "Building 1192 (Bhavani Valley Perimeter)", "feature_type": "building", "category": "building" }, "geometry": { "type": "Polygon", "coordinates": [ [ [ 77.189156604495224, 11.479369962843805 ], [ 77.189156604495224, 11.479581968260572 ], [ 77.188944599078468, 11.479581968260572 ], [ 77.188944599078468, 11.479369962843805 ], [ 77.189156604495224, 11.479369962843805 ] ] ] } },
{ "type": "Feature", "properties": { "feature_id": "bld_1193", "name": "Building 1193 (Bhavani Valley Perimeter)", "feature_type": "building", "category": "building" }, "geometry": { "type": "Polygon", "coordinates": [ [ [ 77.117696901451296, 11.459337711968702 ], [ 77.117696901451296, 11.459601541771958 ], [ 77.117433071648037, 11.459601541771958 ], [ 77.117433071648037, 11.459337711968702 ], [ 77.117696901451296, 11.459337711968702 ] ] ] } },
{ "type": "Feature", "properties": { "feature_id": "bld_1194", "name": "Building 1194 (Bhavani Valley Perimeter)", "feature_type": "building", "category": "building" }, "geometry": { "type": "Polygon", "coordinates": [ [ [ 77.14446989249727, 11.459020367036208 ], [ 77.14446989249727, 11.45929771929516 ], [ 77.144192540238308, 11.45929771929516 ], [ 77.144192540238308, 11.459020367036208 ], [ 77.14446989249727, 11.459020367036208 ] ] ] } },
{ "type": "Feature", "properties": { "feature_id": "bld_1195", "name": "Building 1195 (Bhavani Valley Perimeter)", "feature_type": "building", "category": "building" }, "geometry": { "type": "Polygon", "coordinates": [ [ [ 77.132634816452111, 11.477881257404515 ], [ 77.132634816452111, 11.478098210076649 ], [ 77.132417863779978, 11.478098210076649 ], [ 77.132417863779978, 11.477881257404515 ], [ 77.132634816452111, 11.477881257404515 ] ] ] } },
{ "type": "Feature", "properties": { "feature_id": "bld_1196", "name": "Building 1196 (Bhavani Valley Perimeter)", "feature_type": "building", "category": "building" }, "geometry": { "type": "Polygon", "coordinates": [ [ [ 77.129674350798155, 11.457566124272878 ], [ 77.129674350798155, 11.457832866847093 ], [ 77.129407608223943, 11.457832866847093 ], [ 77.129407608223943, 11.457566124272878 ], [ 77.129674350798155, 11.457566124272878 ] ] ] } },
{ "type": "Feature", "properties": { "feature_id": "bld_1197", "name": "Building 1197 (Bhavani Valley Perimeter)", "feature_type": "building", "category": "building" }, "geometry": { "type": "Polygon", "coordinates": [ [ [ 77.11148678364556, 11.444674359655805 ], [ 77.11148678364556, 11.444967561931398 ], [ 77.11119358136996, 11.444967561931398 ], [ 77.11119358136996, 11.444674359655805 ], [ 77.11148678364556, 11.444674359655805 ] ] ] } },
{ "type": "Feature", "properties": { "feature_id": "bld_1198", "name": "Building 1198 (Bhavani Valley Perimeter)", "feature_type": "building", "category": "building" }, "geometry": { "type": "Polygon", "coordinates": [ [ [ 77.115914798476979, 11.463265813883886 ], [ 77.115914798476979, 11.463506917909218 ], [ 77.115673694451658, 11.463506917909218 ], [ 77.115673694451658, 11.463265813883886 ], [ 77.115914798476979, 11.463265813883886 ] ] ] } },
{ "type": "Feature", "properties": { "feature_id": "bld_1199", "name": "Building 1199 (Bhavani Valley Perimeter)", "feature_type": "building", "category": "building" }, "geometry": { "type": "Polygon", "coordinates": [ [ [ 77.144162289455323, 11.467141174558035 ], [ 77.144162289455323, 11.467333350299645 ], [ 77.143970113713721, 11.467333350299645 ], [ 77.143970113713721, 11.467141174558035 ], [ 77.144162289455323, 11.467141174558035 ] ] ] } },
{ "type": "Feature", "properties": { "feature_id": "bld_1200", "name": "Building 1200 (Bhavani Valley Perimeter)", "feature_type": "building", "category": "building" }, "geometry": { "type": "Polygon", "coordinates": [ [ [ 77.149865920808082, 11.453482346054171 ], [ 77.149865920808082, 11.45373497947052 ], [ 77.14961328739173, 11.45373497947052 ], [ 77.14961328739173, 11.453482346054171 ], [ 77.149865920808082, 11.453482346054171 ] ] ] } },
{ "type": "Feature", "properties": { "feature_id": "bld_1201", "name": "Building 1201 (Bhavani Valley Perimeter)", "feature_type": "building", "category": "building" }, "geometry": { "type": "Polygon", "coordinates": [ [ [ 77.112803087828453, 11.463450901917097 ], [ 77.112803087828453, 11.463636839766851 ], [ 77.112617149978703, 11.463636839766851 ], [ 77.112617149978703, 11.463450901917097 ], [ 77.112803087828453, 11.463450901917097 ] ] ] } },
{ "type": "Feature", "properties": { "feature_id": "bld_1202", "name": "Building 1202 (Bhavani Valley Perimeter)", "feature_type": "building", "category": "building" }, "geometry": { "type": "Polygon", "coordinates": [ [ [ 77.125170674324934, 11.445842691371588 ], [ 77.125170674324934, 11.44602828866077 ], [ 77.12498507703576, 11.44602828866077 ], [ 77.12498507703576, 11.445842691371588 ], [ 77.125170674324934, 11.445842691371588 ] ] ] } },
{ "type": "Feature", "properties": { "feature_id": "bld_1203", "name": "Building 1203 (Bhavani Valley Perimeter)", "feature_type": "building", "category": "building" }, "geometry": { "type": "Polygon", "coordinates": [ [ [ 77.174458884305182, 11.449140479718315 ], [ 77.174458884305182, 11.449430277047776 ], [ 77.174169086975724, 11.449430277047776 ], [ 77.174169086975724, 11.449140479718315 ], [ 77.174458884305182, 11.449140479718315 ] ] ] } },
{ "type": "Feature", "properties": { "feature_id": "bld_1204", "name": "Building 1204 (Bhavani Valley Perimeter)", "feature_type": "building", "category": "building" }, "geometry": { "type": "Polygon", "coordinates": [ [ [ 77.187383397359639, 11.463473013418268 ], [ 77.187383397359639, 11.463653033575442 ], [ 77.187203377202479, 11.463653033575442 ], [ 77.187203377202479, 11.463473013418268 ], [ 77.187383397359639, 11.463473013418268 ] ] ] } },
{ "type": "Feature", "properties": { "feature_id": "bld_1205", "name": "Building 1205 (Bhavani Valley Perimeter)", "feature_type": "building", "category": "building" }, "geometry": { "type": "Polygon", "coordinates": [ [ [ 77.133815059255156, 11.474780895816401 ], [ 77.133815059255156, 11.474992330518418 ], [ 77.133603624553146, 11.474992330518418 ], [ 77.133603624553146, 11.474780895816401 ], [ 77.133815059255156, 11.474780895816401 ] ] ] } },
{ "type": "Feature", "properties": { "feature_id": "bld_1206", "name": "Building 1206 (Bhavani Valley Perimeter)", "feature_type": "building", "category": "building" }, "geometry": { "type": "Polygon", "coordinates": [ [ [ 77.107970708106848, 11.462700087086803 ], [ 77.107970708106848, 11.462978404006014 ], [ 77.107692391187641, 11.462978404006014 ], [ 77.107692391187641, 11.462700087086803 ], [ 77.107970708106848, 11.462700087086803 ] ] ] } },
{ "type": "Feature", "properties": { "feature_id": "bld_1207", "name": "Building 1207 (Bhavani Valley Perimeter)", "feature_type": "building", "category": "building" }, "geometry": { "type": "Polygon", "coordinates": [ [ [ 77.171760468365918, 11.44362906348351 ], [ 77.171760468365918, 11.443883250529527 ], [ 77.171506281319907, 11.443883250529527 ], [ 77.171506281319907, 11.44362906348351 ], [ 77.171760468365918, 11.44362906348351 ] ] ] } },
{ "type": "Feature", "properties": { "feature_id": "bld_1208", "name": "Building 1208 (Bhavani Valley Perimeter)", "feature_type": "building", "category": "building" }, "geometry": { "type": "Polygon", "coordinates": [ [ [ 77.119986568733339, 11.445769191703477 ], [ 77.119986568733339, 11.446051561751741 ], [ 77.119704198685071, 11.446051561751741 ], [ 77.119704198685071, 11.445769191703477 ], [ 77.119986568733339, 11.445769191703477 ] ] ] } },
{ "type": "Feature", "properties": { "feature_id": "bld_1209", "name": "Building 1209 (Bhavani Valley Perimeter)", "feature_type": "building", "category": "building" }, "geometry": { "type": "Polygon", "coordinates": [ [ [ 77.122550251483958, 11.448082321588547 ], [ 77.122550251483958, 11.448242413063255 ], [ 77.12239016000926, 11.448242413063255 ], [ 77.12239016000926, 11.448082321588547 ], [ 77.122550251483958, 11.448082321588547 ] ] ] } },
{ "type": "Feature", "properties": { "feature_id": "bld_1210", "name": "Building 1210 (Bhavani Valley Perimeter)", "feature_type": "building", "category": "building" }, "geometry": { "type": "Polygon", "coordinates": [ [ [ 77.178484126096762, 11.474505827634999 ], [ 77.178484126096762, 11.474753653685912 ], [ 77.178236300045839, 11.474753653685912 ], [ 77.178236300045839, 11.474505827634999 ], [ 77.178484126096762, 11.474505827634999 ] ] ] } },
{ "type": "Feature", "properties": { "feature_id": "bld_1211", "name": "Building 1211 (Bhavani Valley Perimeter)", "feature_type": "building", "category": "building" }, "geometry": { "type": "Polygon", "coordinates": [ [ [ 77.167636001406123, 11.442490345719605 ], [ 77.167636001406123, 11.442714511022846 ], [ 77.167411836102872, 11.442714511022846 ], [ 77.167411836102872, 11.442490345719605 ], [ 77.167636001406123, 11.442490345719605 ] ] ] } },
{ "type": "Feature", "properties": { "feature_id": "bld_1212", "name": "Building 1212 (Bhavani Valley Perimeter)", "feature_type": "building", "category": "building" }, "geometry": { "type": "Polygon", "coordinates": [ [ [ 77.131723773995347, 11.439574797178887 ], [ 77.131723773995347, 11.439802855446816 ], [ 77.131495715727411, 11.439802855446816 ], [ 77.131495715727411, 11.439574797178887 ], [ 77.131723773995347, 11.439574797178887 ] ] ] } },
{ "type": "Feature", "properties": { "feature_id": "bld_1213", "name": "Building 1213 (Bhavani Valley Perimeter)", "feature_type": "building", "category": "building" }, "geometry": { "type": "Polygon", "coordinates": [ [ [ 77.18296697079478, 11.43690255368859 ], [ 77.18296697079478, 11.437103358216479 ], [ 77.182766166266902, 11.437103358216479 ], [ 77.182766166266902, 11.43690255368859 ], [ 77.18296697079478, 11.43690255368859 ] ] ] } },
{ "type": "Feature", "properties": { "feature_id": "bld_1214", "name": "Building 1214 (Bhavani Valley Perimeter)", "feature_type": "building", "category": "building" }, "geometry": { "type": "Polygon", "coordinates": [ [ [ 77.118822274677143, 11.446763742264654 ], [ 77.118822274677143, 11.447050923101916 ], [ 77.118535093839881, 11.447050923101916 ], [ 77.118535093839881, 11.446763742264654 ], [ 77.118822274677143, 11.446763742264654 ] ] ] } },
{ "type": "Feature", "properties": { "feature_id": "bld_1215", "name": "Building 1215 (Bhavani Valley Perimeter)", "feature_type": "building", "category": "building" }, "geometry": { "type": "Polygon", "coordinates": [ [ [ 77.14225945517606, 11.45818173035202 ], [ 77.14225945517606, 11.458448210941963 ], [ 77.141992974586117, 11.458448210941963 ], [ 77.141992974586117, 11.45818173035202 ], [ 77.14225945517606, 11.45818173035202 ] ] ] } },
{ "type": "Feature", "properties": { "feature_id": "bld_1216", "name": "Building 1216 (Bhavani Valley Perimeter)", "feature_type": "building", "category": "building" }, "geometry": { "type": "Polygon", "coordinates": [ [ [ 77.11401439732542, 11.459253168740014 ], [ 77.11401439732542, 11.459473366669991 ], [ 77.113794199395457, 11.459473366669991 ], [ 77.113794199395457, 11.459253168740014 ], [ 77.11401439732542, 11.459253168740014 ] ] ] } },
{ "type": "Feature", "properties": { "feature_id": "bld_1217", "name": "Building 1217 (Bhavani Valley Perimeter)", "feature_type": "building", "category": "building" }, "geometry": { "type": "Polygon", "coordinates": [ [ [ 77.153855823571774, 11.484844023739935 ], [ 77.153855823571774, 11.485111746585108 ], [ 77.153588100726608, 11.485111746585108 ], [ 77.153588100726608, 11.484844023739935 ], [ 77.153855823571774, 11.484844023739935 ] ] ] } },
{ "type": "Feature", "properties": { "feature_id": "bld_1218", "name": "Building 1218 (Bhavani Valley Perimeter)", "feature_type": "building", "category": "building" }, "geometry": { "type": "Polygon", "coordinates": [ [ [ 77.135899862856988, 11.476285703028269 ], [ 77.135899862856988, 11.476469602199133 ], [ 77.135715963686138, 11.476469602199133 ], [ 77.135715963686138, 11.476285703028269 ], [ 77.135899862856988, 11.476285703028269 ] ] ] } },
{ "type": "Feature", "properties": { "feature_id": "bld_1219", "name": "Building 1219 (Bhavani Valley Perimeter)", "feature_type": "building", "category": "building" }, "geometry": { "type": "Polygon", "coordinates": [ [ [ 77.102845560576739, 11.445118589814285 ], [ 77.102845560576739, 11.445326247432142 ], [ 77.102637902958875, 11.445326247432142 ], [ 77.102637902958875, 11.445118589814285 ], [ 77.102845560576739, 11.445118589814285 ] ] ] } },
{ "type": "Feature", "properties": { "feature_id": "bld_1220", "name": "Building 1220 (Bhavani Valley Perimeter)", "feature_type": "building", "category": "building" }, "geometry": { "type": "Polygon", "coordinates": [ [ [ 77.146096010571569, 11.465612714626856 ], [ 77.146096010571569, 11.465900199427265 ], [ 77.145808525771145, 11.465900199427265 ], [ 77.145808525771145, 11.465612714626856 ], [ 77.146096010571569, 11.465612714626856 ] ] ] } },
{ "type": "Feature", "properties": { "feature_id": "bld_1221", "name": "Building 1221 (Bhavani Valley Perimeter)", "feature_type": "building", "category": "building" }, "geometry": { "type": "Polygon", "coordinates": [ [ [ 77.145970377870228, 11.459980265220599 ], [ 77.145970377870228, 11.460147299241973 ], [ 77.14580334384884, 11.460147299241973 ], [ 77.14580334384884, 11.459980265220599 ], [ 77.145970377870228, 11.459980265220599 ] ] ] } },
{ "type": "Feature", "properties": { "feature_id": "bld_1222", "name": "Building 1222 (Bhavani Valley Perimeter)", "feature_type": "building", "category": "building" }, "geometry": { "type": "Polygon", "coordinates": [ [ [ 77.103252712241982, 11.46244732559289 ], [ 77.103252712241982, 11.462668670598745 ], [ 77.103031367236127, 11.462668670598745 ], [ 77.103031367236127, 11.46244732559289 ], [ 77.103252712241982, 11.46244732559289 ] ] ] } },
{ "type": "Feature", "properties": { "feature_id": "bld_1223", "name": "Building 1223 (Bhavani Valley Perimeter)", "feature_type": "building", "category": "building" }, "geometry": { "type": "Polygon", "coordinates": [ [ [ 77.175607983564561, 11.442952231219243 ], [ 77.175607983564561, 11.443115727251941 ], [ 77.175444487531877, 11.443115727251941 ], [ 77.175444487531877, 11.442952231219243 ], [ 77.175607983564561, 11.442952231219243 ] ] ] } },
{ "type": "Feature", "properties": { "feature_id": "bld_1224", "name": "Building 1224 (Bhavani Valley Perimeter)", "feature_type": "building", "category": "building" }, "geometry": { "type": "Polygon", "coordinates": [ [ [ 77.14049696211984, 11.446790454831479 ], [ 77.14049696211984, 11.446957400843747 ], [ 77.140330016107583, 11.446957400843747 ], [ 77.140330016107583, 11.446790454831479 ], [ 77.14049696211984, 11.446790454831479 ] ] ] } },
{ "type": "Feature", "properties": { "feature_id": "bld_1225", "name": "Building 1225 (Bhavani Valley Perimeter)", "feature_type": "building", "category": "building" }, "geometry": { "type": "Polygon", "coordinates": [ [ [ 77.165336428181277, 11.440457067632863 ], [ 77.165336428181277, 11.440702232362863 ], [ 77.165091263451288, 11.440702232362863 ], [ 77.165091263451288, 11.440457067632863 ], [ 77.165336428181277, 11.440457067632863 ] ] ] } },
{ "type": "Feature", "properties": { "feature_id": "bld_1226", "name": "Building 1226 (Bhavani Valley Perimeter)", "feature_type": "building", "category": "building" }, "geometry": { "type": "Polygon", "coordinates": [ [ [ 77.125401060121618, 11.443568219911148 ], [ 77.125401060121618, 11.443781385124355 ], [ 77.125187894908407, 11.443781385124355 ], [ 77.125187894908407, 11.443568219911148 ], [ 77.125401060121618, 11.443568219911148 ] ] ] } },
{ "type": "Feature", "properties": { "feature_id": "bld_1227", "name": "Building 1227 (Bhavani Valley Perimeter)", "feature_type": "building", "category": "building" }, "geometry": { "type": "Polygon", "coordinates": [ [ [ 77.172262673735503, 11.454472124969785 ], [ 77.172262673735503, 11.454737232720673 ], [ 77.171997565984611, 11.454737232720673 ], [ 77.171997565984611, 11.454472124969785 ], [ 77.172262673735503, 11.454472124969785 ] ] ] } },
{ "type": "Feature", "properties": { "feature_id": "bld_1228", "name": "Building 1228 (Bhavani Valley Perimeter)", "feature_type": "building", "category": "building" }, "geometry": { "type": "Polygon", "coordinates": [ [ [ 77.111390352044666, 11.47354198565051 ], [ 77.111390352044666, 11.473735156315996 ], [ 77.111197181379183, 11.473735156315996 ], [ 77.111197181379183, 11.47354198565051 ], [ 77.111390352044666, 11.47354198565051 ] ] ] } },
{ "type": "Feature", "properties": { "feature_id": "bld_1229", "name": "Building 1229 (Bhavani Valley Perimeter)", "feature_type": "building", "category": "building" }, "geometry": { "type": "Polygon", "coordinates": [ [ [ 77.161110421820197, 11.463144037611844 ], [ 77.161110421820197, 11.463434117872254 ], [ 77.160820341559784, 11.463434117872254 ], [ 77.160820341559784, 11.463144037611844 ], [ 77.161110421820197, 11.463144037611844 ] ] ] } },
{ "type": "Feature", "properties": { "feature_id": "bld_1230", "name": "Building 1230 (Bhavani Valley Perimeter)", "feature_type": "building", "category": "building" }, "geometry": { "type": "Polygon", "coordinates": [ [ [ 77.13494036750177, 11.438226918557733 ], [ 77.13494036750177, 11.438389600325712 ], [ 77.134777685733781, 11.438389600325712 ], [ 77.134777685733781, 11.438226918557733 ], [ 77.13494036750177, 11.438226918557733 ] ] ] } },
{ "type": "Feature", "properties": { "feature_id": "bld_1231", "name": "Building 1231 (Bhavani Valley Perimeter)", "feature_type": "building", "category": "building" }, "geometry": { "type": "Polygon", "coordinates": [ [ [ 77.174551537571162, 11.461102514799443 ], [ 77.174551537571162, 11.461371048966701 ], [ 77.174283003403914, 11.461371048966701 ], [ 77.174283003403914, 11.461102514799443 ], [ 77.174551537571162, 11.461102514799443 ] ] ] } },
{ "type": "Feature", "properties": { "feature_id": "bld_1232", "name": "Building 1232 (Bhavani Valley Perimeter)", "feature_type": "building", "category": "building" }, "geometry": { "type": "Polygon", "coordinates": [ [ [ 77.121180411272093, 11.452172080004607 ], [ 77.121180411272093, 11.452336294546717 ], [ 77.121016196729983, 11.452336294546717 ], [ 77.121016196729983, 11.452172080004607 ], [ 77.121180411272093, 11.452172080004607 ] ] ] } },
{ "type": "Feature", "properties": { "feature_id": "bld_1233", "name": "Building 1233 (Bhavani Valley Perimeter)", "feature_type": "building", "category": "building" }, "geometry": { "type": "Polygon", "coordinates": [ [ [ 77.186679633567806, 11.468248070978897 ], [ 77.186679633567806, 11.468538719691184 ], [ 77.186388984855526, 11.468538719691184 ], [ 77.186388984855526, 11.468248070978897 ], [ 77.186679633567806, 11.468248070978897 ] ] ] } },
{ "type": "Feature", "properties": { "feature_id": "bld_1234", "name": "Building 1234 (Bhavani Valley Perimeter)", "feature_type": "building", "category": "building" }, "geometry": { "type": "Polygon", "coordinates": [ [ [ 77.124022171666397, 11.465445685563502 ], [ 77.124022171666397, 11.465700675559063 ], [ 77.123767181670829, 11.465700675559063 ], [ 77.123767181670829, 11.465445685563502 ], [ 77.124022171666397, 11.465445685563502 ] ] ] } },
{ "type": "Feature", "properties": { "feature_id": "bld_1235", "name": "Building 1235 (Bhavani Valley Perimeter)", "feature_type": "building", "category": "building" }, "geometry": { "type": "Polygon", "coordinates": [ [ [ 77.128725774325588, 11.477259160448378 ], [ 77.128725774325588, 11.477551763053183 ], [ 77.128433171720772, 11.477551763053183 ], [ 77.128433171720772, 11.477259160448378 ], [ 77.128725774325588, 11.477259160448378 ] ] ] } },
{ "type": "Feature", "properties": { "feature_id": "bld_1236", "name": "Building 1236 (Bhavani Valley Perimeter)", "feature_type": "building", "category": "building" }, "geometry": { "type": "Polygon", "coordinates": [ [ [ 77.179736383120215, 11.471853926269388 ], [ 77.179736383120215, 11.472052771324551 ], [ 77.179537538065048, 11.472052771324551 ], [ 77.179537538065048, 11.471853926269388 ], [ 77.179736383120215, 11.471853926269388 ] ] ] } },
{ "type": "Feature", "properties": { "feature_id": "bld_1237", "name": "Building 1237 (Bhavani Valley Perimeter)", "feature_type": "building", "category": "building" }, "geometry": { "type": "Polygon", "coordinates": [ [ [ 77.125426163704219, 11.483087296107586 ], [ 77.125426163704219, 11.483248735937016 ], [ 77.125264723874778, 11.483248735937016 ], [ 77.125264723874778, 11.483087296107586 ], [ 77.125426163704219, 11.483087296107586 ] ] ] } },
{ "type": "Feature", "properties": { "feature_id": "bld_1238", "name": "Building 1238 (Bhavani Valley Perimeter)", "feature_type": "building", "category": "building" }, "geometry": { "type": "Polygon", "coordinates": [ [ [ 77.164568085859656, 11.470188719859896 ], [ 77.164568085859656, 11.47043589639563 ], [ 77.164320909323919, 11.47043589639563 ], [ 77.164320909323919, 11.470188719859896 ], [ 77.164568085859656, 11.470188719859896 ] ] ] } },
{ "type": "Feature", "properties": { "feature_id": "bld_1239", "name": "Building 1239 (Bhavani Valley Perimeter)", "feature_type": "building", "category": "building" }, "geometry": { "type": "Polygon", "coordinates": [ [ [ 77.189213594178284, 11.450490173757721 ], [ 77.189213594178284, 11.450697769818653 ], [ 77.189005998117352, 11.450697769818653 ], [ 77.189005998117352, 11.450490173757721 ], [ 77.189213594178284, 11.450490173757721 ] ] ] } },
{ "type": "Feature", "properties": { "feature_id": "bld_1240", "name": "Building 1240 (Bhavani Valley Perimeter)", "feature_type": "building", "category": "building" }, "geometry": { "type": "Polygon", "coordinates": [ [ [ 77.107202819662021, 11.45704163343035 ], [ 77.107202819662021, 11.457238180224024 ], [ 77.107006272868361, 11.457238180224024 ], [ 77.107006272868361, 11.45704163343035 ], [ 77.107202819662021, 11.45704163343035 ] ] ] } },
{ "type": "Feature", "properties": { "feature_id": "bld_1241", "name": "Building 1241 (Bhavani Valley Perimeter)", "feature_type": "building", "category": "building" }, "geometry": { "type": "Polygon", "coordinates": [ [ [ 77.131050287111933, 11.476583105596834 ], [ 77.131050287111933, 11.476874073428728 ], [ 77.130759319280045, 11.476874073428728 ], [ 77.130759319280045, 11.476583105596834 ], [ 77.131050287111933, 11.476583105596834 ] ] ] } },
{ "type": "Feature", "properties": { "feature_id": "bld_1242", "name": "Building 1242 (Bhavani Valley Perimeter)", "feature_type": "building", "category": "building" }, "geometry": { "type": "Polygon", "coordinates": [ [ [ 77.116860980619805, 11.453480442438325 ], [ 77.116860980619805, 11.453770450717021 ], [ 77.116570972341123, 11.453770450717021 ], [ 77.116570972341123, 11.453480442438325 ], [ 77.116860980619805, 11.453480442438325 ] ] ] } },
{ "type": "Feature", "properties": { "feature_id": "bld_1243", "name": "Building 1243 (Bhavani Valley Perimeter)", "feature_type": "building", "category": "building" }, "geometry": { "type": "Polygon", "coordinates": [ [ [ 77.105654156831264, 11.439526631036324 ], [ 77.105654156831264, 11.439709421774813 ], [ 77.105471366092786, 11.439709421774813 ], [ 77.105471366092786, 11.439526631036324 ], [ 77.105654156831264, 11.439526631036324 ] ] ] } },
{ "type": "Feature", "properties": { "feature_id": "bld_1244", "name": "Building 1244 (Bhavani Valley Perimeter)", "feature_type": "building", "category": "building" }, "geometry": { "type": "Polygon", "coordinates": [ [ [ 77.153716920418105, 11.442375848203598 ], [ 77.153716920418105, 11.442671378897002 ], [ 77.153421389724713, 11.442671378897002 ], [ 77.153421389724713, 11.442375848203598 ], [ 77.153716920418105, 11.442375848203598 ] ] ] } },
{ "type": "Feature", "properties": { "feature_id": "bld_1245", "name": "Building 1245 (Bhavani Valley Perimeter)", "feature_type": "building", "category": "building" }, "geometry": { "type": "Polygon", "coordinates": [ [ [ 77.140301573556371, 11.459978631914403 ], [ 77.140301573556371, 11.460173164120615 ], [ 77.140107041350149, 11.460173164120615 ], [ 77.140107041350149, 11.459978631914403 ], [ 77.140301573556371, 11.459978631914403 ] ] ] } },
{ "type": "Feature", "properties": { "feature_id": "bld_1246", "name": "Building 1246 (Bhavani Valley Perimeter)", "feature_type": "building", "category": "building" }, "geometry": { "type": "Polygon", "coordinates": [ [ [ 77.142519005118714, 11.467963099232263 ], [ 77.142519005118714, 11.468228264031437 ], [ 77.14225384031954, 11.468228264031437 ], [ 77.14225384031954, 11.467963099232263 ], [ 77.142519005118714, 11.467963099232263 ] ] ] } },
{ "type": "Feature", "properties": { "feature_id": "bld_1247", "name": "Building 1247 (Bhavani Valley Perimeter)", "feature_type": "building", "category": "building" }, "geometry": { "type": "Polygon", "coordinates": [ [ [ 77.167991432628142, 11.463751250450455 ], [ 77.167991432628142, 11.464037860818953 ], [ 77.167704822259637, 11.464037860818953 ], [ 77.167704822259637, 11.463751250450455 ], [ 77.167991432628142, 11.463751250450455 ] ] ] } },
{ "type": "Feature", "properties": { "feature_id": "bld_1248", "name": "Building 1248 (Bhavani Valley Perimeter)", "feature_type": "building", "category": "building" }, "geometry": { "type": "Polygon", "coordinates": [ [ [ 77.173650598644059, 11.472768513348413 ], [ 77.173650598644059, 11.47293629812145 ], [ 77.173482813871033, 11.47293629812145 ], [ 77.173482813871033, 11.472768513348413 ], [ 77.173650598644059, 11.472768513348413 ] ] ] } },
{ "type": "Feature", "properties": { "feature_id": "bld_1249", "name": "Building 1249 (Bhavani Valley Perimeter)", "feature_type": "building", "category": "building" }, "geometry": { "type": "Polygon", "coordinates": [ [ [ 77.100745463251343, 11.4454959172082 ], [ 77.100745463251343, 11.445748810511349 ], [ 77.100492569948187, 11.445748810511349 ], [ 77.100492569948187, 11.4454959172082 ], [ 77.100745463251343, 11.4454959172082 ] ] ] } },
{ "type": "Feature", "properties": { "feature_id": "bld_1250", "name": "Building 1250 (Bhavani Valley Perimeter)", "feature_type": "building", "category": "building" }, "geometry": { "type": "Polygon", "coordinates": [ [ [ 77.137149695081604, 11.454978391882788 ], [ 77.137149695081604, 11.455262234047142 ], [ 77.136865852917254, 11.455262234047142 ], [ 77.136865852917254, 11.454978391882788 ], [ 77.137149695081604, 11.454978391882788 ] ] ] } },
{ "type": "Feature", "properties": { "feature_id": "bld_1251", "name": "Building 1251 (Bhavani Valley Perimeter)", "feature_type": "building", "category": "building" }, "geometry": { "type": "Polygon", "coordinates": [ [ [ 77.180702627797217, 11.480356791737323 ], [ 77.180702627797217, 11.480560734668034 ], [ 77.180498684866507, 11.480560734668034 ], [ 77.180498684866507, 11.480356791737323 ], [ 77.180702627797217, 11.480356791737323 ] ] ] } },
{ "type": "Feature", "properties": { "feature_id": "bld_1252", "name": "Building 1252 (Bhavani Valley Perimeter)", "feature_type": "building", "category": "building" }, "geometry": { "type": "Polygon", "coordinates": [ [ [ 77.16228836583484, 11.448488316375403 ], [ 77.16228836583484, 11.448675001752033 ], [ 77.162101680458207, 11.448675001752033 ], [ 77.162101680458207, 11.448488316375403 ], [ 77.16228836583484, 11.448488316375403 ] ] ] } },
{ "type": "Feature", "properties": { "feature_id": "bld_1253", "name": "Building 1253 (Bhavani Valley Perimeter)", "feature_type": "building", "category": "building" }, "geometry": { "type": "Polygon", "coordinates": [ [ [ 77.116727018194638, 11.451995284009795 ], [ 77.116727018194638, 11.452215478076566 ], [ 77.116506824127868, 11.452215478076566 ], [ 77.116506824127868, 11.451995284009795 ], [ 77.116727018194638, 11.451995284009795 ] ] ] } },
{ "type": "Feature", "properties": { "feature_id": "bld_1254", "name": "Building 1254 (Bhavani Valley Perimeter)", "feature_type": "building", "category": "building" }, "geometry": { "type": "Polygon", "coordinates": [ [ [ 77.174916870204271, 11.440863109864319 ], [ 77.174916870204271, 11.441125999482955 ], [ 77.174653980585646, 11.441125999482955 ], [ 77.174653980585646, 11.440863109864319 ], [ 77.174916870204271, 11.440863109864319 ] ] ] } },
{ "type": "Feature", "properties": { "feature_id": "bld_1255", "name": "Building 1255 (Bhavani Valley Perimeter)", "feature_type": "building", "category": "building" }, "geometry": { "type": "Polygon", "coordinates": [ [ [ 77.147945439647955, 11.449282769762883 ], [ 77.147945439647955, 11.449511764504718 ], [ 77.147716444906123, 11.449511764504718 ], [ 77.147716444906123, 11.449282769762883 ], [ 77.147945439647955, 11.449282769762883 ] ] ] } },
{ "type": "Feature", "properties": { "feature_id": "bld_1256", "name": "Building 1256 (Bhavani Valley Perimeter)", "feature_type": "building", "category": "building" }, "geometry": { "type": "Polygon", "coordinates": [ [ [ 77.127105155354528, 11.464693728687315 ], [ 77.127105155354528, 11.464914466836515 ], [ 77.126884417205318, 11.464914466836515 ], [ 77.126884417205318, 11.464693728687315 ], [ 77.127105155354528, 11.464693728687315 ] ] ] } },
{ "type": "Feature", "properties": { "feature_id": "bld_1257", "name": "Building 1257 (Bhavani Valley Perimeter)", "feature_type": "building", "category": "building" }, "geometry": { "type": "Polygon", "coordinates": [ [ [ 77.11491476631484, 11.44071088503004 ], [ 77.11491476631484, 11.440947422425531 ], [ 77.114678228919345, 11.440947422425531 ], [ 77.114678228919345, 11.44071088503004 ], [ 77.11491476631484, 11.44071088503004 ] ] ] } },
{ "type": "Feature", "properties": { "feature_id": "bld_1258", "name": "Building 1258 (Bhavani Valley Perimeter)", "feature_type": "building", "category": "building" }, "geometry": { "type": "Polygon", "coordinates": [ [ [ 77.181348483003248, 11.452066574320378 ], [ 77.181348483003248, 11.452329194335389 ], [ 77.18108586298824, 11.452329194335389 ], [ 77.18108586298824, 11.452066574320378 ], [ 77.181348483003248, 11.452066574320378 ] ] ] } },
{ "type": "Feature", "properties": { "feature_id": "bld_1259", "name": "Building 1259 (Bhavani Valley Perimeter)", "feature_type": "building", "category": "building" }, "geometry": { "type": "Polygon", "coordinates": [ [ [ 77.159416990615782, 11.481440277044262 ], [ 77.159416990615782, 11.481715214386684 ], [ 77.159142053273357, 11.481715214386684 ], [ 77.159142053273357, 11.481440277044262 ], [ 77.159416990615782, 11.481440277044262 ] ] ] } },
{ "type": "Feature", "properties": { "feature_id": "bld_1260", "name": "Building 1260 (Bhavani Valley Perimeter)", "feature_type": "building", "category": "building" }, "geometry": { "type": "Polygon", "coordinates": [ [ [ 77.151137360354156, 11.467708637859044 ], [ 77.151137360354156, 11.467994411964366 ], [ 77.150851586248834, 11.467994411964366 ], [ 77.150851586248834, 11.467708637859044 ], [ 77.151137360354156, 11.467708637859044 ] ] ] } },
{ "type": "Feature", "properties": { "feature_id": "bld_1261", "name": "Building 1261 (Bhavani Valley Perimeter)", "feature_type": "building", "category": "building" }, "geometry": { "type": "Polygon", "coordinates": [ [ [ 77.136037447388674, 11.451258978517034 ], [ 77.136037447388674, 11.451420492068744 ], [ 77.135875933836957, 11.451420492068744 ], [ 77.135875933836957, 11.451258978517034 ], [ 77.136037447388674, 11.451258978517034 ] ] ] } },
{ "type": "Feature", "properties": { "feature_id": "bld_1262", "name": "Building 1262 (Bhavani Valley Perimeter)", "feature_type": "building", "category": "building" }, "geometry": { "type": "Polygon", "coordinates": [ [ [ 77.174476908493503, 11.474961723203901 ], [ 77.174476908493503, 11.475136346836436 ], [ 77.174302284860957, 11.475136346836436 ], [ 77.174302284860957, 11.474961723203901 ], [ 77.174476908493503, 11.474961723203901 ] ] ] } },
{ "type": "Feature", "properties": { "feature_id": "bld_1263", "name": "Building 1263 (Bhavani Valley Perimeter)", "feature_type": "building", "category": "building" }, "geometry": { "type": "Polygon", "coordinates": [ [ [ 77.152005473938615, 11.458110775271658 ], [ 77.152005473938615, 11.45828739454503 ], [ 77.151828854665254, 11.45828739454503 ], [ 77.151828854665254, 11.458110775271658 ], [ 77.152005473938615, 11.458110775271658 ] ] ] } },
{ "type": "Feature", "properties": { "feature_id": "bld_1264", "name": "Building 1264 (Bhavani Valley Perimeter)", "feature_type": "building", "category": "building" }, "geometry": { "type": "Polygon", "coordinates": [ [ [ 77.188335846828082, 11.445650087980562 ], [ 77.188335846828082, 11.445819500765774 ], [ 77.188166434042856, 11.445819500765774 ], [ 77.188166434042856, 11.445650087980562 ], [ 77.188335846828082, 11.445650087980562 ] ] ] } },
{ "type": "Feature", "properties": { "feature_id": "bld_1265", "name": "Building 1265 (Bhavani Valley Perimeter)", "feature_type": "building", "category": "building" }, "geometry": { "type": "Polygon", "coordinates": [ [ [ 77.153618535196387, 11.471861062815428 ], [ 77.153618535196387, 11.472025604897876 ], [ 77.153453993113942, 11.472025604897876 ], [ 77.153453993113942, 11.471861062815428 ], [ 77.153618535196387, 11.471861062815428 ] ] ] } },
{ "type": "Feature", "properties": { "feature_id": "bld_1266", "name": "Building 1266 (Bhavani Valley Perimeter)", "feature_type": "building", "category": "building" }, "geometry": { "type": "Polygon", "coordinates": [ [ [ 77.159371816036057, 11.461527365246951 ], [ 77.159371816036057, 11.461701822348193 ], [ 77.159197358934804, 11.461701822348193 ], [ 77.159197358934804, 11.461527365246951 ], [ 77.159371816036057, 11.461527365246951 ] ] ] } },
{ "type": "Feature", "properties": { "feature_id": "bld_1267", "name": "Building 1267 (Bhavani Valley Perimeter)", "feature_type": "building", "category": "building" }, "geometry": { "type": "Polygon", "coordinates": [ [ [ 77.11562789395812, 11.463297969832858 ], [ 77.11562789395812, 11.463499459898749 ], [ 77.115426403892215, 11.463499459898749 ], [ 77.115426403892215, 11.463297969832858 ], [ 77.11562789395812, 11.463297969832858 ] ] ] } },
{ "type": "Feature", "properties": { "feature_id": "bld_1268", "name": "Building 1268 (Bhavani Valley Perimeter)", "feature_type": "building", "category": "building" }, "geometry": { "type": "Polygon", "coordinates": [ [ [ 77.184597265283074, 11.475788161769747 ], [ 77.184597265283074, 11.476085861178658 ], [ 77.184299565874156, 11.476085861178658 ], [ 77.184299565874156, 11.475788161769747 ], [ 77.184597265283074, 11.475788161769747 ] ] ] } },
{ "type": "Feature", "properties": { "feature_id": "bld_1269", "name": "Building 1269 (Bhavani Valley Perimeter)", "feature_type": "building", "category": "building" }, "geometry": { "type": "Polygon", "coordinates": [ [ [ 77.12348056187642, 11.483375995269013 ], [ 77.12348056187642, 11.483596368010785 ], [ 77.123260189134641, 11.483596368010785 ], [ 77.123260189134641, 11.483375995269013 ], [ 77.12348056187642, 11.483375995269013 ] ] ] } },
{ "type": "Feature", "properties": { "feature_id": "bld_1270", "name": "Building 1270 (Bhavani Valley Perimeter)", "feature_type": "building", "category": "building" }, "geometry": { "type": "Polygon", "coordinates": [ [ [ 77.13136038514628, 11.437433782780417 ], [ 77.13136038514628, 11.437601169916519 ], [ 77.131192998010192, 11.437601169916519 ], [ 77.131192998010192, 11.437433782780417 ], [ 77.13136038514628, 11.437433782780417 ] ] ] } },
{ "type": "Feature", "properties": { "feature_id": "bld_1271", "name": "Building 1271 (Bhavani Valley Perimeter)", "feature_type": "building", "category": "building" }, "geometry": { "type": "Polygon", "coordinates": [ [ [ 77.162376869549021, 11.457800593207878 ], [ 77.162376869549021, 11.457992306235525 ], [ 77.162185156521375, 11.457992306235525 ], [ 77.162185156521375, 11.457800593207878 ], [ 77.162376869549021, 11.457800593207878 ] ] ] } },
{ "type": "Feature", "properties": { "feature_id": "bld_1272", "name": "Building 1272 (Bhavani Valley Perimeter)", "feature_type": "building", "category": "building" }, "geometry": { "type": "Polygon", "coordinates": [ [ [ 77.155377761792082, 11.447522471689702 ], [ 77.155377761792082, 11.44776334013531 ], [ 77.155136893346466, 11.44776334013531 ], [ 77.155136893346466, 11.447522471689702 ], [ 77.155377761792082, 11.447522471689702 ] ] ] } },
{ "type": "Feature", "properties": { "feature_id": "bld_1273", "name": "Building 1273 (Bhavani Valley Perimeter)", "feature_type": "building", "category": "building" }, "geometry": { "type": "Polygon", "coordinates": [ [ [ 77.132466235959683, 11.476040162599338 ], [ 77.132466235959683, 11.476315060061845 ], [ 77.132191338497179, 11.476315060061845 ], [ 77.132191338497179, 11.476040162599338 ], [ 77.132466235959683, 11.476040162599338 ] ] ] } },
{ "type": "Feature", "properties": { "feature_id": "bld_1274", "name": "Building 1274 (Bhavani Valley Perimeter)", "feature_type": "building", "category": "building" }, "geometry": { "type": "Polygon", "coordinates": [ [ [ 77.14306691501676, 11.45243557628099 ], [ 77.14306691501676, 11.45264633465251 ], [ 77.142856156645252, 11.45264633465251 ], [ 77.142856156645252, 11.45243557628099 ], [ 77.14306691501676, 11.45243557628099 ] ] ] } },
{ "type": "Feature", "properties": { "feature_id": "bld_1275", "name": "Building 1275 (Bhavani Valley Perimeter)", "feature_type": "building", "category": "building" }, "geometry": { "type": "Polygon", "coordinates": [ [ [ 77.172608941466294, 11.451314339983721 ], [ 77.172608941466294, 11.45150360829604 ], [ 77.172419673153982, 11.45150360829604 ], [ 77.172419673153982, 11.451314339983721 ], [ 77.172608941466294, 11.451314339983721 ] ] ] } },
{ "type": "Feature", "properties": { "feature_id": "bld_1276", "name": "Building 1276 (Bhavani Valley Perimeter)", "feature_type": "building", "category": "building" }, "geometry": { "type": "Polygon", "coordinates": [ [ [ 77.107735700015695, 11.458220906797296 ], [ 77.107735700015695, 11.458448405291145 ], [ 77.107508201521853, 11.458448405291145 ], [ 77.107508201521853, 11.458220906797296 ], [ 77.107735700015695, 11.458220906797296 ] ] ] } },
{ "type": "Feature", "properties": { "feature_id": "bld_1277", "name": "Building 1277 (Bhavani Valley Perimeter)", "feature_type": "building", "category": "building" }, "geometry": { "type": "Polygon", "coordinates": [ [ [ 77.17578845332541, 11.445955265433147 ], [ 77.17578845332541, 11.44616860421146 ], [ 77.175575114547101, 11.44616860421146 ], [ 77.175575114547101, 11.445955265433147 ], [ 77.17578845332541, 11.445955265433147 ] ] ] } },
{ "type": "Feature", "properties": { "feature_id": "bld_1278", "name": "Building 1278 (Bhavani Valley Perimeter)", "feature_type": "building", "category": "building" }, "geometry": { "type": "Polygon", "coordinates": [ [ [ 77.172863439275744, 11.47607425776213 ], [ 77.172863439275744, 11.476288103312767 ], [ 77.172649593725112, 11.476288103312767 ], [ 77.172649593725112, 11.47607425776213 ], [ 77.172863439275744, 11.47607425776213 ] ] ] } },
{ "type": "Feature", "properties": { "feature_id": "bld_1279", "name": "Building 1279 (Bhavani Valley Perimeter)", "feature_type": "building", "category": "building" }, "geometry": { "type": "Polygon", "coordinates": [ [ [ 77.141466440937279, 11.450019015700974 ], [ 77.141466440937279, 11.450309573383954 ], [ 77.141175883254306, 11.450309573383954 ], [ 77.141175883254306, 11.450019015700974 ], [ 77.141466440937279, 11.450019015700974 ] ] ] } },
{ "type": "Feature", "properties": { "feature_id": "bld_1280", "name": "Building 1280 (Bhavani Valley Perimeter)", "feature_type": "building", "category": "building" }, "geometry": { "type": "Polygon", "coordinates": [ [ [ 77.110805809568362, 11.481559600498445 ], [ 77.110805809568362, 11.481815341801701 ], [ 77.110550068265113, 11.481815341801701 ], [ 77.110550068265113, 11.481559600498445 ], [ 77.110805809568362, 11.481559600498445 ] ] ] } },
{ "type": "Feature", "properties": { "feature_id": "bld_1281", "name": "Building 1281 (Bhavani Valley Perimeter)", "feature_type": "building", "category": "building" }, "geometry": { "type": "Polygon", "coordinates": [ [ [ 77.147954785475235, 11.436519661305798 ], [ 77.147954785475235, 11.436746244772653 ], [ 77.147728202008381, 11.436746244772653 ], [ 77.147728202008381, 11.436519661305798 ], [ 77.147954785475235, 11.436519661305798 ] ] ] } },
{ "type": "Feature", "properties": { "feature_id": "bld_1282", "name": "Building 1282 (Bhavani Valley Perimeter)", "feature_type": "building", "category": "building" }, "geometry": { "type": "Polygon", "coordinates": [ [ [ 77.136823278122492, 11.442934991926512 ], [ 77.136823278122492, 11.443186889271002 ], [ 77.136571380777994, 11.443186889271002 ], [ 77.136571380777994, 11.442934991926512 ], [ 77.136823278122492, 11.442934991926512 ] ] ] } },
{ "type": "Feature", "properties": { "feature_id": "bld_1283", "name": "Building 1283 (Bhavani Valley Perimeter)", "feature_type": "building", "category": "building" }, "geometry": { "type": "Polygon", "coordinates": [ [ [ 77.187533614392493, 11.462979407823877 ], [ 77.187533614392493, 11.463239473282577 ], [ 77.187273548933803, 11.463239473282577 ], [ 77.187273548933803, 11.462979407823877 ], [ 77.187533614392493, 11.462979407823877 ] ] ] } },
{ "type": "Feature", "properties": { "feature_id": "bld_1284", "name": "Building 1284 (Bhavani Valley Perimeter)", "feature_type": "building", "category": "building" }, "geometry": { "type": "Polygon", "coordinates": [ [ [ 77.106248685824895, 11.455795204696889 ], [ 77.106248685824895, 11.455971494884812 ], [ 77.106072395636986, 11.455971494884812 ], [ 77.106072395636986, 11.455795204696889 ], [ 77.106248685824895, 11.455795204696889 ] ] ] } },
{ "type": "Feature", "properties": { "feature_id": "bld_1285", "name": "Building 1285 (Bhavani Valley Perimeter)", "feature_type": "building", "category": "building" }, "geometry": { "type": "Polygon", "coordinates": [ [ [ 77.155277949639554, 11.481797783469434 ], [ 77.155277949639554, 11.482050432351981 ], [ 77.155025300757018, 11.482050432351981 ], [ 77.155025300757018, 11.481797783469434 ], [ 77.155277949639554, 11.481797783469434 ] ] ] } },
{ "type": "Feature", "properties": { "feature_id": "bld_1286", "name": "Building 1286 (Bhavani Valley Perimeter)", "feature_type": "building", "category": "building" }, "geometry": { "type": "Polygon", "coordinates": [ [ [ 77.107030820784857, 11.452614763812694 ], [ 77.107030820784857, 11.452851856685815 ], [ 77.106793727911722, 11.452851856685815 ], [ 77.106793727911722, 11.452614763812694 ], [ 77.107030820784857, 11.452614763812694 ] ] ] } },
{ "type": "Feature", "properties": { "feature_id": "bld_1287", "name": "Building 1287 (Bhavani Valley Perimeter)", "feature_type": "building", "category": "building" }, "geometry": { "type": "Polygon", "coordinates": [ [ [ 77.13642572502232, 11.476545173553427 ], [ 77.13642572502232, 11.476819227494088 ], [ 77.136151671081649, 11.476819227494088 ], [ 77.136151671081649, 11.476545173553427 ], [ 77.13642572502232, 11.476545173553427 ] ] ] } },
{ "type": "Feature", "properties": { "feature_id": "bld_1288", "name": "Building 1288 (Bhavani Valley Perimeter)", "feature_type": "building", "category": "building" }, "geometry": { "type": "Polygon", "coordinates": [ [ [ 77.155162665355448, 11.453575023710473 ], [ 77.155162665355448, 11.4537707708028 ], [ 77.154966918263113, 11.4537707708028 ], [ 77.154966918263113, 11.453575023710473 ], [ 77.155162665355448, 11.453575023710473 ] ] ] } },
{ "type": "Feature", "properties": { "feature_id": "bld_1289", "name": "Building 1289 (Bhavani Valley Perimeter)", "feature_type": "building", "category": "building" }, "geometry": { "type": "Polygon", "coordinates": [ [ [ 77.109637610715382, 11.452635962098123 ], [ 77.109637610715382, 11.452853806250532 ], [ 77.109419766562965, 11.452853806250532 ], [ 77.109419766562965, 11.452635962098123 ], [ 77.109637610715382, 11.452635962098123 ] ] ] } },
{ "type": "Feature", "properties": { "feature_id": "bld_1290", "name": "Building 1290 (Bhavani Valley Perimeter)", "feature_type": "building", "category": "building" }, "geometry": { "type": "Polygon", "coordinates": [ [ [ 77.160908970829141, 11.467823083645104 ], [ 77.160908970829141, 11.467992898784654 ], [ 77.160739155689598, 11.467992898784654 ], [ 77.160739155689598, 11.467823083645104 ], [ 77.160908970829141, 11.467823083645104 ] ] ] } },
{ "type": "Feature", "properties": { "feature_id": "bld_1291", "name": "Building 1291 (Bhavani Valley Perimeter)", "feature_type": "building", "category": "building" }, "geometry": { "type": "Polygon", "coordinates": [ [ [ 77.135664315278163, 11.443997966471498 ], [ 77.135664315278163, 11.444179920250241 ], [ 77.135482361499427, 11.444179920250241 ], [ 77.135482361499427, 11.443997966471498 ], [ 77.135664315278163, 11.443997966471498 ] ] ] } },
{ "type": "Feature", "properties": { "feature_id": "bld_1292", "name": "Building 1292 (Bhavani Valley Perimeter)", "feature_type": "building", "category": "building" }, "geometry": { "type": "Polygon", "coordinates": [ [ [ 77.174566536277652, 11.4369864180345 ], [ 77.174566536277652, 11.437205103637126 ], [ 77.174347850675034, 11.437205103637126 ], [ 77.174347850675034, 11.4369864180345 ], [ 77.174566536277652, 11.4369864180345 ] ] ] } },
{ "type": "Feature", "properties": { "feature_id": "bld_1293", "name": "Building 1293 (Bhavani Valley Perimeter)", "feature_type": "building", "category": "building" }, "geometry": { "type": "Polygon", "coordinates": [ [ [ 77.115257321854898, 11.478847517947994 ], [ 77.115257321854898, 11.479085503619853 ], [ 77.115019336183053, 11.479085503619853 ], [ 77.115019336183053, 11.478847517947994 ], [ 77.115257321854898, 11.478847517947994 ] ] ] } },
{ "type": "Feature", "properties": { "feature_id": "bld_1294", "name": "Building 1294 (Bhavani Valley Perimeter)", "feature_type": "building", "category": "building" }, "geometry": { "type": "Polygon", "coordinates": [ [ [ 77.120955461319085, 11.45999016031314 ], [ 77.120955461319085, 11.460252568403497 ], [ 77.120693053228734, 11.460252568403497 ], [ 77.120693053228734, 11.45999016031314 ], [ 77.120955461319085, 11.45999016031314 ] ] ] } },
{ "type": "Feature", "properties": { "feature_id": "bld_1295", "name": "Building 1295 (Bhavani Valley Perimeter)", "feature_type": "building", "category": "building" }, "geometry": { "type": "Polygon", "coordinates": [ [ [ 77.186372653526789, 11.445880267488223 ], [ 77.186372653526789, 11.446164332936322 ], [ 77.186088588078704, 11.446164332936322 ], [ 77.186088588078704, 11.445880267488223 ], [ 77.186372653526789, 11.445880267488223 ] ] ] } },
{ "type": "Feature", "properties": { "feature_id": "bld_1296", "name": "Building 1296 (Bhavani Valley Perimeter)", "feature_type": "building", "category": "building" }, "geometry": { "type": "Polygon", "coordinates": [ [ [ 77.184211849280047, 11.480696548221621 ], [ 77.184211849280047, 11.480945506231583 ], [ 77.183962891270085, 11.480945506231583 ], [ 77.183962891270085, 11.480696548221621 ], [ 77.184211849280047, 11.480696548221621 ] ] ] } },
{ "type": "Feature", "properties": { "feature_id": "bld_1297", "name": "Building 1297 (Bhavani Valley Perimeter)", "feature_type": "building", "category": "building" }, "geometry": { "type": "Polygon", "coordinates": [ [ [ 77.156816526750873, 11.455027863807429 ], [ 77.156816526750873, 11.455293199510953 ], [ 77.156551191047356, 11.455293199510953 ], [ 77.156551191047356, 11.455027863807429 ], [ 77.156816526750873, 11.455027863807429 ] ] ] } },
{ "type": "Feature", "properties": { "feature_id": "bld_1298", "name": "Building 1298 (Bhavani Valley Perimeter)", "feature_type": "building", "category": "building" }, "geometry": { "type": "Polygon", "coordinates": [ [ [ 77.147926453704855, 11.468761911508144 ], [ 77.147926453704855, 11.468981895614684 ], [ 77.147706469598319, 11.468981895614684 ], [ 77.147706469598319, 11.468761911508144 ], [ 77.147926453704855, 11.468761911508144 ] ] ] } },
{ "type": "Feature", "properties": { "feature_id": "bld_1299", "name": "Building 1299 (Bhavani Valley Perimeter)", "feature_type": "building", "category": "building" }, "geometry": { "type": "Polygon", "coordinates": [ [ [ 77.165924932301849, 11.476133325342264 ], [ 77.165924932301849, 11.476313826418188 ], [ 77.165744431225917, 11.476313826418188 ], [ 77.165744431225917, 11.476133325342264 ], [ 77.165924932301849, 11.476133325342264 ] ] ] } },
{ "type": "Feature", "properties": { "feature_id": "bld_1300", "name": "Building 1300 (Bhavani Valley Perimeter)", "feature_type": "building", "category": "building" }, "geometry": { "type": "Polygon", "coordinates": [ [ [ 77.175102801015314, 11.461875699975879 ], [ 77.175102801015314, 11.462153953203151 ], [ 77.174824547788049, 11.462153953203151 ], [ 77.174824547788049, 11.461875699975879 ], [ 77.175102801015314, 11.461875699975879 ] ] ] } },
{ "type": "Feature", "properties": { "feature_id": "bld_1301", "name": "Building 1301 (Bhavani Valley Perimeter)", "feature_type": "building", "category": "building" }, "geometry": { "type": "Polygon", "coordinates": [ [ [ 77.138961207821964, 11.453807970017875 ], [ 77.138961207821964, 11.454096078520427 ], [ 77.138673099319405, 11.454096078520427 ], [ 77.138673099319405, 11.453807970017875 ], [ 77.138961207821964, 11.453807970017875 ] ] ] } },
{ "type": "Feature", "properties": { "feature_id": "bld_1302", "name": "Building 1302 (Bhavani Valley Perimeter)", "feature_type": "building", "category": "building" }, "geometry": { "type": "Polygon", "coordinates": [ [ [ 77.122719115519416, 11.477096734824231 ], [ 77.122719115519416, 11.477324497704382 ], [ 77.122491352639273, 11.477324497704382 ], [ 77.122491352639273, 11.477096734824231 ], [ 77.122719115519416, 11.477096734824231 ] ] ] } },
{ "type": "Feature", "properties": { "feature_id": "bld_1303", "name": "Building 1303 (Bhavani Valley Perimeter)", "feature_type": "building", "category": "building" }, "geometry": { "type": "Polygon", "coordinates": [ [ [ 77.146388702783639, 11.450303301120432 ], [ 77.146388702783639, 11.450543527028518 ], [ 77.146148476875567, 11.450543527028518 ], [ 77.146148476875567, 11.450303301120432 ], [ 77.146388702783639, 11.450303301120432 ] ] ] } },
{ "type": "Feature", "properties": { "feature_id": "bld_1304", "name": "Building 1304 (Bhavani Valley Perimeter)", "feature_type": "building", "category": "building" }, "geometry": { "type": "Polygon", "coordinates": [ [ [ 77.12936804756724, 11.43686443080971 ], [ 77.12936804756724, 11.437062510614457 ], [ 77.129169967762479, 11.437062510614457 ], [ 77.129169967762479, 11.43686443080971 ], [ 77.12936804756724, 11.43686443080971 ] ] ] } },
{ "type": "Feature", "properties": { "feature_id": "bld_1305", "name": "Building 1305 (Bhavani Valley Perimeter)", "feature_type": "building", "category": "building" }, "geometry": { "type": "Polygon", "coordinates": [ [ [ 77.100721716211282, 11.483770137048154 ], [ 77.100721716211282, 11.48406534165753 ], [ 77.100426511601896, 11.48406534165753 ], [ 77.100426511601896, 11.483770137048154 ], [ 77.100721716211282, 11.483770137048154 ] ] ] } },
{ "type": "Feature", "properties": { "feature_id": "bld_1306", "name": "Building 1306 (Bhavani Valley Perimeter)", "feature_type": "building", "category": "building" }, "geometry": { "type": "Polygon", "coordinates": [ [ [ 77.135668183199385, 11.471314336290094 ], [ 77.135668183199385, 11.471522749143871 ], [ 77.135459770345619, 11.471522749143871 ], [ 77.135459770345619, 11.471314336290094 ], [ 77.135668183199385, 11.471314336290094 ] ] ] } },
{ "type": "Feature", "properties": { "feature_id": "bld_1307", "name": "Building 1307 (Bhavani Valley Perimeter)", "feature_type": "building", "category": "building" }, "geometry": { "type": "Polygon", "coordinates": [ [ [ 77.160544657074865, 11.47512522921517 ], [ 77.160544657074865, 11.475417775089426 ], [ 77.160252111200606, 11.475417775089426 ], [ 77.160252111200606, 11.47512522921517 ], [ 77.160544657074865, 11.47512522921517 ] ] ] } },
{ "type": "Feature", "properties": { "feature_id": "bld_1308", "name": "Building 1308 (Bhavani Valley Perimeter)", "feature_type": "building", "category": "building" }, "geometry": { "type": "Polygon", "coordinates": [ [ [ 77.136117719818003, 11.474066284156258 ], [ 77.136117719818003, 11.474263514139345 ], [ 77.135920489834916, 11.474263514139345 ], [ 77.135920489834916, 11.474066284156258 ], [ 77.136117719818003, 11.474066284156258 ] ] ] } },
{ "type": "Feature", "properties": { "feature_id": "bld_1309", "name": "Building 1309 (Bhavani Valley Perimeter)", "feature_type": "building", "category": "building" }, "geometry": { "type": "Polygon", "coordinates": [ [ [ 77.189252154357874, 11.436166232921764 ], [ 77.189252154357874, 11.436410726954673 ], [ 77.189007660324975, 11.436410726954673 ], [ 77.189007660324975, 11.436166232921764 ], [ 77.189252154357874, 11.436166232921764 ] ] ] } },
{ "type": "Feature", "properties": { "feature_id": "bld_1310", "name": "Building 1310 (Bhavani Valley Perimeter)", "feature_type": "building", "category": "building" }, "geometry": { "type": "Polygon", "coordinates": [ [ [ 77.159443965479142, 11.469313850723191 ], [ 77.159443965479142, 11.469490704984223 ], [ 77.159267111218099, 11.469490704984223 ], [ 77.159267111218099, 11.469313850723191 ], [ 77.159443965479142, 11.469313850723191 ] ] ] } },
{ "type": "Feature", "properties": { "feature_id": "bld_1311", "name": "Building 1311 (Bhavani Valley Perimeter)", "feature_type": "building", "category": "building" }, "geometry": { "type": "Polygon", "coordinates": [ [ [ 77.184591273250803, 11.443935571214277 ], [ 77.184591273250803, 11.444182756690731 ], [ 77.184344087774363, 11.444182756690731 ], [ 77.184344087774363, 11.443935571214277 ], [ 77.184591273250803, 11.443935571214277 ] ] ] } },
{ "type": "Feature", "properties": { "feature_id": "bld_1312", "name": "Building 1312 (Bhavani Valley Perimeter)", "feature_type": "building", "category": "building" }, "geometry": { "type": "Polygon", "coordinates": [ [ [ 77.120159099218995, 11.450242568753142 ], [ 77.120159099218995, 11.450479072948985 ], [ 77.119922595023155, 11.450479072948985 ], [ 77.119922595023155, 11.450242568753142 ], [ 77.120159099218995, 11.450242568753142 ] ] ] } },
{ "type": "Feature", "properties": { "feature_id": "bld_1313", "name": "Building 1313 (Bhavani Valley Perimeter)", "feature_type": "building", "category": "building" }, "geometry": { "type": "Polygon", "coordinates": [ [ [ 77.137639373218974, 11.442919314500656 ], [ 77.137639373218974, 11.443103245596994 ], [ 77.137455442122643, 11.443103245596994 ], [ 77.137455442122643, 11.442919314500656 ], [ 77.137639373218974, 11.442919314500656 ] ] ] } },
{ "type": "Feature", "properties": { "feature_id": "bld_1314", "name": "Building 1314 (Bhavani Valley Perimeter)", "feature_type": "building", "category": "building" }, "geometry": { "type": "Polygon", "coordinates": [ [ [ 77.137775888459927, 11.472721291388496 ], [ 77.137775888459927, 11.473007006439055 ], [ 77.137490173409375, 11.473007006439055 ], [ 77.137490173409375, 11.472721291388496 ], [ 77.137775888459927, 11.472721291388496 ] ] ] } },
{ "type": "Feature", "properties": { "feature_id": "bld_1315", "name": "Building 1315 (Bhavani Valley Perimeter)", "feature_type": "building", "category": "building" }, "geometry": { "type": "Polygon", "coordinates": [ [ [ 77.107658506792802, 11.454568178188509 ], [ 77.107658506792802, 11.454742212567432 ], [ 77.107484472413887, 11.454742212567432 ], [ 77.107484472413887, 11.454568178188509 ], [ 77.107658506792802, 11.454568178188509 ] ] ] } },
{ "type": "Feature", "properties": { "feature_id": "bld_1316", "name": "Building 1316 (Bhavani Valley Perimeter)", "feature_type": "building", "category": "building" }, "geometry": { "type": "Polygon", "coordinates": [ [ [ 77.101615494717876, 11.46796376267126 ], [ 77.101615494717876, 11.468208105593135 ], [ 77.101371151795988, 11.468208105593135 ], [ 77.101371151795988, 11.46796376267126 ], [ 77.101615494717876, 11.46796376267126 ] ] ] } },
{ "type": "Feature", "properties": { "feature_id": "bld_1317", "name": "Building 1317 (Bhavani Valley Perimeter)", "feature_type": "building", "category": "building" }, "geometry": { "type": "Polygon", "coordinates": [ [ [ 77.114753379786094, 11.446608982111899 ], [ 77.114753379786094, 11.446772301197408 ], [ 77.114590060700579, 11.446772301197408 ], [ 77.114590060700579, 11.446608982111899 ], [ 77.114753379786094, 11.446608982111899 ] ] ] } },
{ "type": "Feature", "properties": { "feature_id": "bld_1318", "name": "Building 1318 (Bhavani Valley Perimeter)", "feature_type": "building", "category": "building" }, "geometry": { "type": "Polygon", "coordinates": [ [ [ 77.175234730680074, 11.483645047634852 ], [ 77.175234730680074, 11.483824011970004 ], [ 77.175055766344911, 11.483824011970004 ], [ 77.175055766344911, 11.483645047634852 ], [ 77.175234730680074, 11.483645047634852 ] ] ] } },
{ "type": "Feature", "properties": { "feature_id": "bld_1319", "name": "Building 1319 (Bhavani Valley Perimeter)", "feature_type": "building", "category": "building" }, "geometry": { "type": "Polygon", "coordinates": [ [ [ 77.120977621704725, 11.47827562373149 ], [ 77.120977621704725, 11.478565328663203 ], [ 77.120687916773022, 11.478565328663203 ], [ 77.120687916773022, 11.47827562373149 ], [ 77.120977621704725, 11.47827562373149 ] ] ] } },
{ "type": "Feature", "properties": { "feature_id": "bld_1320", "name": "Building 1320 (Bhavani Valley Perimeter)", "feature_type": "building", "category": "building" }, "geometry": { "type": "Polygon", "coordinates": [ [ [ 77.13784922188097, 11.437448366185095 ], [ 77.13784922188097, 11.437613881041813 ], [ 77.137683707024252, 11.437613881041813 ], [ 77.137683707024252, 11.437448366185095 ], [ 77.13784922188097, 11.437448366185095 ] ] ] } },
{ "type": "Feature", "properties": { "feature_id": "bld_1321", "name": "Building 1321 (Bhavani Valley Perimeter)", "feature_type": "building", "category": "building" }, "geometry": { "type": "Polygon", "coordinates": [ [ [ 77.151737493616125, 11.454562749774729 ], [ 77.151737493616125, 11.454726761114591 ], [ 77.151573482276277, 11.454726761114591 ], [ 77.151573482276277, 11.454562749774729 ], [ 77.151737493616125, 11.454562749774729 ] ] ] } },
{ "type": "Feature", "properties": { "feature_id": "bld_1322", "name": "Building 1322 (Bhavani Valley Perimeter)", "feature_type": "building", "category": "building" }, "geometry": { "type": "Polygon", "coordinates": [ [ [ 77.1526278313452, 11.435430010792382 ], [ 77.1526278313452, 11.435700242866522 ], [ 77.152357599271056, 11.435700242866522 ], [ 77.152357599271056, 11.435430010792382 ], [ 77.1526278313452, 11.435430010792382 ] ] ] } },
{ "type": "Feature", "properties": { "feature_id": "bld_1323", "name": "Building 1323 (Bhavani Valley Perimeter)", "feature_type": "building", "category": "building" }, "geometry": { "type": "Polygon", "coordinates": [ [ [ 77.127700138698771, 11.436891715494992 ], [ 77.127700138698771, 11.437134084805932 ], [ 77.127457769387831, 11.437134084805932 ], [ 77.127457769387831, 11.436891715494992 ], [ 77.127700138698771, 11.436891715494992 ] ] ] } },
{ "type": "Feature", "properties": { "feature_id": "bld_1324", "name": "Building 1324 (Bhavani Valley Perimeter)", "feature_type": "building", "category": "building" }, "geometry": { "type": "Polygon", "coordinates": [ [ [ 77.135909691205356, 11.483571926761483 ], [ 77.135909691205356, 11.483808114574233 ], [ 77.135673503392596, 11.483808114574233 ], [ 77.135673503392596, 11.483571926761483 ], [ 77.135909691205356, 11.483571926761483 ] ] ] } },
{ "type": "Feature", "properties": { "feature_id": "bld_1325", "name": "Building 1325 (Bhavani Valley Perimeter)", "feature_type": "building", "category": "building" }, "geometry": { "type": "Polygon", "coordinates": [ [ [ 77.124870530733503, 11.47037293879152 ], [ 77.124870530733503, 11.470570947671877 ], [ 77.124672521853157, 11.470570947671877 ], [ 77.124672521853157, 11.47037293879152 ], [ 77.124870530733503, 11.47037293879152 ] ] ] } },
{ "type": "Feature", "properties": { "feature_id": "bld_1326", "name": "Building 1326 (Bhavani Valley Perimeter)", "feature_type": "building", "category": "building" }, "geometry": { "type": "Polygon", "coordinates": [ [ [ 77.181500387026077, 11.453617607725974 ], [ 77.181500387026077, 11.453854589324763 ], [ 77.181263405427288, 11.453854589324763 ], [ 77.181263405427288, 11.453617607725974 ], [ 77.181500387026077, 11.453617607725974 ] ] ] } },
{ "type": "Feature", "properties": { "feature_id": "bld_1327", "name": "Building 1327 (Bhavani Valley Perimeter)", "feature_type": "building", "category": "building" }, "geometry": { "type": "Polygon", "coordinates": [ [ [ 77.104689844791949, 11.456167796449837 ], [ 77.104689844791949, 11.456444327345388 ], [ 77.104413313896401, 11.456444327345388 ], [ 77.104413313896401, 11.456167796449837 ], [ 77.104689844791949, 11.456167796449837 ] ] ] } },
{ "type": "Feature", "properties": { "feature_id": "bld_1328", "name": "Building 1328 (Bhavani Valley Perimeter)", "feature_type": "building", "category": "building" }, "geometry": { "type": "Polygon", "coordinates": [ [ [ 77.172604218017668, 11.446120102407706 ], [ 77.172604218017668, 11.446311753477646 ], [ 77.172412566947727, 11.446311753477646 ], [ 77.172412566947727, 11.446120102407706 ], [ 77.172604218017668, 11.446120102407706 ] ] ] } },
{ "type": "Feature", "properties": { "feature_id": "bld_1329", "name": "Building 1329 (Bhavani Valley Perimeter)", "feature_type": "building", "category": "building" }, "geometry": { "type": "Polygon", "coordinates": [ [ [ 77.173644153363668, 11.481433245743977 ], [ 77.173644153363668, 11.481606596272956 ], [ 77.1734708028347, 11.481606596272956 ], [ 77.1734708028347, 11.481433245743977 ], [ 77.173644153363668, 11.481433245743977 ] ] ] } },
{ "type": "Feature", "properties": { "feature_id": "bld_1330", "name": "Building 1330 (Bhavani Valley Perimeter)", "feature_type": "building", "category": "building" }, "geometry": { "type": "Polygon", "coordinates": [ [ [ 77.140646225740241, 11.45173176575633 ], [ 77.140646225740241, 11.452013662140095 ], [ 77.140364329356473, 11.452013662140095 ], [ 77.140364329356473, 11.45173176575633 ], [ 77.140646225740241, 11.45173176575633 ] ] ] } },
{ "type": "Feature", "properties": { "feature_id": "bld_1331", "name": "Building 1331 (Bhavani Valley Perimeter)", "feature_type": "building", "category": "building" }, "geometry": { "type": "Polygon", "coordinates": [ [ [ 77.10764991510483, 11.445423624344272 ], [ 77.10764991510483, 11.445688969911533 ], [ 77.107384569537558, 11.445688969911533 ], [ 77.107384569537558, 11.445423624344272 ], [ 77.10764991510483, 11.445423624344272 ] ] ] } },
{ "type": "Feature", "properties": { "feature_id": "bld_1332", "name": "Building 1332 (Bhavani Valley Perimeter)", "feature_type": "building", "category": "building" }, "geometry": { "type": "Polygon", "coordinates": [ [ [ 77.104727393900731, 11.459515821543288 ], [ 77.104727393900731, 11.459737716528142 ], [ 77.10450549891587, 11.459737716528142 ], [ 77.10450549891587, 11.459515821543288 ], [ 77.104727393900731, 11.459515821543288 ] ] ] } },
{ "type": "Feature", "properties": { "feature_id": "bld_1333", "name": "Building 1333 (Bhavani Valley Perimeter)", "feature_type": "building", "category": "building" }, "geometry": { "type": "Polygon", "coordinates": [ [ [ 77.13021320195007, 11.45461151992486 ], [ 77.13021320195007, 11.454845711607032 ], [ 77.129979010267888, 11.454845711607032 ], [ 77.129979010267888, 11.45461151992486 ], [ 77.13021320195007, 11.45461151992486 ] ] ] } },
{ "type": "Feature", "properties": { "feature_id": "bld_1334", "name": "Building 1334 (Bhavani Valley Perimeter)", "feature_type": "building", "category": "building" }, "geometry": { "type": "Polygon", "coordinates": [ [ [ 77.114659442518004, 11.463463413651128 ], [ 77.114659442518004, 11.46373617417723 ], [ 77.114386681991888, 11.46373617417723 ], [ 77.114386681991888, 11.463463413651128 ], [ 77.114659442518004, 11.463463413651128 ] ] ] } },
{ "type": "Feature", "properties": { "feature_id": "bld_1335", "name": "Building 1335 (Bhavani Valley Perimeter)", "feature_type": "building", "category": "building" }, "geometry": { "type": "Polygon", "coordinates": [ [ [ 77.168504931143985, 11.442604547771808 ], [ 77.168504931143985, 11.44278544269757 ], [ 77.168324036218223, 11.44278544269757 ], [ 77.168324036218223, 11.442604547771808 ], [ 77.168504931143985, 11.442604547771808 ] ] ] } },
{ "type": "Feature", "properties": { "feature_id": "bld_1336", "name": "Building 1336 (Bhavani Valley Perimeter)", "feature_type": "building", "category": "building" }, "geometry": { "type": "Polygon", "coordinates": [ [ [ 77.124244284987725, 11.452945144426353 ], [ 77.124244284987725, 11.453162328207751 ], [ 77.124027101206337, 11.453162328207751 ], [ 77.124027101206337, 11.452945144426353 ], [ 77.124244284987725, 11.452945144426353 ] ] ] } },
{ "type": "Feature", "properties": { "feature_id": "bld_1337", "name": "Building 1337 (Bhavani Valley Perimeter)", "feature_type": "building", "category": "building" }, "geometry": { "type": "Polygon", "coordinates": [ [ [ 77.1612551766043, 11.437751594518996 ], [ 77.1612551766043, 11.437916448697589 ], [ 77.161090322425707, 11.437916448697589 ], [ 77.161090322425707, 11.437751594518996 ], [ 77.1612551766043, 11.437751594518996 ] ] ] } },
{ "type": "Feature", "properties": { "feature_id": "bld_1338", "name": "Building 1338 (Bhavani Valley Perimeter)", "feature_type": "building", "category": "building" }, "geometry": { "type": "Polygon", "coordinates": [ [ [ 77.135365491138955, 11.469764644132892 ], [ 77.135365491138955, 11.469951725080906 ], [ 77.135178410190932, 11.469951725080906 ], [ 77.135178410190932, 11.469764644132892 ], [ 77.135365491138955, 11.469764644132892 ] ] ] } },
{ "type": "Feature", "properties": { "feature_id": "bld_1339", "name": "Building 1339 (Bhavani Valley Perimeter)", "feature_type": "building", "category": "building" }, "geometry": { "type": "Polygon", "coordinates": [ [ [ 77.157877429340672, 11.447849380869398 ], [ 77.157877429340672, 11.448133432924633 ], [ 77.157593377285437, 11.448133432924633 ], [ 77.157593377285437, 11.447849380869398 ], [ 77.157877429340672, 11.447849380869398 ] ] ] } },
{ "type": "Feature", "properties": { "feature_id": "bld_1340", "name": "Building 1340 (Bhavani Valley Perimeter)", "feature_type": "building", "category": "building" }, "geometry": { "type": "Polygon", "coordinates": [ [ [ 77.180708194546781, 11.44976826065129 ], [ 77.180708194546781, 11.449960459776843 ], [ 77.180515995421217, 11.449960459776843 ], [ 77.180515995421217, 11.44976826065129 ], [ 77.180708194546781, 11.44976826065129 ] ] ] } },
{ "type": "Feature", "properties": { "feature_id": "bld_1341", "name": "Building 1341 (Bhavani Valley Perimeter)", "feature_type": "building", "category": "building" }, "geometry": { "type": "Polygon", "coordinates": [ [ [ 77.137144424354986, 11.446899512389978 ], [ 77.137144424354986, 11.447153646128038 ], [ 77.136890290616932, 11.447153646128038 ], [ 77.136890290616932, 11.446899512389978 ], [ 77.137144424354986, 11.446899512389978 ] ] ] } },
{ "type": "Feature", "properties": { "feature_id": "bld_1342", "name": "Building 1342 (Bhavani Valley Perimeter)", "feature_type": "building", "category": "building" }, "geometry": { "type": "Polygon", "coordinates": [ [ [ 77.174483526140648, 11.468516902014255 ], [ 77.174483526140648, 11.468792311076868 ], [ 77.174208117078024, 11.468792311076868 ], [ 77.174208117078024, 11.468516902014255 ], [ 77.174483526140648, 11.468516902014255 ] ] ] } },
{ "type": "Feature", "properties": { "feature_id": "bld_1343", "name": "Building 1343 (Bhavani Valley Perimeter)", "feature_type": "building", "category": "building" }, "geometry": { "type": "Polygon", "coordinates": [ [ [ 77.135860951164986, 11.442684191969127 ], [ 77.135860951164986, 11.442947505101762 ], [ 77.135597638032337, 11.442947505101762 ], [ 77.135597638032337, 11.442684191969127 ], [ 77.135860951164986, 11.442684191969127 ] ] ] } },
{ "type": "Feature", "properties": { "feature_id": "bld_1344", "name": "Building 1344 (Bhavani Valley Perimeter)", "feature_type": "building", "category": "building" }, "geometry": { "type": "Polygon", "coordinates": [ [ [ 77.13254165053867, 11.468464596185518 ], [ 77.13254165053867, 11.468662486337395 ], [ 77.132343760386803, 11.468662486337395 ], [ 77.132343760386803, 11.468464596185518 ], [ 77.13254165053867, 11.468464596185518 ] ] ] } },
{ "type": "Feature", "properties": { "feature_id": "bld_1345", "name": "Building 1345 (Bhavani Valley Perimeter)", "feature_type": "building", "category": "building" }, "geometry": { "type": "Polygon", "coordinates": [ [ [ 77.107401601238152, 11.484538155668831 ], [ 77.107401601238152, 11.484720023879943 ], [ 77.107219733027037, 11.484720023879943 ], [ 77.107219733027037, 11.484538155668831 ], [ 77.107401601238152, 11.484538155668831 ] ] ] } },
{ "type": "Feature", "properties": { "feature_id": "bld_1346", "name": "Building 1346 (Bhavani Valley Perimeter)", "feature_type": "building", "category": "building" }, "geometry": { "type": "Polygon", "coordinates": [ [ [ 77.189093456723995, 11.483728429361049 ], [ 77.189093456723995, 11.483999563895596 ], [ 77.188822322189438, 11.483999563895596 ], [ 77.188822322189438, 11.483728429361049 ], [ 77.189093456723995, 11.483728429361049 ] ] ] } },
{ "type": "Feature", "properties": { "feature_id": "bld_1347", "name": "Building 1347 (Bhavani Valley Perimeter)", "feature_type": "building", "category": "building" }, "geometry": { "type": "Polygon", "coordinates": [ [ [ 77.15948869369555, 11.463749725404377 ], [ 77.15948869369555, 11.46403097962073 ], [ 77.159207439479189, 11.46403097962073 ], [ 77.159207439479189, 11.463749725404377 ], [ 77.15948869369555, 11.463749725404377 ] ] ] } },
{ "type": "Feature", "properties": { "feature_id": "bld_1348", "name": "Building 1348 (Bhavani Valley Perimeter)", "feature_type": "building", "category": "building" }, "geometry": { "type": "Polygon", "coordinates": [ [ [ 77.126172914243597, 11.458260703326388 ], [ 77.126172914243597, 11.4585074179221 ], [ 77.125926199647893, 11.4585074179221 ], [ 77.125926199647893, 11.458260703326388 ], [ 77.126172914243597, 11.458260703326388 ] ] ] } },
{ "type": "Feature", "properties": { "feature_id": "bld_1349", "name": "Building 1349 (Bhavani Valley Perimeter)", "feature_type": "building", "category": "building" }, "geometry": { "type": "Polygon", "coordinates": [ [ [ 77.137110262754973, 11.456271202777788 ], [ 77.137110262754973, 11.45647744263124 ], [ 77.136904022901533, 11.45647744263124 ], [ 77.136904022901533, 11.456271202777788 ], [ 77.137110262754973, 11.456271202777788 ] ] ] } },
{ "type": "Feature", "properties": { "feature_id": "bld_1350", "name": "Building 1350 (Bhavani Valley Perimeter)", "feature_type": "building", "category": "building" }, "geometry": { "type": "Polygon", "coordinates": [ [ [ 77.150874970488076, 11.477434619414295 ], [ 77.150874970488076, 11.477622833387217 ], [ 77.150686756515142, 11.477622833387217 ], [ 77.150686756515142, 11.477434619414295 ], [ 77.150874970488076, 11.477434619414295 ] ] ] } },
{ "type": "Feature", "properties": { "feature_id": "bld_1351", "name": "Building 1351 (Bhavani Valley Perimeter)", "feature_type": "building", "category": "building" }, "geometry": { "type": "Polygon", "coordinates": [ [ [ 77.1842366026127, 11.469316753562524 ], [ 77.1842366026127, 11.469592011812299 ], [ 77.183961344362913, 11.469592011812299 ], [ 77.183961344362913, 11.469316753562524 ], [ 77.1842366026127, 11.469316753562524 ] ] ] } },
{ "type": "Feature", "properties": { "feature_id": "bld_1352", "name": "Building 1352 (Bhavani Valley Perimeter)", "feature_type": "building", "category": "building" }, "geometry": { "type": "Polygon", "coordinates": [ [ [ 77.150138296364503, 11.473894701043388 ], [ 77.150138296364503, 11.474056969099017 ], [ 77.149976028308885, 11.474056969099017 ], [ 77.149976028308885, 11.473894701043388 ], [ 77.150138296364503, 11.473894701043388 ] ] ] } },
{ "type": "Feature", "properties": { "feature_id": "bld_1353", "name": "Building 1353 (Bhavani Valley Perimeter)", "feature_type": "building", "category": "building" }, "geometry": { "type": "Polygon", "coordinates": [ [ [ 77.173796532166506, 11.436864649017924 ], [ 77.173796532166506, 11.437149236890615 ], [ 77.173511944293807, 11.437149236890615 ], [ 77.173511944293807, 11.436864649017924 ], [ 77.173796532166506, 11.436864649017924 ] ] ] } },
{ "type": "Feature", "properties": { "feature_id": "bld_1354", "name": "Building 1354 (Bhavani Valley Perimeter)", "feature_type": "building", "category": "building" }, "geometry": { "type": "Polygon", "coordinates": [ [ [ 77.189371369550415, 11.4496086508099 ], [ 77.189371369550415, 11.449798095407779 ], [ 77.189181924952535, 11.449798095407779 ], [ 77.189181924952535, 11.4496086508099 ], [ 77.189371369550415, 11.4496086508099 ] ] ] } },
{ "type": "Feature", "properties": { "feature_id": "bld_1355", "name": "Building 1355 (Bhavani Valley Perimeter)", "feature_type": "building", "category": "building" }, "geometry": { "type": "Polygon", "coordinates": [ [ [ 77.169023292114048, 11.447510727679191 ], [ 77.169023292114048, 11.447791906412835 ], [ 77.168742113380404, 11.447791906412835 ], [ 77.168742113380404, 11.447510727679191 ], [ 77.169023292114048, 11.447510727679191 ] ] ] } },
{ "type": "Feature", "properties": { "feature_id": "bld_1356", "name": "Building 1356 (Bhavani Valley Perimeter)", "feature_type": "building", "category": "building" }, "geometry": { "type": "Polygon", "coordinates": [ [ [ 77.109404373903033, 11.441149219210113 ], [ 77.109404373903033, 11.441446300427826 ], [ 77.109107292685309, 11.441446300427826 ], [ 77.109107292685309, 11.441149219210113 ], [ 77.109404373903033, 11.441149219210113 ] ] ] } },
{ "type": "Feature", "properties": { "feature_id": "bld_1357", "name": "Building 1357 (Bhavani Valley Perimeter)", "feature_type": "building", "category": "building" }, "geometry": { "type": "Polygon", "coordinates": [ [ [ 77.16074820390071, 11.477241658165033 ], [ 77.16074820390071, 11.477447064277863 ], [ 77.160542797787883, 11.477447064277863 ], [ 77.160542797787883, 11.477241658165033 ], [ 77.16074820390071, 11.477241658165033 ] ] ] } },
{ "type": "Feature", "properties": { "feature_id": "bld_1358", "name": "Building 1358 (Bhavani Valley Perimeter)", "feature_type": "building", "category": "building" }, "geometry": { "type": "Polygon", "coordinates": [ [ [ 77.161005757965256, 11.46458987085702 ], [ 77.161005757965256, 11.464834311873839 ], [ 77.160761316948452, 11.464834311873839 ], [ 77.160761316948452, 11.46458987085702 ], [ 77.161005757965256, 11.46458987085702 ] ] ] } },
{ "type": "Feature", "properties": { "feature_id": "bld_1359", "name": "Building 1359 (Bhavani Valley Perimeter)", "feature_type": "building", "category": "building" }, "geometry": { "type": "Polygon", "coordinates": [ [ [ 77.161537955724242, 11.463657924290603 ], [ 77.161537955724242, 11.463877993022306 ], [ 77.161317886992549, 11.463877993022306 ], [ 77.161317886992549, 11.463657924290603 ], [ 77.161537955724242, 11.463657924290603 ] ] ] } },
{ "type": "Feature", "properties": { "feature_id": "bld_1360", "name": "Building 1360 (Bhavani Valley Perimeter)", "feature_type": "building", "category": "building" }, "geometry": { "type": "Polygon", "coordinates": [ [ [ 77.124928881564344, 11.473333227475559 ], [ 77.124928881564344, 11.47352490561576 ], [ 77.124737203424147, 11.47352490561576 ], [ 77.124737203424147, 11.473333227475559 ], [ 77.124928881564344, 11.473333227475559 ] ] ] } },
{ "type": "Feature", "properties": { "feature_id": "bld_1361", "name": "Building 1361 (Bhavani Valley Perimeter)", "feature_type": "building", "category": "building" }, "geometry": { "type": "Polygon", "coordinates": [ [ [ 77.162435660665793, 11.44654286802057 ], [ 77.162435660665793, 11.446790414244363 ], [ 77.162188114442003, 11.446790414244363 ], [ 77.162188114442003, 11.44654286802057 ], [ 77.162435660665793, 11.44654286802057 ] ] ] } },
{ "type": "Feature", "properties": { "feature_id": "bld_1362", "name": "Building 1362 (Bhavani Valley Perimeter)", "feature_type": "building", "category": "building" }, "geometry": { "type": "Polygon", "coordinates": [ [ [ 77.167321240072667, 11.445851498414266 ], [ 77.167321240072667, 11.446019890476387 ], [ 77.167152848010559, 11.446019890476387 ], [ 77.167152848010559, 11.445851498414266 ], [ 77.167321240072667, 11.445851498414266 ] ] ] } },
{ "type": "Feature", "properties": { "feature_id": "bld_1363", "name": "Building 1363 (Bhavani Valley Perimeter)", "feature_type": "building", "category": "building" }, "geometry": { "type": "Polygon", "coordinates": [ [ [ 77.111927098117903, 11.465160387115116 ], [ 77.111927098117903, 11.465439309611988 ], [ 77.111648175621028, 11.465439309611988 ], [ 77.111648175621028, 11.465160387115116 ], [ 77.111927098117903, 11.465160387115116 ] ] ] } },
{ "type": "Feature", "properties": { "feature_id": "bld_1364", "name": "Building 1364 (Bhavani Valley Perimeter)", "feature_type": "building", "category": "building" }, "geometry": { "type": "Polygon", "coordinates": [ [ [ 77.1041536062164, 11.471603670646866 ], [ 77.1041536062164, 11.471811455257297 ], [ 77.103945821605961, 11.471811455257297 ], [ 77.103945821605961, 11.471603670646866 ], [ 77.1041536062164, 11.471603670646866 ] ] ] } },
{ "type": "Feature", "properties": { "feature_id": "bld_1365", "name": "Building 1365 (Bhavani Valley Perimeter)", "feature_type": "building", "category": "building" }, "geometry": { "type": "Polygon", "coordinates": [ [ [ 77.14317079129809, 11.481339739486947 ], [ 77.14317079129809, 11.481546215497611 ], [ 77.142964315287415, 11.481546215497611 ], [ 77.142964315287415, 11.481339739486947 ], [ 77.14317079129809, 11.481339739486947 ] ] ] } },
{ "type": "Feature", "properties": { "feature_id": "bld_1366", "name": "Building 1366 (Bhavani Valley Perimeter)", "feature_type": "building", "category": "building" }, "geometry": { "type": "Polygon", "coordinates": [ [ [ 77.141966035964955, 11.435598408827634 ], [ 77.141966035964955, 11.435769832648436 ], [ 77.141794612144153, 11.435769832648436 ], [ 77.141794612144153, 11.435598408827634 ], [ 77.141966035964955, 11.435598408827634 ] ] ] } },
{ "type": "Feature", "properties": { "feature_id": "bld_1367", "name": "Building 1367 (Bhavani Valley Perimeter)", "feature_type": "building", "category": "building" }, "geometry": { "type": "Polygon", "coordinates": [ [ [ 77.123397439474942, 11.436268415768231 ], [ 77.123397439474942, 11.436516808313877 ], [ 77.123149046929299, 11.436516808313877 ], [ 77.123149046929299, 11.436268415768231 ], [ 77.123397439474942, 11.436268415768231 ] ] ] } },
{ "type": "Feature", "properties": { "feature_id": "bld_1368", "name": "Building 1368 (Bhavani Valley Perimeter)", "feature_type": "building", "category": "building" }, "geometry": { "type": "Polygon", "coordinates": [ [ [ 77.138468077415155, 11.462315034833388 ], [ 77.138468077415155, 11.462499485439412 ], [ 77.138283626809141, 11.462499485439412 ], [ 77.138283626809141, 11.462315034833388 ], [ 77.138468077415155, 11.462315034833388 ] ] ] } },
{ "type": "Feature", "properties": { "feature_id": "bld_1369", "name": "Building 1369 (Bhavani Valley Perimeter)", "feature_type": "building", "category": "building" }, "geometry": { "type": "Polygon", "coordinates": [ [ [ 77.126781453839939, 11.468043652551982 ], [ 77.126781453839939, 11.46833879493329 ], [ 77.126486311458635, 11.46833879493329 ], [ 77.126486311458635, 11.468043652551982 ], [ 77.126781453839939, 11.468043652551982 ] ] ] } },
{ "type": "Feature", "properties": { "feature_id": "bld_1370", "name": "Building 1370 (Bhavani Valley Perimeter)", "feature_type": "building", "category": "building" }, "geometry": { "type": "Polygon", "coordinates": [ [ [ 77.104657891308293, 11.479398834358671 ], [ 77.104657891308293, 11.479639597726853 ], [ 77.104417127940096, 11.479639597726853 ], [ 77.104417127940096, 11.479398834358671 ], [ 77.104657891308293, 11.479398834358671 ] ] ] } },
{ "type": "Feature", "properties": { "feature_id": "bld_1371", "name": "Building 1371 (Bhavani Valley Perimeter)", "feature_type": "building", "category": "building" }, "geometry": { "type": "Polygon", "coordinates": [ [ [ 77.150837618594025, 11.459929069174374 ], [ 77.150837618594025, 11.460098784346402 ], [ 77.15066790342199, 11.460098784346402 ], [ 77.15066790342199, 11.459929069174374 ], [ 77.150837618594025, 11.459929069174374 ] ] ] } },
{ "type": "Feature", "properties": { "feature_id": "bld_1372", "name": "Building 1372 (Bhavani Valley Perimeter)", "feature_type": "building", "category": "building" }, "geometry": { "type": "Polygon", "coordinates": [ [ [ 77.108192783756238, 11.464941733182954 ], [ 77.108192783756238, 11.465149467382954 ], [ 77.107985049556248, 11.465149467382954 ], [ 77.107985049556248, 11.464941733182954 ], [ 77.108192783756238, 11.464941733182954 ] ] ] } },
{ "type": "Feature", "properties": { "feature_id": "bld_1373", "name": "Building 1373 (Bhavani Valley Perimeter)", "feature_type": "building", "category": "building" }, "geometry": { "type": "Polygon", "coordinates": [ [ [ 77.182644155694092, 11.455239497165865 ], [ 77.182644155694092, 11.455419556570083 ], [ 77.182464096289877, 11.455419556570083 ], [ 77.182464096289877, 11.455239497165865 ], [ 77.182644155694092, 11.455239497165865 ] ] ] } },
{ "type": "Feature", "properties": { "feature_id": "bld_1374", "name": "Building 1374 (Bhavani Valley Perimeter)", "feature_type": "building", "category": "building" }, "geometry": { "type": "Polygon", "coordinates": [ [ [ 77.164441477936691, 11.449550888150537 ], [ 77.164441477936691, 11.449784453993566 ], [ 77.164207912093673, 11.449784453993566 ], [ 77.164207912093673, 11.449550888150537 ], [ 77.164441477936691, 11.449550888150537 ] ] ] } },
{ "type": "Feature", "properties": { "feature_id": "bld_1375", "name": "Building 1375 (Bhavani Valley Perimeter)", "feature_type": "building", "category": "building" }, "geometry": { "type": "Polygon", "coordinates": [ [ [ 77.162940404079094, 11.479877752176467 ], [ 77.162940404079094, 11.48014865894374 ], [ 77.162669497311825, 11.48014865894374 ], [ 77.162669497311825, 11.479877752176467 ], [ 77.162940404079094, 11.479877752176467 ] ] ] } },
{ "type": "Feature", "properties": { "feature_id": "bld_1376", "name": "Building 1376 (Bhavani Valley Perimeter)", "feature_type": "building", "category": "building" }, "geometry": { "type": "Polygon", "coordinates": [ [ [ 77.161018710833616, 11.468835444394674 ], [ 77.161018710833616, 11.46912787384484 ], [ 77.160726281383461, 11.46912787384484 ], [ 77.160726281383461, 11.468835444394674 ], [ 77.161018710833616, 11.468835444394674 ] ] ] } },
{ "type": "Feature", "properties": { "feature_id": "bld_1377", "name": "Building 1377 (Bhavani Valley Perimeter)", "feature_type": "building", "category": "building" }, "geometry": { "type": "Polygon", "coordinates": [ [ [ 77.126723205593834, 11.434956567890652 ], [ 77.126723205593834, 11.435154641528968 ], [ 77.126525131955532, 11.435154641528968 ], [ 77.126525131955532, 11.434956567890652 ], [ 77.126723205593834, 11.434956567890652 ] ] ] } },
{ "type": "Feature", "properties": { "feature_id": "bld_1378", "name": "Building 1378 (Bhavani Valley Perimeter)", "feature_type": "building", "category": "building" }, "geometry": { "type": "Polygon", "coordinates": [ [ [ 77.119734583978385, 11.467967369443716 ], [ 77.119734583978385, 11.468216089067685 ], [ 77.119485864354431, 11.468216089067685 ], [ 77.119485864354431, 11.467967369443716 ], [ 77.119734583978385, 11.467967369443716 ] ] ] } },
{ "type": "Feature", "properties": { "feature_id": "bld_1379", "name": "Building 1379 (Bhavani Valley Perimeter)", "feature_type": "building", "category": "building" }, "geometry": { "type": "Polygon", "coordinates": [ [ [ 77.153542538907246, 11.435681157696662 ], [ 77.153542538907246, 11.435943186624284 ], [ 77.153280509979609, 11.435943186624284 ], [ 77.153280509979609, 11.435681157696662 ], [ 77.153542538907246, 11.435681157696662 ] ] ] } },
{ "type": "Feature", "properties": { "feature_id": "bld_1380", "name": "Building 1380 (Bhavani Valley Perimeter)", "feature_type": "building", "category": "building" }, "geometry": { "type": "Polygon", "coordinates": [ [ [ 77.129236697613692, 11.468133838960336 ], [ 77.129236697613692, 11.468371759940327 ], [ 77.128998776633694, 11.468371759940327 ], [ 77.128998776633694, 11.468133838960336 ], [ 77.129236697613692, 11.468133838960336 ] ] ] } },
{ "type": "Feature", "properties": { "feature_id": "bld_1381", "name": "Building 1381 (Bhavani Valley Perimeter)", "feature_type": "building", "category": "building" }, "geometry": { "type": "Polygon", "coordinates": [ [ [ 77.130932392611342, 11.441642204032368 ], [ 77.130932392611342, 11.441815422678042 ], [ 77.130759173965671, 11.441815422678042 ], [ 77.130759173965671, 11.441642204032368 ], [ 77.130932392611342, 11.441642204032368 ] ] ] } },
{ "type": "Feature", "properties": { "feature_id": "bld_1382", "name": "Building 1382 (Bhavani Valley Perimeter)", "feature_type": "building", "category": "building" }, "geometry": { "type": "Polygon", "coordinates": [ [ [ 77.17496213514336, 11.480794391940803 ], [ 77.17496213514336, 11.48104536226735 ], [ 77.174711164816827, 11.48104536226735 ], [ 77.174711164816827, 11.480794391940803 ], [ 77.17496213514336, 11.480794391940803 ] ] ] } },
{ "type": "Feature", "properties": { "feature_id": "bld_1383", "name": "Building 1383 (Bhavani Valley Perimeter)", "feature_type": "building", "category": "building" }, "geometry": { "type": "Polygon", "coordinates": [ [ [ 77.109440096081443, 11.454970335100406 ], [ 77.109440096081443, 11.45523238658842 ], [ 77.109178044593421, 11.45523238658842 ], [ 77.109178044593421, 11.454970335100406 ], [ 77.109440096081443, 11.454970335100406 ] ] ] } },
{ "type": "Feature", "properties": { "feature_id": "bld_1384", "name": "Building 1384 (Bhavani Valley Perimeter)", "feature_type": "building", "category": "building" }, "geometry": { "type": "Polygon", "coordinates": [ [ [ 77.170263881711222, 11.440830928964235 ], [ 77.170263881711222, 11.440990933264874 ], [ 77.170103877410597, 11.440990933264874 ], [ 77.170103877410597, 11.440830928964235 ], [ 77.170263881711222, 11.440830928964235 ] ] ] } },
{ "type": "Feature", "properties": { "feature_id": "bld_1385", "name": "Building 1385 (Bhavani Valley Perimeter)", "feature_type": "building", "category": "building" }, "geometry": { "type": "Polygon", "coordinates": [ [ [ 77.164190147822467, 11.452731995106097 ], [ 77.164190147822467, 11.452927622492522 ], [ 77.163994520436034, 11.452927622492522 ], [ 77.163994520436034, 11.452731995106097 ], [ 77.164190147822467, 11.452731995106097 ] ] ] } },
{ "type": "Feature", "properties": { "feature_id": "bld_1386", "name": "Building 1386 (Bhavani Valley Perimeter)", "feature_type": "building", "category": "building" }, "geometry": { "type": "Polygon", "coordinates": [ [ [ 77.101300352832524, 11.461875389786595 ], [ 77.101300352832524, 11.462154550889554 ], [ 77.101021191729572, 11.462154550889554 ], [ 77.101021191729572, 11.461875389786595 ], [ 77.101300352832524, 11.461875389786595 ] ] ] } },
{ "type": "Feature", "properties": { "feature_id": "bld_1387", "name": "Building 1387 (Bhavani Valley Perimeter)", "feature_type": "building", "category": "building" }, "geometry": { "type": "Polygon", "coordinates": [ [ [ 77.186302860457459, 11.463171235237722 ], [ 77.186302860457459, 11.463403259823606 ], [ 77.18607083587159, 11.463403259823606 ], [ 77.18607083587159, 11.463171235237722 ], [ 77.186302860457459, 11.463171235237722 ] ] ] } },
{ "type": "Feature", "properties": { "feature_id": "bld_1388", "name": "Building 1388 (Bhavani Valley Perimeter)", "feature_type": "building", "category": "building" }, "geometry": { "type": "Polygon", "coordinates": [ [ [ 77.107761673229547, 11.462337041541602 ], [ 77.107761673229547, 11.462550238612657 ], [ 77.107548476158499, 11.462550238612657 ], [ 77.107548476158499, 11.462337041541602 ], [ 77.107761673229547, 11.462337041541602 ] ] ] } },
{ "type": "Feature", "properties": { "feature_id": "bld_1389", "name": "Building 1389 (Bhavani Valley Perimeter)", "feature_type": "building", "category": "building" }, "geometry": { "type": "Polygon", "coordinates": [ [ [ 77.154738996218157, 11.454339496455187 ], [ 77.154738996218157, 11.454533138332469 ], [ 77.154545354340883, 11.454533138332469 ], [ 77.154545354340883, 11.454339496455187 ], [ 77.154738996218157, 11.454339496455187 ] ] ] } },
{ "type": "Feature", "properties": { "feature_id": "bld_1390", "name": "Building 1390 (Bhavani Valley Perimeter)", "feature_type": "building", "category": "building" }, "geometry": { "type": "Polygon", "coordinates": [ [ [ 77.108633639908959, 11.450659157091044 ], [ 77.108633639908959, 11.450832687367845 ], [ 77.108460109632148, 11.450832687367845 ], [ 77.108460109632148, 11.450659157091044 ], [ 77.108633639908959, 11.450659157091044 ] ] ] } },
{ "type": "Feature", "properties": { "feature_id": "bld_1391", "name": "Building 1391 (Bhavani Valley Perimeter)", "feature_type": "building", "category": "building" }, "geometry": { "type": "Polygon", "coordinates": [ [ [ 77.116031812823138, 11.484255720679993 ], [ 77.116031812823138, 11.48447789517796 ], [ 77.115809638325175, 11.48447789517796 ], [ 77.115809638325175, 11.484255720679993 ], [ 77.116031812823138, 11.484255720679993 ] ] ] } },
{ "type": "Feature", "properties": { "feature_id": "bld_1392", "name": "Building 1392 (Bhavani Valley Perimeter)", "feature_type": "building", "category": "building" }, "geometry": { "type": "Polygon", "coordinates": [ [ [ 77.148018148808475, 11.478531236613826 ], [ 77.148018148808475, 11.478830616259895 ], [ 77.14771876916241, 11.478830616259895 ], [ 77.14771876916241, 11.478531236613826 ], [ 77.148018148808475, 11.478531236613826 ] ] ] } },
{ "type": "Feature", "properties": { "feature_id": "bld_1393", "name": "Building 1393 (Bhavani Valley Perimeter)", "feature_type": "building", "category": "building" }, "geometry": { "type": "Polygon", "coordinates": [ [ [ 77.152547186312717, 11.475520805180505 ], [ 77.152547186312717, 11.475726576923911 ], [ 77.152341414569321, 11.475726576923911 ], [ 77.152341414569321, 11.475520805180505 ], [ 77.152547186312717, 11.475520805180505 ] ] ] } },
{ "type": "Feature", "properties": { "feature_id": "bld_1394", "name": "Building 1394 (Bhavani Valley Perimeter)", "feature_type": "building", "category": "building" }, "geometry": { "type": "Polygon", "coordinates": [ [ [ 77.127644031678642, 11.455008110541341 ], [ 77.127644031678642, 11.455262261558117 ], [ 77.127389880661866, 11.455262261558117 ], [ 77.127389880661866, 11.455008110541341 ], [ 77.127644031678642, 11.455008110541341 ] ] ] } },
{ "type": "Feature", "properties": { "feature_id": "bld_1395", "name": "Building 1395 (Bhavani Valley Perimeter)", "feature_type": "building", "category": "building" }, "geometry": { "type": "Polygon", "coordinates": [ [ [ 77.16148657672764, 11.450672647037782 ], [ 77.16148657672764, 11.450851296427162 ], [ 77.161307927338271, 11.450851296427162 ], [ 77.161307927338271, 11.450672647037782 ], [ 77.16148657672764, 11.450672647037782 ] ] ] } },
{ "type": "Feature", "properties": { "feature_id": "bld_1396", "name": "Building 1396 (Bhavani Valley Perimeter)", "feature_type": "building", "category": "building" }, "geometry": { "type": "Polygon", "coordinates": [ [ [ 77.157036157557471, 11.441295798633863 ], [ 77.157036157557471, 11.441536787585015 ], [ 77.156795168606308, 11.441536787585015 ], [ 77.156795168606308, 11.441295798633863 ], [ 77.157036157557471, 11.441295798633863 ] ] ] } },
{ "type": "Feature", "properties": { "feature_id": "bld_1397", "name": "Building 1397 (Bhavani Valley Perimeter)", "feature_type": "building", "category": "building" }, "geometry": { "type": "Polygon", "coordinates": [ [ [ 77.162540734572801, 11.469897831771975 ], [ 77.162540734572801, 11.470163317867469 ], [ 77.162275248477314, 11.470163317867469 ], [ 77.162275248477314, 11.469897831771975 ], [ 77.162540734572801, 11.469897831771975 ] ] ] } },
{ "type": "Feature", "properties": { "feature_id": "bld_1398", "name": "Building 1398 (Bhavani Valley Perimeter)", "feature_type": "building", "category": "building" }, "geometry": { "type": "Polygon", "coordinates": [ [ [ 77.17868846538417, 11.459866832154972 ], [ 77.17868846538417, 11.460129067041507 ], [ 77.178426230497649, 11.460129067041507 ], [ 77.178426230497649, 11.459866832154972 ], [ 77.17868846538417, 11.459866832154972 ] ] ] } },
{ "type": "Feature", "properties": { "feature_id": "bld_1399", "name": "Building 1399 (Bhavani Valley Perimeter)", "feature_type": "building", "category": "building" }, "geometry": { "type": "Polygon", "coordinates": [ [ [ 77.155807344458069, 11.444250198714744 ], [ 77.155807344458069, 11.444413795265024 ], [ 77.155643747907774, 11.444413795265024 ], [ 77.155643747907774, 11.444250198714744 ], [ 77.155807344458069, 11.444250198714744 ] ] ] } },
{ "type": "Feature", "properties": { "feature_id": "bld_1400", "name": "Building 1400 (Bhavani Valley Perimeter)", "feature_type": "building", "category": "building" }, "geometry": { "type": "Polygon", "coordinates": [ [ [ 77.125731922127031, 11.45702848790077 ], [ 77.125731922127031, 11.457274882732991 ], [ 77.125485527294799, 11.457274882732991 ], [ 77.125485527294799, 11.45702848790077 ], [ 77.125731922127031, 11.45702848790077 ] ] ] } },
{ "type": "Feature", "properties": { "feature_id": "bld_1401", "name": "Building 1401 (Bhavani Valley Perimeter)", "feature_type": "building", "category": "building" }, "geometry": { "type": "Polygon", "coordinates": [ [ [ 77.17658512823057, 11.444723497350015 ], [ 77.17658512823057, 11.444901074320601 ], [ 77.176407551259999, 11.444901074320601 ], [ 77.176407551259999, 11.444723497350015 ], [ 77.17658512823057, 11.444723497350015 ] ] ] } },
{ "type": "Feature", "properties": { "feature_id": "bld_1402", "name": "Building 1402 (Bhavani Valley Perimeter)", "feature_type": "building", "category": "building" }, "geometry": { "type": "Polygon", "coordinates": [ [ [ 77.186826689647589, 11.440288733593913 ], [ 77.186826689647589, 11.440515722343729 ], [ 77.186599700897787, 11.440515722343729 ], [ 77.186599700897787, 11.440288733593913 ], [ 77.186826689647589, 11.440288733593913 ] ] ] } },
{ "type": "Feature", "properties": { "feature_id": "bld_1403", "name": "Building 1403 (Bhavani Valley Perimeter)", "feature_type": "building", "category": "building" }, "geometry": { "type": "Polygon", "coordinates": [ [ [ 77.152786757842392, 11.46198269879438 ], [ 77.152786757842392, 11.462154743296363 ], [ 77.152614713340398, 11.462154743296363 ], [ 77.152614713340398, 11.46198269879438 ], [ 77.152786757842392, 11.46198269879438 ] ] ] } },
{ "type": "Feature", "properties": { "feature_id": "bld_1404", "name": "Building 1404 (Bhavani Valley Perimeter)", "feature_type": "building", "category": "building" }, "geometry": { "type": "Polygon", "coordinates": [ [ [ 77.105253413398202, 11.44015318023518 ], [ 77.105253413398202, 11.440395162510923 ], [ 77.105011431122449, 11.440395162510923 ], [ 77.105011431122449, 11.44015318023518 ], [ 77.105253413398202, 11.44015318023518 ] ] ] } },
{ "type": "Feature", "properties": { "feature_id": "bld_1405", "name": "Building 1405 (Bhavani Valley Perimeter)", "feature_type": "building", "category": "building" }, "geometry": { "type": "Polygon", "coordinates": [ [ [ 77.149115684077003, 11.446562395411908 ], [ 77.149115684077003, 11.446811683791767 ], [ 77.148866395697155, 11.446811683791767 ], [ 77.148866395697155, 11.446562395411908 ], [ 77.149115684077003, 11.446562395411908 ] ] ] } },
{ "type": "Feature", "properties": { "feature_id": "bld_1406", "name": "Building 1406 (Bhavani Valley Perimeter)", "feature_type": "building", "category": "building" }, "geometry": { "type": "Polygon", "coordinates": [ [ [ 77.173920944281051, 11.436964078896281 ], [ 77.173920944281051, 11.437193817088378 ], [ 77.173691206088947, 11.437193817088378 ], [ 77.173691206088947, 11.436964078896281 ], [ 77.173920944281051, 11.436964078896281 ] ] ] } },
{ "type": "Feature", "properties": { "feature_id": "bld_1407", "name": "Building 1407 (Bhavani Valley Perimeter)", "feature_type": "building", "category": "building" }, "geometry": { "type": "Polygon", "coordinates": [ [ [ 77.162139481052606, 11.447514052390114 ], [ 77.162139481052606, 11.447717140316856 ], [ 77.16193639312587, 11.447717140316856 ], [ 77.16193639312587, 11.447514052390114 ], [ 77.162139481052606, 11.447514052390114 ] ] ] } },
{ "type": "Feature", "properties": { "feature_id": "bld_1408", "name": "Building 1408 (Bhavani Valley Perimeter)", "feature_type": "building", "category": "building" }, "geometry": { "type": "Polygon", "coordinates": [ [ [ 77.155364105978464, 11.479760069962765 ], [ 77.155364105978464, 11.480033459381609 ], [ 77.155090716559613, 11.480033459381609 ], [ 77.155090716559613, 11.479760069962765 ], [ 77.155364105978464, 11.479760069962765 ] ] ] } },
{ "type": "Feature", "properties": { "feature_id": "bld_1409", "name": "Building 1409 (Bhavani Valley Perimeter)", "feature_type": "building", "category": "building" }, "geometry": { "type": "Polygon", "coordinates": [ [ [ 77.152587257291884, 11.471405548314948 ], [ 77.152587257291884, 11.471616623460775 ], [ 77.152376182146043, 11.471616623460775 ], [ 77.152376182146043, 11.471405548314948 ], [ 77.152587257291884, 11.471405548314948 ] ] ] } },
{ "type": "Feature", "properties": { "feature_id": "bld_1410", "name": "Building 1410 (Bhavani Valley Perimeter)", "feature_type": "building", "category": "building" }, "geometry": { "type": "Polygon", "coordinates": [ [ [ 77.157780193058443, 11.458215784026825 ], [ 77.157780193058443, 11.45840237508593 ], [ 77.157593601999338, 11.45840237508593 ], [ 77.157593601999338, 11.458215784026825 ], [ 77.157780193058443, 11.458215784026825 ] ] ] } },
{ "type": "Feature", "properties": { "feature_id": "bld_1411", "name": "Building 1411 (Bhavani Valley Perimeter)", "feature_type": "building", "category": "building" }, "geometry": { "type": "Polygon", "coordinates": [ [ [ 77.163261548159682, 11.462718128356704 ], [ 77.163261548159682, 11.462928335378178 ], [ 77.163051341138214, 11.462928335378178 ], [ 77.163051341138214, 11.462718128356704 ], [ 77.163261548159682, 11.462718128356704 ] ] ] } },
{ "type": "Feature", "properties": { "feature_id": "bld_1412", "name": "Building 1412 (Bhavani Valley Perimeter)", "feature_type": "building", "category": "building" }, "geometry": { "type": "Polygon", "coordinates": [ [ [ 77.182122631227656, 11.43594460177075 ], [ 77.182122631227656, 11.436148810011925 ], [ 77.181918422986485, 11.436148810011925 ], [ 77.181918422986485, 11.43594460177075 ], [ 77.182122631227656, 11.43594460177075 ] ] ] } },
{ "type": "Feature", "properties": { "feature_id": "bld_1413", "name": "Building 1413 (Bhavani Valley Perimeter)", "feature_type": "building", "category": "building" }, "geometry": { "type": "Polygon", "coordinates": [ [ [ 77.105248473321765, 11.473197218289293 ], [ 77.105248473321765, 11.473455513332869 ], [ 77.104990178278186, 11.473455513332869 ], [ 77.104990178278186, 11.473197218289293 ], [ 77.105248473321765, 11.473197218289293 ] ] ] } },
{ "type": "Feature", "properties": { "feature_id": "bld_1414", "name": "Building 1414 (Bhavani Valley Perimeter)", "feature_type": "building", "category": "building" }, "geometry": { "type": "Polygon", "coordinates": [ [ [ 77.129929415292096, 11.46867542950452 ], [ 77.129929415292096, 11.468890860716188 ], [ 77.129713984080425, 11.468890860716188 ], [ 77.129713984080425, 11.46867542950452 ], [ 77.129929415292096, 11.46867542950452 ] ] ] } },
{ "type": "Feature", "properties": { "feature_id": "bld_1415", "name": "Building 1415 (Bhavani Valley Perimeter)", "feature_type": "building", "category": "building" }, "geometry": { "type": "Polygon", "coordinates": [ [ [ 77.168171700808969, 11.457600323555887 ], [ 77.168171700808969, 11.457818042717783 ], [ 77.167953981647074, 11.457818042717783 ], [ 77.167953981647074, 11.457600323555887 ], [ 77.168171700808969, 11.457600323555887 ] ] ] } },
{ "type": "Feature", "properties": { "feature_id": "bld_1416", "name": "Building 1416 (Bhavani Valley Perimeter)", "feature_type": "building", "category": "building" }, "geometry": { "type": "Polygon", "coordinates": [ [ [ 77.184214123707747, 11.447455523680734 ], [ 77.184214123707747, 11.447632386308335 ], [ 77.18403726108015, 11.447632386308335 ], [ 77.18403726108015, 11.447455523680734 ], [ 77.184214123707747, 11.447455523680734 ] ] ] } },
{ "type": "Feature", "properties": { "feature_id": "bld_1417", "name": "Building 1417 (Bhavani Valley Perimeter)", "feature_type": "building", "category": "building" }, "geometry": { "type": "Polygon", "coordinates": [ [ [ 77.152715328938299, 11.483359641869248 ], [ 77.152715328938299, 11.483572539359168 ], [ 77.152502431448383, 11.483572539359168 ], [ 77.152502431448383, 11.483359641869248 ], [ 77.152715328938299, 11.483359641869248 ] ] ] } },
{ "type": "Feature", "properties": { "feature_id": "bld_1418", "name": "Building 1418 (Bhavani Valley Perimeter)", "feature_type": "building", "category": "building" }, "geometry": { "type": "Polygon", "coordinates": [ [ [ 77.105698723942382, 11.451849848149676 ], [ 77.105698723942382, 11.452080678581281 ], [ 77.105467893510777, 11.452080678581281 ], [ 77.105467893510777, 11.451849848149676 ], [ 77.105698723942382, 11.451849848149676 ] ] ] } },
{ "type": "Feature", "properties": { "feature_id": "bld_1419", "name": "Building 1419 (Bhavani Valley Perimeter)", "feature_type": "building", "category": "building" }, "geometry": { "type": "Polygon", "coordinates": [ [ [ 77.114722913054123, 11.467755268445593 ], [ 77.114722913054123, 11.468054953360056 ], [ 77.114423228139657, 11.468054953360056 ], [ 77.114423228139657, 11.467755268445593 ], [ 77.114722913054123, 11.467755268445593 ] ] ] } },
{ "type": "Feature", "properties": { "feature_id": "bld_1420", "name": "Building 1420 (Bhavani Valley Perimeter)", "feature_type": "building", "category": "building" }, "geometry": { "type": "Polygon", "coordinates": [ [ [ 77.140764602130005, 11.452628378544832 ], [ 77.140764602130005, 11.45284447712819 ], [ 77.14054850354664, 11.45284447712819 ], [ 77.14054850354664, 11.452628378544832 ], [ 77.140764602130005, 11.452628378544832 ] ] ] } },
{ "type": "Feature", "properties": { "feature_id": "bld_1421", "name": "Building 1421 (Bhavani Valley Perimeter)", "feature_type": "building", "category": "building" }, "geometry": { "type": "Polygon", "coordinates": [ [ [ 77.11047219385145, 11.479054642275425 ], [ 77.11047219385145, 11.479272717867197 ], [ 77.110254118259689, 11.479272717867197 ], [ 77.110254118259689, 11.479054642275425 ], [ 77.11047219385145, 11.479054642275425 ] ] ] } },
{ "type": "Feature", "properties": { "feature_id": "bld_1422", "name": "Building 1422 (Bhavani Valley Perimeter)", "feature_type": "building", "category": "building" }, "geometry": { "type": "Polygon", "coordinates": [ [ [ 77.134965639367692, 11.467873571307059 ], [ 77.134965639367692, 11.468095455985988 ], [ 77.13474375468877, 11.468095455985988 ], [ 77.13474375468877, 11.467873571307059 ], [ 77.134965639367692, 11.467873571307059 ] ] ] } },
{ "type": "Feature", "properties": { "feature_id": "bld_1423", "name": "Building 1423 (Bhavani Valley Perimeter)", "feature_type": "building", "category": "building" }, "geometry": { "type": "Polygon", "coordinates": [ [ [ 77.158477972826773, 11.437935353872479 ], [ 77.158477972826773, 11.438209275140601 ], [ 77.158204051558641, 11.438209275140601 ], [ 77.158204051558641, 11.437935353872479 ], [ 77.158477972826773, 11.437935353872479 ] ] ] } },
{ "type": "Feature", "properties": { "feature_id": "bld_1424", "name": "Building 1424 (Bhavani Valley Perimeter)", "feature_type": "building", "category": "building" }, "geometry": { "type": "Polygon", "coordinates": [ [ [ 77.18479217537417, 11.467291449692949 ], [ 77.18479217537417, 11.46758508892299 ], [ 77.184498536144119, 11.46758508892299 ], [ 77.184498536144119, 11.467291449692949 ], [ 77.18479217537417, 11.467291449692949 ] ] ] } },
{ "type": "Feature", "properties": { "feature_id": "bld_1425", "name": "Building 1425 (Bhavani Valley Perimeter)", "feature_type": "building", "category": "building" }, "geometry": { "type": "Polygon", "coordinates": [ [ [ 77.113751034764675, 11.458748683002641 ], [ 77.113751034764675, 11.458992935945394 ], [ 77.113506781821911, 11.458992935945394 ], [ 77.113506781821911, 11.458748683002641 ], [ 77.113751034764675, 11.458748683002641 ] ] ] } },
{ "type": "Feature", "properties": { "feature_id": "bld_1426", "name": "Building 1426 (Bhavani Valley Perimeter)", "feature_type": "building", "category": "building" }, "geometry": { "type": "Polygon", "coordinates": [ [ [ 77.152459964176558, 11.454969423045796 ], [ 77.152459964176558, 11.455176754863107 ], [ 77.15225263235925, 11.455176754863107 ], [ 77.15225263235925, 11.454969423045796 ], [ 77.152459964176558, 11.454969423045796 ] ] ] } },
{ "type": "Feature", "properties": { "feature_id": "bld_1427", "name": "Building 1427 (Bhavani Valley Perimeter)", "feature_type": "building", "category": "building" }, "geometry": { "type": "Polygon", "coordinates": [ [ [ 77.111505548286587, 11.454495736271056 ], [ 77.111505548286587, 11.454678508785172 ], [ 77.111322775772479, 11.454678508785172 ], [ 77.111322775772479, 11.454495736271056 ], [ 77.111505548286587, 11.454495736271056 ] ] ] } },
{ "type": "Feature", "properties": { "feature_id": "bld_1428", "name": "Building 1428 (Bhavani Valley Perimeter)", "feature_type": "building", "category": "building" }, "geometry": { "type": "Polygon", "coordinates": [ [ [ 77.166177010455669, 11.44535744720336 ], [ 77.166177010455669, 11.445525646346098 ], [ 77.166008811312935, 11.445525646346098 ], [ 77.166008811312935, 11.44535744720336 ], [ 77.166177010455669, 11.44535744720336 ] ] ] } },
{ "type": "Feature", "properties": { "feature_id": "bld_1429", "name": "Building 1429 (Bhavani Valley Perimeter)", "feature_type": "building", "category": "building" }, "geometry": { "type": "Polygon", "coordinates": [ [ [ 77.149853986317837, 11.464620452721681 ], [ 77.149853986317837, 11.464902520550259 ], [ 77.149571918489258, 11.464902520550259 ], [ 77.149571918489258, 11.464620452721681 ], [ 77.149853986317837, 11.464620452721681 ] ] ] } },
{ "type": "Feature", "properties": { "feature_id": "bld_1430", "name": "Building 1430 (Bhavani Valley Perimeter)", "feature_type": "building", "category": "building" }, "geometry": { "type": "Polygon", "coordinates": [ [ [ 77.152064555949295, 11.452137831854465 ], [ 77.152064555949295, 11.452410253517879 ], [ 77.15179213428587, 11.452410253517879 ], [ 77.15179213428587, 11.452137831854465 ], [ 77.152064555949295, 11.452137831854465 ] ] ] } },
{ "type": "Feature", "properties": { "feature_id": "bld_1431", "name": "Building 1431 (Bhavani Valley Perimeter)", "feature_type": "building", "category": "building" }, "geometry": { "type": "Polygon", "coordinates": [ [ [ 77.148744709926092, 11.438844404692338 ], [ 77.148744709926092, 11.439083623770783 ], [ 77.14850549084764, 11.439083623770783 ], [ 77.14850549084764, 11.438844404692338 ], [ 77.148744709926092, 11.438844404692338 ] ] ] } },
{ "type": "Feature", "properties": { "feature_id": "bld_1432", "name": "Building 1432 (Bhavani Valley Perimeter)", "feature_type": "building", "category": "building" }, "geometry": { "type": "Polygon", "coordinates": [ [ [ 77.181822411894089, 11.454714888468779 ], [ 77.181822411894089, 11.454916374081044 ], [ 77.181620926281809, 11.454916374081044 ], [ 77.181620926281809, 11.454714888468779 ], [ 77.181822411894089, 11.454714888468779 ] ] ] } },
{ "type": "Feature", "properties": { "feature_id": "bld_1433", "name": "Building 1433 (Bhavani Valley Perimeter)", "feature_type": "building", "category": "building" }, "geometry": { "type": "Polygon", "coordinates": [ [ [ 77.113022545135522, 11.442461982092865 ], [ 77.113022545135522, 11.442682570100672 ], [ 77.112801957127715, 11.442682570100672 ], [ 77.112801957127715, 11.442461982092865 ], [ 77.113022545135522, 11.442461982092865 ] ] ] } },
{ "type": "Feature", "properties": { "feature_id": "bld_1434", "name": "Building 1434 (Bhavani Valley Perimeter)", "feature_type": "building", "category": "building" }, "geometry": { "type": "Polygon", "coordinates": [ [ [ 77.153756953975773, 11.438885000457248 ], [ 77.153756953975773, 11.439176540059712 ], [ 77.153465414373301, 11.439176540059712 ], [ 77.153465414373301, 11.438885000457248 ], [ 77.153756953975773, 11.438885000457248 ] ] ] } },
{ "type": "Feature", "properties": { "feature_id": "bld_1435", "name": "Building 1435 (Bhavani Valley Perimeter)", "feature_type": "building", "category": "building" }, "geometry": { "type": "Polygon", "coordinates": [ [ [ 77.168100016277023, 11.464193205207216 ], [ 77.168100016277023, 11.464469186621148 ], [ 77.167824034863102, 11.464469186621148 ], [ 77.167824034863102, 11.464193205207216 ], [ 77.168100016277023, 11.464193205207216 ] ] ] } },
{ "type": "Feature", "properties": { "feature_id": "bld_1436", "name": "Building 1436 (Bhavani Valley Perimeter)", "feature_type": "building", "category": "building" }, "geometry": { "type": "Polygon", "coordinates": [ [ [ 77.107340914631962, 11.458717837367775 ], [ 77.107340914631962, 11.458966050405536 ], [ 77.107092701594198, 11.458966050405536 ], [ 77.107092701594198, 11.458717837367775 ], [ 77.107340914631962, 11.458717837367775 ] ] ] } },
{ "type": "Feature", "properties": { "feature_id": "bld_1437", "name": "Building 1437 (Bhavani Valley Perimeter)", "feature_type": "building", "category": "building" }, "geometry": { "type": "Polygon", "coordinates": [ [ [ 77.17467815639813, 11.474074083154983 ], [ 77.17467815639813, 11.474272872849943 ], [ 77.174479366703167, 11.474272872849943 ], [ 77.174479366703167, 11.474074083154983 ], [ 77.17467815639813, 11.474074083154983 ] ] ] } },
{ "type": "Feature", "properties": { "feature_id": "bld_1438", "name": "Building 1438 (Bhavani Valley Perimeter)", "feature_type": "building", "category": "building" }, "geometry": { "type": "Polygon", "coordinates": [ [ [ 77.18482047461363, 11.441076032718239 ], [ 77.18482047461363, 11.441358551424848 ], [ 77.184537955907032, 11.441358551424848 ], [ 77.184537955907032, 11.441076032718239 ], [ 77.18482047461363, 11.441076032718239 ] ] ] } },
{ "type": "Feature", "properties": { "feature_id": "bld_1439", "name": "Building 1439 (Bhavani Valley Perimeter)", "feature_type": "building", "category": "building" }, "geometry": { "type": "Polygon", "coordinates": [ [ [ 77.187515167088904, 11.443727131536638 ], [ 77.187515167088904, 11.443988220785625 ], [ 77.18725407783991, 11.443988220785625 ], [ 77.18725407783991, 11.443727131536638 ], [ 77.187515167088904, 11.443727131536638 ] ] ] } },
{ "type": "Feature", "properties": { "feature_id": "bld_1440", "name": "Building 1440 (Bhavani Valley Perimeter)", "feature_type": "building", "category": "building" }, "geometry": { "type": "Polygon", "coordinates": [ [ [ 77.103741836520967, 11.455155001426014 ], [ 77.103741836520967, 11.455387281087901 ], [ 77.103509556859066, 11.455387281087901 ], [ 77.103509556859066, 11.455155001426014 ], [ 77.103741836520967, 11.455155001426014 ] ] ] } },
{ "type": "Feature", "properties": { "feature_id": "bld_1441", "name": "Building 1441 (Bhavani Valley Perimeter)", "feature_type": "building", "category": "building" }, "geometry": { "type": "Polygon", "coordinates": [ [ [ 77.152385127879981, 11.481669804864316 ], [ 77.152385127879981, 11.481923919960538 ], [ 77.152131012783755, 11.481923919960538 ], [ 77.152131012783755, 11.481669804864316 ], [ 77.152385127879981, 11.481669804864316 ] ] ] } },
{ "type": "Feature", "properties": { "feature_id": "bld_1442", "name": "Building 1442 (Bhavani Valley Perimeter)", "feature_type": "building", "category": "building" }, "geometry": { "type": "Polygon", "coordinates": [ [ [ 77.143461552907198, 11.475337214515829 ], [ 77.143461552907198, 11.475630289110761 ], [ 77.143168478312262, 11.475630289110761 ], [ 77.143168478312262, 11.475337214515829 ], [ 77.143461552907198, 11.475337214515829 ] ] ] } },
{ "type": "Feature", "properties": { "feature_id": "bld_1443", "name": "Building 1443 (Bhavani Valley Perimeter)", "feature_type": "building", "category": "building" }, "geometry": { "type": "Polygon", "coordinates": [ [ [ 77.102071982631131, 11.484040034363067 ], [ 77.102071982631131, 11.484212092862537 ], [ 77.101899924131672, 11.484212092862537 ], [ 77.101899924131672, 11.484040034363067 ], [ 77.102071982631131, 11.484040034363067 ] ] ] } },
{ "type": "Feature", "properties": { "feature_id": "bld_1444", "name": "Building 1444 (Bhavani Valley Perimeter)", "feature_type": "building", "category": "building" }, "geometry": { "type": "Polygon", "coordinates": [ [ [ 77.173384062710227, 11.448927485051527 ], [ 77.173384062710227, 11.449105990203613 ], [ 77.173205557558134, 11.449105990203613 ], [ 77.173205557558134, 11.448927485051527 ], [ 77.173384062710227, 11.448927485051527 ] ] ] } },
{ "type": "Feature", "properties": { "feature_id": "bld_1445", "name": "Building 1445 (Bhavani Valley Perimeter)", "feature_type": "building", "category": "building" }, "geometry": { "type": "Polygon", "coordinates": [ [ [ 77.139693674203386, 11.467091162343229 ], [ 77.139693674203386, 11.467304495601534 ], [ 77.139480340945084, 11.467304495601534 ], [ 77.139480340945084, 11.467091162343229 ], [ 77.139693674203386, 11.467091162343229 ] ] ] } },
{ "type": "Feature", "properties": { "feature_id": "bld_1446", "name": "Building 1446 (Bhavani Valley Perimeter)", "feature_type": "building", "category": "building" }, "geometry": { "type": "Polygon", "coordinates": [ [ [ 77.105054054974772, 11.464829888753609 ], [ 77.105054054974772, 11.465116225212263 ], [ 77.104767718516115, 11.465116225212263 ], [ 77.104767718516115, 11.464829888753609 ], [ 77.105054054974772, 11.464829888753609 ] ] ] } },
{ "type": "Feature", "properties": { "feature_id": "bld_1447", "name": "Building 1447 (Bhavani Valley Perimeter)", "feature_type": "building", "category": "building" }, "geometry": { "type": "Polygon", "coordinates": [ [ [ 77.134600363349463, 11.445705658467327 ], [ 77.134600363349463, 11.445927619295757 ], [ 77.134378402521023, 11.445927619295757 ], [ 77.134378402521023, 11.445705658467327 ], [ 77.134600363349463, 11.445705658467327 ] ] ] } },
{ "type": "Feature", "properties": { "feature_id": "bld_1448", "name": "Building 1448 (Bhavani Valley Perimeter)", "feature_type": "building", "category": "building" }, "geometry": { "type": "Polygon", "coordinates": [ [ [ 77.104490487851152, 11.475886535367247 ], [ 77.104490487851152, 11.476162223080779 ], [ 77.104214800137626, 11.476162223080779 ], [ 77.104214800137626, 11.475886535367247 ], [ 77.104490487851152, 11.475886535367247 ] ] ] } },
{ "type": "Feature", "properties": { "feature_id": "bld_1449", "name": "Building 1449 (Bhavani Valley Perimeter)", "feature_type": "building", "category": "building" }, "geometry": { "type": "Polygon", "coordinates": [ [ [ 77.153056026544178, 11.452519159611409 ], [ 77.153056026544178, 11.452791129282431 ], [ 77.152784056873159, 11.452791129282431 ], [ 77.152784056873159, 11.452519159611409 ], [ 77.153056026544178, 11.452519159611409 ] ] ] } },
{ "type": "Feature", "properties": { "feature_id": "bld_1450", "name": "Building 1450 (Bhavani Valley Perimeter)", "feature_type": "building", "category": "building" }, "geometry": { "type": "Polygon", "coordinates": [ [ [ 77.150046034346431, 11.476172413312019 ], [ 77.150046034346431, 11.476420817542982 ], [ 77.149797630115458, 11.476420817542982 ], [ 77.149797630115458, 11.476172413312019 ], [ 77.150046034346431, 11.476172413312019 ] ] ] } },
{ "type": "Feature", "properties": { "feature_id": "bld_1451", "name": "Building 1451 (Bhavani Valley Perimeter)", "feature_type": "building", "category": "building" }, "geometry": { "type": "Polygon", "coordinates": [ [ [ 77.17070548246393, 11.464819159786114 ], [ 77.17070548246393, 11.465037139535664 ], [ 77.17048750271438, 11.465037139535664 ], [ 77.17048750271438, 11.464819159786114 ], [ 77.17070548246393, 11.464819159786114 ] ] ] } },
{ "type": "Feature", "properties": { "feature_id": "bld_1452", "name": "Building 1452 (Bhavani Valley Perimeter)", "feature_type": "building", "category": "building" }, "geometry": { "type": "Polygon", "coordinates": [ [ [ 77.186337483659656, 11.461933334977644 ], [ 77.186337483659656, 11.462178047510239 ], [ 77.186092771127051, 11.462178047510239 ], [ 77.186092771127051, 11.461933334977644 ], [ 77.186337483659656, 11.461933334977644 ] ] ] } },
{ "type": "Feature", "properties": { "feature_id": "bld_1453", "name": "Building 1453 (Bhavani Valley Perimeter)", "feature_type": "building", "category": "building" }, "geometry": { "type": "Polygon", "coordinates": [ [ [ 77.11996390008278, 11.4661625269359 ], [ 77.11996390008278, 11.466402552006826 ], [ 77.119723875011857, 11.466402552006826 ], [ 77.119723875011857, 11.4661625269359 ], [ 77.11996390008278, 11.4661625269359 ] ] ] } },
{ "type": "Feature", "properties": { "feature_id": "bld_1454", "name": "Building 1454 (Bhavani Valley Perimeter)", "feature_type": "building", "category": "building" }, "geometry": { "type": "Polygon", "coordinates": [ [ [ 77.116757760967602, 11.437857049715277 ], [ 77.116757760967602, 11.438101660020038 ], [ 77.116513150662854, 11.438101660020038 ], [ 77.116513150662854, 11.437857049715277 ], [ 77.116757760967602, 11.437857049715277 ] ] ] } },
{ "type": "Feature", "properties": { "feature_id": "bld_1455", "name": "Building 1455 (Bhavani Valley Perimeter)", "feature_type": "building", "category": "building" }, "geometry": { "type": "Polygon", "coordinates": [ [ [ 77.168828178325299, 11.461074194462327 ], [ 77.168828178325299, 11.461265942629872 ], [ 77.168636430157761, 11.461265942629872 ], [ 77.168636430157761, 11.461074194462327 ], [ 77.168828178325299, 11.461074194462327 ] ] ] } },
{ "type": "Feature", "properties": { "feature_id": "bld_1456", "name": "Building 1456 (Bhavani Valley Perimeter)", "feature_type": "building", "category": "building" }, "geometry": { "type": "Polygon", "coordinates": [ [ [ 77.160097906261697, 11.438894357971146 ], [ 77.160097906261697, 11.439116214689816 ], [ 77.15987604954303, 11.439116214689816 ], [ 77.15987604954303, 11.438894357971146 ], [ 77.160097906261697, 11.438894357971146 ] ] ] } },
{ "type": "Feature", "properties": { "feature_id": "bld_1457", "name": "Building 1457 (Bhavani Valley Perimeter)", "feature_type": "building", "category": "building" }, "geometry": { "type": "Polygon", "coordinates": [ [ [ 77.114797168832297, 11.444128791976553 ], [ 77.114797168832297, 11.444317113129436 ], [ 77.11460884767942, 11.444317113129436 ], [ 77.11460884767942, 11.444128791976553 ], [ 77.114797168832297, 11.444128791976553 ] ] ] } },
{ "type": "Feature", "properties": { "feature_id": "bld_1458", "name": "Building 1458 (Bhavani Valley Perimeter)", "feature_type": "building", "category": "building" }, "geometry": { "type": "Polygon", "coordinates": [ [ [ 77.134911480674816, 11.437449664740155 ], [ 77.134911480674816, 11.437665355821887 ], [ 77.134695789593081, 11.437665355821887 ], [ 77.134695789593081, 11.437449664740155 ], [ 77.134911480674816, 11.437449664740155 ] ] ] } },
{ "type": "Feature", "properties": { "feature_id": "bld_1459", "name": "Building 1459 (Bhavani Valley Perimeter)", "feature_type": "building", "category": "building" }, "geometry": { "type": "Polygon", "coordinates": [ [ [ 77.146160465127352, 11.459057919361289 ], [ 77.146160465127352, 11.459271509135345 ], [ 77.145946875353289, 11.459271509135345 ], [ 77.145946875353289, 11.459057919361289 ], [ 77.146160465127352, 11.459057919361289 ] ] ] } },
{ "type": "Feature", "properties": { "feature_id": "bld_1460", "name": "Building 1460 (Bhavani Valley Perimeter)", "feature_type": "building", "category": "building" }, "geometry": { "type": "Polygon", "coordinates": [ [ [ 77.175638593498434, 11.442150935848961 ], [ 77.175638593498434, 11.442381733393091 ], [ 77.1754077959543, 11.442381733393091 ], [ 77.1754077959543, 11.442150935848961 ], [ 77.175638593498434, 11.442150935848961 ] ] ] } },
{ "type": "Feature", "properties": { "feature_id": "bld_1461", "name": "Building 1461 (Bhavani Valley Perimeter)", "feature_type": "building", "category": "building" }, "geometry": { "type": "Polygon", "coordinates": [ [ [ 77.105703898135559, 11.438437613334418 ], [ 77.105703898135559, 11.438677954553373 ], [ 77.105463556916604, 11.438677954553373 ], [ 77.105463556916604, 11.438437613334418 ], [ 77.105703898135559, 11.438437613334418 ] ] ] } },
{ "type": "Feature", "properties": { "feature_id": "bld_1462", "name": "Building 1462 (Bhavani Valley Perimeter)", "feature_type": "building", "category": "building" }, "geometry": { "type": "Polygon", "coordinates": [ [ [ 77.1510607093972, 11.478782624484925 ], [ 77.1510607093972, 11.479020726799519 ], [ 77.150822607082603, 11.479020726799519 ], [ 77.150822607082603, 11.478782624484925 ], [ 77.1510607093972, 11.478782624484925 ] ] ] } },
{ "type": "Feature", "properties": { "feature_id": "bld_1463", "name": "Building 1463 (Bhavani Valley Perimeter)", "feature_type": "building", "category": "building" }, "geometry": { "type": "Polygon", "coordinates": [ [ [ 77.186468052374366, 11.437347881882063 ], [ 77.186468052374366, 11.437521602957931 ], [ 77.186294331298498, 11.437521602957931 ], [ 77.186294331298498, 11.437347881882063 ], [ 77.186468052374366, 11.437347881882063 ] ] ] } },
{ "type": "Feature", "properties": { "feature_id": "bld_1464", "name": "Building 1464 (Bhavani Valley Perimeter)", "feature_type": "building", "category": "building" }, "geometry": { "type": "Polygon", "coordinates": [ [ [ 77.104083816449091, 11.444145953608912 ], [ 77.104083816449091, 11.444381731424444 ], [ 77.103848038633558, 11.444381731424444 ], [ 77.103848038633558, 11.444145953608912 ], [ 77.104083816449091, 11.444145953608912 ] ] ] } },
{ "type": "Feature", "properties": { "feature_id": "bld_1465", "name": "Building 1465 (Bhavani Valley Perimeter)", "feature_type": "building", "category": "building" }, "geometry": { "type": "Polygon", "coordinates": [ [ [ 77.158247714290766, 11.437133039935144 ], [ 77.158247714290766, 11.437425475859722 ], [ 77.157955278366174, 11.437425475859722 ], [ 77.157955278366174, 11.437133039935144 ], [ 77.158247714290766, 11.437133039935144 ] ] ] } },
{ "type": "Feature", "properties": { "feature_id": "bld_1466", "name": "Building 1466 (Bhavani Valley Perimeter)", "feature_type": "building", "category": "building" }, "geometry": { "type": "Polygon", "coordinates": [ [ [ 77.175880287025649, 11.44974522098074 ], [ 77.175880287025649, 11.449916027234972 ], [ 77.175709480771417, 11.449916027234972 ], [ 77.175709480771417, 11.44974522098074 ], [ 77.175880287025649, 11.44974522098074 ] ] ] } },
{ "type": "Feature", "properties": { "feature_id": "bld_1467", "name": "Building 1467 (Bhavani Valley Perimeter)", "feature_type": "building", "category": "building" }, "geometry": { "type": "Polygon", "coordinates": [ [ [ 77.11537846645426, 11.441258590823198 ], [ 77.11537846645426, 11.441435850552301 ], [ 77.11520120672516, 11.441435850552301 ], [ 77.11520120672516, 11.441258590823198 ], [ 77.11537846645426, 11.441258590823198 ] ] ] } },
{ "type": "Feature", "properties": { "feature_id": "bld_1468", "name": "Building 1468 (Bhavani Valley Perimeter)", "feature_type": "building", "category": "building" }, "geometry": { "type": "Polygon", "coordinates": [ [ [ 77.146775621760071, 11.447187302344513 ], [ 77.146775621760071, 11.447397441904826 ], [ 77.146565482199748, 11.447397441904826 ], [ 77.146565482199748, 11.447187302344513 ], [ 77.146775621760071, 11.447187302344513 ] ] ] } },
{ "type": "Feature", "properties": { "feature_id": "bld_1469", "name": "Building 1469 (Bhavani Valley Perimeter)", "feature_type": "building", "category": "building" }, "geometry": { "type": "Polygon", "coordinates": [ [ [ 77.18920190865127, 11.469069283799573 ], [ 77.18920190865127, 11.469362141092962 ], [ 77.188909051357896, 11.469362141092962 ], [ 77.188909051357896, 11.469069283799573 ], [ 77.18920190865127, 11.469069283799573 ] ] ] } },
{ "type": "Feature", "properties": { "feature_id": "bld_1470", "name": "Building 1470 (Bhavani Valley Perimeter)", "feature_type": "building", "category": "building" }, "geometry": { "type": "Polygon", "coordinates": [ [ [ 77.112948921179211, 11.453988142515399 ], [ 77.112948921179211, 11.454225804967859 ], [ 77.112711258726748, 11.454225804967859 ], [ 77.112711258726748, 11.453988142515399 ], [ 77.112948921179211, 11.453988142515399 ] ] ] } },
{ "type": "Feature", "properties": { "feature_id": "bld_1471", "name": "Building 1471 (Bhavani Valley Perimeter)", "feature_type": "building", "category": "building" }, "geometry": { "type": "Polygon", "coordinates": [ [ [ 77.10703515597335, 11.435082441778032 ], [ 77.10703515597335, 11.435336302584766 ], [ 77.106781295166613, 11.435336302584766 ], [ 77.106781295166613, 11.435082441778032 ], [ 77.10703515597335, 11.435082441778032 ] ] ] } },
{ "type": "Feature", "properties": { "feature_id": "bld_1472", "name": "Building 1472 (Bhavani Valley Perimeter)", "feature_type": "building", "category": "building" }, "geometry": { "type": "Polygon", "coordinates": [ [ [ 77.157878031597448, 11.45542516541466 ], [ 77.157878031597448, 11.455653715585303 ], [ 77.157649481426802, 11.455653715585303 ], [ 77.157649481426802, 11.45542516541466 ], [ 77.157878031597448, 11.45542516541466 ] ] ] } },
{ "type": "Feature", "properties": { "feature_id": "bld_1473", "name": "Building 1473 (Bhavani Valley Perimeter)", "feature_type": "building", "category": "building" }, "geometry": { "type": "Polygon", "coordinates": [ [ [ 77.137493346065725, 11.436096776229808 ], [ 77.137493346065725, 11.43630372825468 ], [ 77.137286394040842, 11.43630372825468 ], [ 77.137286394040842, 11.436096776229808 ], [ 77.137493346065725, 11.436096776229808 ] ] ] } },
{ "type": "Feature", "properties": { "feature_id": "bld_1474", "name": "Building 1474 (Bhavani Valley Perimeter)", "feature_type": "building", "category": "building" }, "geometry": { "type": "Polygon", "coordinates": [ [ [ 77.116084373416129, 11.439774239024697 ], [ 77.116084373416129, 11.44006817988544 ], [ 77.115790432555372, 11.44006817988544 ], [ 77.115790432555372, 11.439774239024697 ], [ 77.116084373416129, 11.439774239024697 ] ] ] } },
{ "type": "Feature", "properties": { "feature_id": "bld_1475", "name": "Building 1475 (Bhavani Valley Perimeter)", "feature_type": "building", "category": "building" }, "geometry": { "type": "Polygon", "coordinates": [ [ [ 77.154044450715816, 11.471330738749803 ], [ 77.154044450715816, 11.471534889673858 ], [ 77.153840299791767, 11.471534889673858 ], [ 77.153840299791767, 11.471330738749803 ], [ 77.154044450715816, 11.471330738749803 ] ] ] } },
{ "type": "Feature", "properties": { "feature_id": "bld_1476", "name": "Building 1476 (Bhavani Valley Perimeter)", "feature_type": "building", "category": "building" }, "geometry": { "type": "Polygon", "coordinates": [ [ [ 77.135470029251422, 11.446759412097869 ], [ 77.135470029251422, 11.446932987291802 ], [ 77.135296454057482, 11.446932987291802 ], [ 77.135296454057482, 11.446759412097869 ], [ 77.135470029251422, 11.446759412097869 ] ] ] } },
{ "type": "Feature", "properties": { "feature_id": "bld_1477", "name": "Building 1477 (Bhavani Valley Perimeter)", "feature_type": "building", "category": "building" }, "geometry": { "type": "Polygon", "coordinates": [ [ [ 77.116240275576104, 11.474748274058459 ], [ 77.116240275576104, 11.475003130471187 ], [ 77.115985419163366, 11.475003130471187 ], [ 77.115985419163366, 11.474748274058459 ], [ 77.116240275576104, 11.474748274058459 ] ] ] } },
{ "type": "Feature", "properties": { "feature_id": "bld_1478", "name": "Building 1478 (Bhavani Valley Perimeter)", "feature_type": "building", "category": "building" }, "geometry": { "type": "Polygon", "coordinates": [ [ [ 77.149368169238542, 11.458609923243483 ], [ 77.149368169238542, 11.458899064043194 ], [ 77.149079028438834, 11.458899064043194 ], [ 77.149079028438834, 11.458609923243483 ], [ 77.149368169238542, 11.458609923243483 ] ] ] } },
{ "type": "Feature", "properties": { "feature_id": "bld_1479", "name": "Building 1479 (Bhavani Valley Perimeter)", "feature_type": "building", "category": "building" }, "geometry": { "type": "Polygon", "coordinates": [ [ [ 77.106650640949823, 11.448925545012147 ], [ 77.106650640949823, 11.449134536311645 ], [ 77.106441649650321, 11.449134536311645 ], [ 77.106441649650321, 11.448925545012147 ], [ 77.106650640949823, 11.448925545012147 ] ] ] } },
{ "type": "Feature", "properties": { "feature_id": "bld_1480", "name": "Building 1480 (Bhavani Valley Perimeter)", "feature_type": "building", "category": "building" }, "geometry": { "type": "Polygon", "coordinates": [ [ [ 77.170515170035173, 11.484528884072065 ], [ 77.170515170035173, 11.484722577944131 ], [ 77.17032147616311, 11.484722577944131 ], [ 77.17032147616311, 11.484528884072065 ], [ 77.170515170035173, 11.484528884072065 ] ] ] } },
{ "type": "Feature", "properties": { "feature_id": "bld_1481", "name": "Building 1481 (Bhavani Valley Perimeter)", "feature_type": "building", "category": "building" }, "geometry": { "type": "Polygon", "coordinates": [ [ [ 77.17878338609016, 11.476435412003754 ], [ 77.17878338609016, 11.476626864039423 ], [ 77.178591934054495, 11.476626864039423 ], [ 77.178591934054495, 11.476435412003754 ], [ 77.17878338609016, 11.476435412003754 ] ] ] } },
{ "type": "Feature", "properties": { "feature_id": "bld_1482", "name": "Building 1482 (Bhavani Valley Perimeter)", "feature_type": "building", "category": "building" }, "geometry": { "type": "Polygon", "coordinates": [ [ [ 77.136088407664715, 11.455335168017829 ], [ 77.136088407664715, 11.455632118911424 ], [ 77.13579145677113, 11.455632118911424 ], [ 77.13579145677113, 11.455335168017829 ], [ 77.136088407664715, 11.455335168017829 ] ] ] } },
{ "type": "Feature", "properties": { "feature_id": "bld_1483", "name": "Building 1483 (Bhavani Valley Perimeter)", "feature_type": "building", "category": "building" }, "geometry": { "type": "Polygon", "coordinates": [ [ [ 77.116383664614091, 11.474854505065247 ], [ 77.116383664614091, 11.475061292045231 ], [ 77.116176877634103, 11.475061292045231 ], [ 77.116176877634103, 11.474854505065247 ], [ 77.116383664614091, 11.474854505065247 ] ] ] } },
{ "type": "Feature", "properties": { "feature_id": "bld_1484", "name": "Building 1484 (Bhavani Valley Perimeter)", "feature_type": "building", "category": "building" }, "geometry": { "type": "Polygon", "coordinates": [ [ [ 77.165898816303269, 11.455880065031366 ], [ 77.165898816303269, 11.456121035398201 ], [ 77.165657845936437, 11.456121035398201 ], [ 77.165657845936437, 11.455880065031366 ], [ 77.165898816303269, 11.455880065031366 ] ] ] } },
{ "type": "Feature", "properties": { "feature_id": "bld_1485", "name": "Building 1485 (Bhavani Valley Perimeter)", "feature_type": "building", "category": "building" }, "geometry": { "type": "Polygon", "coordinates": [ [ [ 77.175075709222199, 11.475067628626347 ], [ 77.175075709222199, 11.475348927872043 ], [ 77.174794409976499, 11.475348927872043 ], [ 77.174794409976499, 11.475067628626347 ], [ 77.175075709222199, 11.475067628626347 ] ] ] } },
{ "type": "Feature", "properties": { "feature_id": "bld_1486", "name": "Building 1486 (Bhavani Valley Perimeter)", "feature_type": "building", "category": "building" }, "geometry": { "type": "Polygon", "coordinates": [ [ [ 77.105455358397379, 11.469512728535616 ], [ 77.105455358397379, 11.469692326768357 ], [ 77.105275760164645, 11.469692326768357 ], [ 77.105275760164645, 11.469512728535616 ], [ 77.105455358397379, 11.469512728535616 ] ] ] } },
{ "type": "Feature", "properties": { "feature_id": "bld_1487", "name": "Building 1487 (Bhavani Valley Perimeter)", "feature_type": "building", "category": "building" }, "geometry": { "type": "Polygon", "coordinates": [ [ [ 77.137531862885581, 11.462321228988802 ], [ 77.137531862885581, 11.462537612516666 ], [ 77.137315479357724, 11.462537612516666 ], [ 77.137315479357724, 11.462321228988802 ], [ 77.137531862885581, 11.462321228988802 ] ] ] } },
{ "type": "Feature", "properties": { "feature_id": "bld_1488", "name": "Building 1488 (Bhavani Valley Perimeter)", "feature_type": "building", "category": "building" }, "geometry": { "type": "Polygon", "coordinates": [ [ [ 77.146854516034225, 11.48473685022797 ], [ 77.146854516034225, 11.484915780651891 ], [ 77.146675585610311, 11.484915780651891 ], [ 77.146675585610311, 11.48473685022797 ], [ 77.146854516034225, 11.48473685022797 ] ] ] } },
{ "type": "Feature", "properties": { "feature_id": "bld_1489", "name": "Building 1489 (Bhavani Valley Perimeter)", "feature_type": "building", "category": "building" }, "geometry": { "type": "Polygon", "coordinates": [ [ [ 77.160880354766192, 11.454710737633357 ], [ 77.160880354766192, 11.454889359005206 ], [ 77.160701733394347, 11.454889359005206 ], [ 77.160701733394347, 11.454710737633357 ], [ 77.160880354766192, 11.454710737633357 ] ] ] } },
{ "type": "Feature", "properties": { "feature_id": "bld_1490", "name": "Building 1490 (Bhavani Valley Perimeter)", "feature_type": "building", "category": "building" }, "geometry": { "type": "Polygon", "coordinates": [ [ [ 77.114427880808449, 11.48232208320751 ], [ 77.114427880808449, 11.48260522741705 ], [ 77.114144736598917, 11.48260522741705 ], [ 77.114144736598917, 11.48232208320751 ], [ 77.114427880808449, 11.48232208320751 ] ] ] } },
{ "type": "Feature", "properties": { "feature_id": "bld_1491", "name": "Building 1491 (Bhavani Valley Perimeter)", "feature_type": "building", "category": "building" }, "geometry": { "type": "Polygon", "coordinates": [ [ [ 77.181728358514647, 11.484482056714068 ], [ 77.181728358514647, 11.48467122086867 ], [ 77.181539194360056, 11.48467122086867 ], [ 77.181539194360056, 11.484482056714068 ], [ 77.181728358514647, 11.484482056714068 ] ] ] } },
{ "type": "Feature", "properties": { "feature_id": "bld_1492", "name": "Building 1492 (Bhavani Valley Perimeter)", "feature_type": "building", "category": "building" }, "geometry": { "type": "Polygon", "coordinates": [ [ [ 77.132103406540551, 11.468347085318454 ], [ 77.132103406540551, 11.468574817674034 ], [ 77.131875674184982, 11.468574817674034 ], [ 77.131875674184982, 11.468347085318454 ], [ 77.132103406540551, 11.468347085318454 ] ] ] } },
{ "type": "Feature", "properties": { "feature_id": "bld_1493", "name": "Building 1493 (Bhavani Valley Perimeter)", "feature_type": "building", "category": "building" }, "geometry": { "type": "Polygon", "coordinates": [ [ [ 77.137776622648275, 11.452768997822544 ], [ 77.137776622648275, 11.453012127111014 ], [ 77.137533493359811, 11.453012127111014 ], [ 77.137533493359811, 11.452768997822544 ], [ 77.137776622648275, 11.452768997822544 ] ] ] } },
{ "type": "Feature", "properties": { "feature_id": "bld_1494", "name": "Building 1494 (Bhavani Valley Perimeter)", "feature_type": "building", "category": "building" }, "geometry": { "type": "Polygon", "coordinates": [ [ [ 77.151916430366228, 11.442959869914585 ], [ 77.151916430366228, 11.443185913491838 ], [ 77.151690386788985, 11.443185913491838 ], [ 77.151690386788985, 11.442959869914585 ], [ 77.151916430366228, 11.442959869914585 ] ] ] } },
{ "type": "Feature", "properties": { "feature_id": "bld_1495", "name": "Building 1495 (Bhavani Valley Perimeter)", "feature_type": "building", "category": "building" }, "geometry": { "type": "Polygon", "coordinates": [ [ [ 77.149907167362386, 11.463419639433067 ], [ 77.149907167362386, 11.463609054440074 ], [ 77.149717752355372, 11.463609054440074 ], [ 77.149717752355372, 11.463419639433067 ], [ 77.149907167362386, 11.463419639433067 ] ] ] } },
{ "type": "Feature", "properties": { "feature_id": "bld_1496", "name": "Building 1496 (Bhavani Valley Perimeter)", "feature_type": "building", "category": "building" }, "geometry": { "type": "Polygon", "coordinates": [ [ [ 77.166909263532588, 11.436155116511166 ], [ 77.166909263532588, 11.436364792970942 ], [ 77.166699587072813, 11.436364792970942 ], [ 77.166699587072813, 11.436155116511166 ], [ 77.166909263532588, 11.436155116511166 ] ] ] } },
{ "type": "Feature", "properties": { "feature_id": "bld_1497", "name": "Building 1497 (Bhavani Valley Perimeter)", "feature_type": "building", "category": "building" }, "geometry": { "type": "Polygon", "coordinates": [ [ [ 77.170317419738481, 11.463096364682494 ], [ 77.170317419738481, 11.463292927423046 ], [ 77.17012085699794, 11.463292927423046 ], [ 77.17012085699794, 11.463096364682494 ], [ 77.170317419738481, 11.463096364682494 ] ] ] } },
{ "type": "Feature", "properties": { "feature_id": "bld_1498", "name": "Building 1498 (Bhavani Valley Perimeter)", "feature_type": "building", "category": "building" }, "geometry": { "type": "Polygon", "coordinates": [ [ [ 77.16268151779353, 11.46323381015514 ], [ 77.16268151779353, 11.463505284260465 ], [ 77.162410043688212, 11.463505284260465 ], [ 77.162410043688212, 11.46323381015514 ], [ 77.16268151779353, 11.46323381015514 ] ] ] } },
{ "type": "Feature", "properties": { "feature_id": "bld_1499", "name": "Building 1499 (Bhavani Valley Perimeter)", "feature_type": "building", "category": "building" }, "geometry": { "type": "Polygon", "coordinates": [ [ [ 77.166266439194359, 11.46539122366454 ], [ 77.166266439194359, 11.465619568539083 ], [ 77.166038094319802, 11.465619568539083 ], [ 77.166038094319802, 11.46539122366454 ], [ 77.166266439194359, 11.46539122366454 ] ] ] } },
{ "type": "Feature", "properties": { "feature_id": "bld_1500", "name": "Building 1500 (Bhavani Valley Perimeter)", "feature_type": "building", "category": "building" }, "geometry": { "type": "Polygon", "coordinates": [ [ [ 77.112095728273175, 11.447957313931164 ], [ 77.112095728273175, 11.448175987857374 ], [ 77.111877054346962, 11.448175987857374 ], [ 77.111877054346962, 11.447957313931164 ], [ 77.112095728273175, 11.447957313931164 ] ] ] } },
{ "type": "Feature", "properties": { "feature_id": "bld_1501", "name": "Building 1501 (Bhavani Valley Perimeter)", "feature_type": "building", "category": "building" }, "geometry": { "type": "Polygon", "coordinates": [ [ [ 77.154037108747389, 11.460585219843949 ], [ 77.154037108747389, 11.460785565677583 ], [ 77.153836762913755, 11.460785565677583 ], [ 77.153836762913755, 11.460585219843949 ], [ 77.154037108747389, 11.460585219843949 ] ] ] } },
{ "type": "Feature", "properties": { "feature_id": "bld_1502", "name": "Building 1502 (Bhavani Valley Perimeter)", "feature_type": "building", "category": "building" }, "geometry": { "type": "Polygon", "coordinates": [ [ [ 77.100681786020274, 11.45971196727584 ], [ 77.100681786020274, 11.45991195491424 ], [ 77.100481798381864, 11.45991195491424 ], [ 77.100481798381864, 11.45971196727584 ], [ 77.100681786020274, 11.45971196727584 ] ] ] } },
{ "type": "Feature", "properties": { "feature_id": "bld_1503", "name": "Building 1503 (Bhavani Valley Perimeter)", "feature_type": "building", "category": "building" }, "geometry": { "type": "Polygon", "coordinates": [ [ [ 77.166235685010733, 11.436076375316734 ], [ 77.166235685010733, 11.436318251210317 ], [ 77.165993809117154, 11.436318251210317 ], [ 77.165993809117154, 11.436076375316734 ], [ 77.166235685010733, 11.436076375316734 ] ] ] } },
{ "type": "Feature", "properties": { "feature_id": "bld_1504", "name": "Building 1504 (Bhavani Valley Perimeter)", "feature_type": "building", "category": "building" }, "geometry": { "type": "Polygon", "coordinates": [ [ [ 77.184845696839901, 11.443607447891223 ], [ 77.184845696839901, 11.443833478819927 ], [ 77.1846196659112, 11.443833478819927 ], [ 77.1846196659112, 11.443607447891223 ], [ 77.184845696839901, 11.443607447891223 ] ] ] } },
{ "type": "Feature", "properties": { "feature_id": "bld_1505", "name": "Building 1505 (Bhavani Valley Perimeter)", "feature_type": "building", "category": "building" }, "geometry": { "type": "Polygon", "coordinates": [ [ [ 77.108346516481177, 11.466165558395426 ], [ 77.108346516481177, 11.466402632830709 ], [ 77.108109442045887, 11.466402632830709 ], [ 77.108109442045887, 11.466165558395426 ], [ 77.108346516481177, 11.466165558395426 ] ] ] } },
{ "type": "Feature", "properties": { "feature_id": "bld_1506", "name": "Building 1506 (Bhavani Valley Perimeter)", "feature_type": "building", "category": "building" }, "geometry": { "type": "Polygon", "coordinates": [ [ [ 77.136805657405247, 11.460926090847595 ], [ 77.136805657405247, 11.461211611299779 ], [ 77.136520136953052, 11.461211611299779 ], [ 77.136520136953052, 11.460926090847595 ], [ 77.136805657405247, 11.460926090847595 ] ] ] } },
{ "type": "Feature", "properties": { "feature_id": "bld_1507", "name": "Building 1507 (Bhavani Valley Perimeter)", "feature_type": "building", "category": "building" }, "geometry": { "type": "Polygon", "coordinates": [ [ [ 77.117806803749914, 11.435987909043339 ], [ 77.117806803749914, 11.436268542127197 ], [ 77.117526170666054, 11.436268542127197 ], [ 77.117526170666054, 11.435987909043339 ], [ 77.117806803749914, 11.435987909043339 ] ] ] } },
{ "type": "Feature", "properties": { "feature_id": "bld_1508", "name": "Building 1508 (Bhavani Valley Perimeter)", "feature_type": "building", "category": "building" }, "geometry": { "type": "Polygon", "coordinates": [ [ [ 77.152062323580537, 11.479411136607453 ], [ 77.152062323580537, 11.479654708938732 ], [ 77.151818751249266, 11.479654708938732 ], [ 77.151818751249266, 11.479411136607453 ], [ 77.152062323580537, 11.479411136607453 ] ] ] } },
{ "type": "Feature", "properties": { "feature_id": "bld_1509", "name": "Building 1509 (Bhavani Valley Perimeter)", "feature_type": "building", "category": "building" }, "geometry": { "type": "Polygon", "coordinates": [ [ [ 77.17304698829156, 11.456351177972568 ], [ 77.17304698829156, 11.456616158362948 ], [ 77.172782007901191, 11.456616158362948 ], [ 77.172782007901191, 11.456351177972568 ], [ 77.17304698829156, 11.456351177972568 ] ] ] } },
{ "type": "Feature", "properties": { "feature_id": "bld_1510", "name": "Building 1510 (Bhavani Valley Perimeter)", "feature_type": "building", "category": "building" }, "geometry": { "type": "Polygon", "coordinates": [ [ [ 77.182266386980629, 11.463513493225571 ], [ 77.182266386980629, 11.46369880314665 ], [ 77.18208107705955, 11.46369880314665 ], [ 77.18208107705955, 11.463513493225571 ], [ 77.182266386980629, 11.463513493225571 ] ] ] } },
{ "type": "Feature", "properties": { "feature_id": "bld_1511", "name": "Building 1511 (Bhavani Valley Perimeter)", "feature_type": "building", "category": "building" }, "geometry": { "type": "Polygon", "coordinates": [ [ [ 77.124289065344641, 11.444834948852938 ], [ 77.124289065344641, 11.445029508836802 ], [ 77.124094505360773, 11.445029508836802 ], [ 77.124094505360773, 11.444834948852938 ], [ 77.124289065344641, 11.444834948852938 ] ] ] } },
{ "type": "Feature", "properties": { "feature_id": "bld_1512", "name": "Building 1512 (Bhavani Valley Perimeter)", "feature_type": "building", "category": "building" }, "geometry": { "type": "Polygon", "coordinates": [ [ [ 77.127698549855651, 11.462635529923597 ], [ 77.127698549855651, 11.462877848751722 ], [ 77.127456231027523, 11.462877848751722 ], [ 77.127456231027523, 11.462635529923597 ], [ 77.127698549855651, 11.462635529923597 ] ] ] } },
{ "type": "Feature", "properties": { "feature_id": "bld_1513", "name": "Building 1513 (Bhavani Valley Perimeter)", "feature_type": "building", "category": "building" }, "geometry": { "type": "Polygon", "coordinates": [ [ [ 77.13847068749655, 11.465685328746249 ], [ 77.13847068749655, 11.465856749235835 ], [ 77.138299267006971, 11.465856749235835 ], [ 77.138299267006971, 11.465685328746249 ], [ 77.13847068749655, 11.465685328746249 ] ] ] } },
{ "type": "Feature", "properties": { "feature_id": "bld_1514", "name": "Building 1514 (Bhavani Valley Perimeter)", "feature_type": "building", "category": "building" }, "geometry": { "type": "Polygon", "coordinates": [ [ [ 77.108017206760096, 11.443475207593021 ], [ 77.108017206760096, 11.443707738442747 ], [ 77.107784675910366, 11.443707738442747 ], [ 77.107784675910366, 11.443475207593021 ], [ 77.108017206760096, 11.443475207593021 ] ] ] } },
{ "type": "Feature", "properties": { "feature_id": "bld_1515", "name": "Building 1515 (Bhavani Valley Perimeter)", "feature_type": "building", "category": "building" }, "geometry": { "type": "Polygon", "coordinates": [ [ [ 77.119367542981365, 11.449056198276097 ], [ 77.119367542981365, 11.44927224207316 ], [ 77.119151499184312, 11.44927224207316 ], [ 77.119151499184312, 11.449056198276097 ], [ 77.119367542981365, 11.449056198276097 ] ] ] } },
{ "type": "Feature", "properties": { "feature_id": "bld_1516", "name": "Building 1516 (Bhavani Valley Perimeter)", "feature_type": "building", "category": "building" }, "geometry": { "type": "Polygon", "coordinates": [ [ [ 77.173193407678355, 11.435567650278227 ], [ 77.173193407678355, 11.43581856331306 ], [ 77.172942494643507, 11.43581856331306 ], [ 77.172942494643507, 11.435567650278227 ], [ 77.173193407678355, 11.435567650278227 ] ] ] } },
{ "type": "Feature", "properties": { "feature_id": "bld_1517", "name": "Building 1517 (Bhavani Valley Perimeter)", "feature_type": "building", "category": "building" }, "geometry": { "type": "Polygon", "coordinates": [ [ [ 77.160344180499393, 11.474787496312096 ], [ 77.160344180499393, 11.475078081723566 ], [ 77.160053595087916, 11.475078081723566 ], [ 77.160053595087916, 11.474787496312096 ], [ 77.160344180499393, 11.474787496312096 ] ] ] } },
{ "type": "Feature", "properties": { "feature_id": "bld_1518", "name": "Building 1518 (Bhavani Valley Perimeter)", "feature_type": "building", "category": "building" }, "geometry": { "type": "Polygon", "coordinates": [ [ [ 77.101954438396007, 11.442547153285076 ], [ 77.101954438396007, 11.442831217266246 ], [ 77.101670374414851, 11.442831217266246 ], [ 77.101670374414851, 11.442547153285076 ], [ 77.101954438396007, 11.442547153285076 ] ] ] } },
{ "type": "Feature", "properties": { "feature_id": "bld_1519", "name": "Building 1519 (Bhavani Valley Perimeter)", "feature_type": "building", "category": "building" }, "geometry": { "type": "Polygon", "coordinates": [ [ [ 77.141393082501082, 11.463103120042414 ], [ 77.141393082501082, 11.463355943850933 ], [ 77.141140258692559, 11.463355943850933 ], [ 77.141140258692559, 11.463103120042414 ], [ 77.141393082501082, 11.463103120042414 ] ] ] } },
{ "type": "Feature", "properties": { "feature_id": "bld_1520", "name": "Building 1520 (Bhavani Valley Perimeter)", "feature_type": "building", "category": "building" }, "geometry": { "type": "Polygon", "coordinates": [ [ [ 77.161265780863829, 11.481437233706608 ], [ 77.161265780863829, 11.481736806625044 ], [ 77.160966207945393, 11.481736806625044 ], [ 77.160966207945393, 11.481437233706608 ], [ 77.161265780863829, 11.481437233706608 ] ] ] } },
{ "type": "Feature", "properties": { "feature_id": "bld_1521", "name": "Building 1521 (Bhavani Valley Perimeter)", "feature_type": "building", "category": "building" }, "geometry": { "type": "Polygon", "coordinates": [ [ [ 77.164955754151947, 11.449219477792097 ], [ 77.164955754151947, 11.449502643128417 ], [ 77.16467258881562, 11.449502643128417 ], [ 77.16467258881562, 11.449219477792097 ], [ 77.164955754151947, 11.449219477792097 ] ] ] } },
{ "type": "Feature", "properties": { "feature_id": "bld_1522", "name": "Building 1522 (Bhavani Valley Perimeter)", "feature_type": "building", "category": "building" }, "geometry": { "type": "Polygon", "coordinates": [ [ [ 77.104572699308889, 11.446411225643503 ], [ 77.104572699308889, 11.446696859643948 ], [ 77.104287065308441, 11.446696859643948 ], [ 77.104287065308441, 11.446411225643503 ], [ 77.104572699308889, 11.446411225643503 ] ] ] } },
{ "type": "Feature", "properties": { "feature_id": "bld_1523", "name": "Building 1523 (Bhavani Valley Perimeter)", "feature_type": "building", "category": "building" }, "geometry": { "type": "Polygon", "coordinates": [ [ [ 77.123146905070044, 11.445942884210568 ], [ 77.123146905070044, 11.446122221751606 ], [ 77.122967567529017, 11.446122221751606 ], [ 77.122967567529017, 11.445942884210568 ], [ 77.123146905070044, 11.445942884210568 ] ] ] } },
{ "type": "Feature", "properties": { "feature_id": "bld_1524", "name": "Building 1524 (Bhavani Valley Perimeter)", "feature_type": "building", "category": "building" }, "geometry": { "type": "Polygon", "coordinates": [ [ [ 77.17744730071243, 11.459875670435341 ], [ 77.17744730071243, 11.460130155483768 ], [ 77.177192815664, 11.460130155483768 ], [ 77.177192815664, 11.459875670435341 ], [ 77.17744730071243, 11.459875670435341 ] ] ] } },
{ "type": "Feature", "properties": { "feature_id": "bld_1525", "name": "Building 1525 (Bhavani Valley Perimeter)", "feature_type": "building", "category": "building" }, "geometry": { "type": "Polygon", "coordinates": [ [ [ 77.121649174954896, 11.472768820662413 ], [ 77.121649174954896, 11.473035221438707 ], [ 77.121382774178599, 11.473035221438707 ], [ 77.121382774178599, 11.472768820662413 ], [ 77.121649174954896, 11.472768820662413 ] ] ] } },
{ "type": "Feature", "properties": { "feature_id": "bld_1526", "name": "Building 1526 (Bhavani Valley Perimeter)", "feature_type": "building", "category": "building" }, "geometry": { "type": "Polygon", "coordinates": [ [ [ 77.12822850056115, 11.455439453331094 ], [ 77.12822850056115, 11.455628809969935 ], [ 77.128039143922322, 11.455628809969935 ], [ 77.128039143922322, 11.455439453331094 ], [ 77.12822850056115, 11.455439453331094 ] ] ] } },
{ "type": "Feature", "properties": { "feature_id": "bld_1527", "name": "Building 1527 (Bhavani Valley Perimeter)", "feature_type": "building", "category": "building" }, "geometry": { "type": "Polygon", "coordinates": [ [ [ 77.188035910170711, 11.46713471078127 ], [ 77.188035910170711, 11.46742554692457 ], [ 77.187745074027404, 11.46742554692457 ], [ 77.187745074027404, 11.46713471078127 ], [ 77.188035910170711, 11.46713471078127 ] ] ] } },
{ "type": "Feature", "properties": { "feature_id": "bld_1528", "name": "Building 1528 (Bhavani Valley Perimeter)", "feature_type": "building", "category": "building" }, "geometry": { "type": "Polygon", "coordinates": [ [ [ 77.127438309031689, 11.473960935544772 ], [ 77.127438309031689, 11.474228155754917 ], [ 77.127171088821555, 11.474228155754917 ], [ 77.127171088821555, 11.473960935544772 ], [ 77.127438309031689, 11.473960935544772 ] ] ] } },
{ "type": "Feature", "properties": { "feature_id": "bld_1529", "name": "Building 1529 (Bhavani Valley Perimeter)", "feature_type": "building", "category": "building" }, "geometry": { "type": "Polygon", "coordinates": [ [ [ 77.162356557541514, 11.483174399889812 ], [ 77.162356557541514, 11.483389497636868 ], [ 77.162141459794455, 11.483389497636868 ], [ 77.162141459794455, 11.483174399889812 ], [ 77.162356557541514, 11.483174399889812 ] ] ] } },
{ "type": "Feature", "properties": { "feature_id": "bld_1530", "name": "Building 1530 (Bhavani Valley Perimeter)", "feature_type": "building", "category": "building" }, "geometry": { "type": "Polygon", "coordinates": [ [ [ 77.111895610809114, 11.46845439127617 ], [ 77.111895610809114, 11.468716494648236 ], [ 77.111633507437034, 11.468716494648236 ], [ 77.111633507437034, 11.46845439127617 ], [ 77.111895610809114, 11.46845439127617 ] ] ] } },
{ "type": "Feature", "properties": { "feature_id": "bld_1531", "name": "Building 1531 (Bhavani Valley Perimeter)", "feature_type": "building", "category": "building" }, "geometry": { "type": "Polygon", "coordinates": [ [ [ 77.151870763527214, 11.445225582740754 ], [ 77.151870763527214, 11.445456206572587 ], [ 77.151640139695374, 11.445456206572587 ], [ 77.151640139695374, 11.445225582740754 ], [ 77.151870763527214, 11.445225582740754 ] ] ] } },
{ "type": "Feature", "properties": { "feature_id": "bld_1532", "name": "Building 1532 (Bhavani Valley Perimeter)", "feature_type": "building", "category": "building" }, "geometry": { "type": "Polygon", "coordinates": [ [ [ 77.128222241591516, 11.456248161108025 ], [ 77.128222241591516, 11.456498491708643 ], [ 77.127971910990908, 11.456498491708643 ], [ 77.127971910990908, 11.456248161108025 ], [ 77.128222241591516, 11.456248161108025 ] ] ] } },
{ "type": "Feature", "properties": { "feature_id": "bld_1533", "name": "Building 1533 (Bhavani Valley Perimeter)", "feature_type": "building", "category": "building" }, "geometry": { "type": "Polygon", "coordinates": [ [ [ 77.167177699617412, 11.446502861769822 ], [ 77.167177699617412, 11.446719607320311 ], [ 77.166960954066923, 11.446719607320311 ], [ 77.166960954066923, 11.446502861769822 ], [ 77.167177699617412, 11.446502861769822 ] ] ] } },
{ "type": "Feature", "properties": { "feature_id": "bld_1534", "name": "Building 1534 (Bhavani Valley Perimeter)", "feature_type": "building", "category": "building" }, "geometry": { "type": "Polygon", "coordinates": [ [ [ 77.124359378494646, 11.444796743587695 ], [ 77.124359378494646, 11.445066417798493 ], [ 77.124089704283833, 11.445066417798493 ], [ 77.124089704283833, 11.444796743587695 ], [ 77.124359378494646, 11.444796743587695 ] ] ] } },
{ "type": "Feature", "properties": { "feature_id": "bld_1535", "name": "Building 1535 (Bhavani Valley Perimeter)", "feature_type": "building", "category": "building" }, "geometry": { "type": "Polygon", "coordinates": [ [ [ 77.181965332024035, 11.453379019759524 ], [ 77.181965332024035, 11.453644198808934 ], [ 77.181700152974614, 11.453644198808934 ], [ 77.181700152974614, 11.453379019759524 ], [ 77.181965332024035, 11.453379019759524 ] ] ] } },
{ "type": "Feature", "properties": { "feature_id": "bld_1536", "name": "Building 1536 (Bhavani Valley Perimeter)", "feature_type": "building", "category": "building" }, "geometry": { "type": "Polygon", "coordinates": [ [ [ 77.180822372979989, 11.477213413589313 ], [ 77.180822372979989, 11.477399007463708 ], [ 77.180636779105598, 11.477399007463708 ], [ 77.180636779105598, 11.477213413589313 ], [ 77.180822372979989, 11.477213413589313 ] ] ] } },
{ "type": "Feature", "properties": { "feature_id": "bld_1537", "name": "Building 1537 (Bhavani Valley Perimeter)", "feature_type": "building", "category": "building" }, "geometry": { "type": "Polygon", "coordinates": [ [ [ 77.186170016182473, 11.453730075175191 ], [ 77.186170016182473, 11.453937568867754 ], [ 77.185962522489916, 11.453937568867754 ], [ 77.185962522489916, 11.453730075175191 ], [ 77.186170016182473, 11.453730075175191 ] ] ] } },
{ "type": "Feature", "properties": { "feature_id": "bld_1538", "name": "Building 1538 (Bhavani Valley Perimeter)", "feature_type": "building", "category": "building" }, "geometry": { "type": "Polygon", "coordinates": [ [ [ 77.105706450408078, 11.459221051752149 ], [ 77.105706450408078, 11.459396313658338 ], [ 77.105531188501899, 11.459396313658338 ], [ 77.105531188501899, 11.459221051752149 ], [ 77.105706450408078, 11.459221051752149 ] ] ] } },
{ "type": "Feature", "properties": { "feature_id": "bld_1539", "name": "Building 1539 (Bhavani Valley Perimeter)", "feature_type": "building", "category": "building" }, "geometry": { "type": "Polygon", "coordinates": [ [ [ 77.122505201726099, 11.450710513245721 ], [ 77.122505201726099, 11.450983748931009 ], [ 77.122231966040815, 11.450983748931009 ], [ 77.122231966040815, 11.450710513245721 ], [ 77.122505201726099, 11.450710513245721 ] ] ] } },
{ "type": "Feature", "properties": { "feature_id": "bld_1540", "name": "Building 1540 (Bhavani Valley Perimeter)", "feature_type": "building", "category": "building" }, "geometry": { "type": "Polygon", "coordinates": [ [ [ 77.178934087404116, 11.449983207004585 ], [ 77.178934087404116, 11.450263424741561 ], [ 77.17865386966713, 11.450263424741561 ], [ 77.17865386966713, 11.449983207004585 ], [ 77.178934087404116, 11.449983207004585 ] ] ] } },
{ "type": "Feature", "properties": { "feature_id": "bld_1541", "name": "Building 1541 (Bhavani Valley Perimeter)", "feature_type": "building", "category": "building" }, "geometry": { "type": "Polygon", "coordinates": [ [ [ 77.177241053021262, 11.473142278861262 ], [ 77.177241053021262, 11.473322816177225 ], [ 77.177060515705293, 11.473322816177225 ], [ 77.177060515705293, 11.473142278861262 ], [ 77.177241053021262, 11.473142278861262 ] ] ] } },
{ "type": "Feature", "properties": { "feature_id": "bld_1542", "name": "Building 1542 (Bhavani Valley Perimeter)", "feature_type": "building", "category": "building" }, "geometry": { "type": "Polygon", "coordinates": [ [ [ 77.162256834054574, 11.482123425395514 ], [ 77.162256834054574, 11.482378981062542 ], [ 77.16200127838755, 11.482378981062542 ], [ 77.16200127838755, 11.482123425395514 ], [ 77.162256834054574, 11.482123425395514 ] ] ] } },
{ "type": "Feature", "properties": { "feature_id": "bld_1543", "name": "Building 1543 (Bhavani Valley Perimeter)", "feature_type": "building", "category": "building" }, "geometry": { "type": "Polygon", "coordinates": [ [ [ 77.129970717172739, 11.459903765118508 ], [ 77.129970717172739, 11.460154166624577 ], [ 77.129720315666674, 11.460154166624577 ], [ 77.129720315666674, 11.459903765118508 ], [ 77.129970717172739, 11.459903765118508 ] ] ] } },
{ "type": "Feature", "properties": { "feature_id": "bld_1544", "name": "Building 1544 (Bhavani Valley Perimeter)", "feature_type": "building", "category": "building" }, "geometry": { "type": "Polygon", "coordinates": [ [ [ 77.146053181268684, 11.440895802603423 ], [ 77.146053181268684, 11.441099491569675 ], [ 77.145849492302432, 11.441099491569675 ], [ 77.145849492302432, 11.440895802603423 ], [ 77.146053181268684, 11.440895802603423 ] ] ] } },
{ "type": "Feature", "properties": { "feature_id": "bld_1545", "name": "Building 1545 (Bhavani Valley Perimeter)", "feature_type": "building", "category": "building" }, "geometry": { "type": "Polygon", "coordinates": [ [ [ 77.172305253752114, 11.477981291302486 ], [ 77.172305253752114, 11.478160513307065 ], [ 77.172126031747524, 11.478160513307065 ], [ 77.172126031747524, 11.477981291302486 ], [ 77.172305253752114, 11.477981291302486 ] ] ] } },
{ "type": "Feature", "properties": { "feature_id": "bld_1546", "name": "Building 1546 (Bhavani Valley Perimeter)", "feature_type": "building", "category": "building" }, "geometry": { "type": "Polygon", "coordinates": [ [ [ 77.185841169677587, 11.451314768930718 ], [ 77.185841169677587, 11.451567492854142 ], [ 77.185588445754178, 11.451567492854142 ], [ 77.185588445754178, 11.451314768930718 ], [ 77.185841169677587, 11.451314768930718 ] ] ] } },
{ "type": "Feature", "properties": { "feature_id": "bld_1547", "name": "Building 1547 (Bhavani Valley Perimeter)", "feature_type": "building", "category": "building" }, "geometry": { "type": "Polygon", "coordinates": [ [ [ 77.167810465615261, 11.475451109252738 ], [ 77.167810465615261, 11.47574351421105 ], [ 77.167518060656946, 11.47574351421105 ], [ 77.167518060656946, 11.475451109252738 ], [ 77.167810465615261, 11.475451109252738 ] ] ] } },
{ "type": "Feature", "properties": { "feature_id": "bld_1548", "name": "Building 1548 (Bhavani Valley Perimeter)", "feature_type": "building", "category": "building" }, "geometry": { "type": "Polygon", "coordinates": [ [ [ 77.128251977405839, 11.477836104644336 ], [ 77.128251977405839, 11.478014540810818 ], [ 77.128073541239345, 11.478014540810818 ], [ 77.128073541239345, 11.477836104644336 ], [ 77.128251977405839, 11.477836104644336 ] ] ] } },
{ "type": "Feature", "properties": { "feature_id": "bld_1549", "name": "Building 1549 (Bhavani Valley Perimeter)", "feature_type": "building", "category": "building" }, "geometry": { "type": "Polygon", "coordinates": [ [ [ 77.163581122198707, 11.471971445848816 ], [ 77.163581122198707, 11.472226327102582 ], [ 77.16332624094494, 11.472226327102582 ], [ 77.16332624094494, 11.471971445848816 ], [ 77.163581122198707, 11.471971445848816 ] ] ] } },
{ "type": "Feature", "properties": { "feature_id": "bld_1550", "name": "Building 1550 (Bhavani Valley Perimeter)", "feature_type": "building", "category": "building" }, "geometry": { "type": "Polygon", "coordinates": [ [ [ 77.122800146344602, 11.478560337258324 ], [ 77.122800146344602, 11.478743977443196 ], [ 77.12261650615973, 11.478743977443196 ], [ 77.12261650615973, 11.478560337258324 ], [ 77.122800146344602, 11.478560337258324 ] ] ] } },
{ "type": "Feature", "properties": { "feature_id": "bld_1551", "name": "Building 1551 (Bhavani Valley Perimeter)", "feature_type": "building", "category": "building" }, "geometry": { "type": "Polygon", "coordinates": [ [ [ 77.104940414536941, 11.470759966230528 ], [ 77.104940414536941, 11.470986532830661 ], [ 77.104713847936807, 11.470986532830661 ], [ 77.104713847936807, 11.470759966230528 ], [ 77.104940414536941, 11.470759966230528 ] ] ] } },
{ "type": "Feature", "properties": { "feature_id": "bld_1552", "name": "Building 1552 (Bhavani Valley Perimeter)", "feature_type": "building", "category": "building" }, "geometry": { "type": "Polygon", "coordinates": [ [ [ 77.176510601297466, 11.454078077551717 ], [ 77.176510601297466, 11.454261636554108 ], [ 77.176327042295085, 11.454261636554108 ], [ 77.176327042295085, 11.454078077551717 ], [ 77.176510601297466, 11.454078077551717 ] ] ] } },
{ "type": "Feature", "properties": { "feature_id": "bld_1553", "name": "Building 1553 (Bhavani Valley Perimeter)", "feature_type": "building", "category": "building" }, "geometry": { "type": "Polygon", "coordinates": [ [ [ 77.175373041027754, 11.462352237876535 ], [ 77.175373041027754, 11.462538725287471 ], [ 77.175186553616825, 11.462538725287471 ], [ 77.175186553616825, 11.462352237876535 ], [ 77.175373041027754, 11.462352237876535 ] ] ] } },
{ "type": "Feature", "properties": { "feature_id": "bld_1554", "name": "Building 1554 (Bhavani Valley Perimeter)", "feature_type": "building", "category": "building" }, "geometry": { "type": "Polygon", "coordinates": [ [ [ 77.164956861781533, 11.460433380015719 ], [ 77.164956861781533, 11.460677983833232 ], [ 77.164712257964013, 11.460677983833232 ], [ 77.164712257964013, 11.460433380015719 ], [ 77.164956861781533, 11.460433380015719 ] ] ] } },
{ "type": "Feature", "properties": { "feature_id": "bld_1555", "name": "Building 1555 (Bhavani Valley Perimeter)", "feature_type": "building", "category": "building" }, "geometry": { "type": "Polygon", "coordinates": [ [ [ 77.141618919828687, 11.476297379800803 ], [ 77.141618919828687, 11.476573518580997 ], [ 77.141342781048479, 11.476573518580997 ], [ 77.141342781048479, 11.476297379800803 ], [ 77.141618919828687, 11.476297379800803 ] ] ] } },
{ "type": "Feature", "properties": { "feature_id": "bld_1556", "name": "Building 1556 (Bhavani Valley Perimeter)", "feature_type": "building", "category": "building" }, "geometry": { "type": "Polygon", "coordinates": [ [ [ 77.163983713734524, 11.44013134909949 ], [ 77.163983713734524, 11.440408788640157 ], [ 77.163706274193856, 11.440408788640157 ], [ 77.163706274193856, 11.44013134909949 ], [ 77.163983713734524, 11.44013134909949 ] ] ] } },
{ "type": "Feature", "properties": { "feature_id": "bld_1557", "name": "Building 1557 (Bhavani Valley Perimeter)", "feature_type": "building", "category": "building" }, "geometry": { "type": "Polygon", "coordinates": [ [ [ 77.160496577046786, 11.469745799501386 ], [ 77.160496577046786, 11.469956617099044 ], [ 77.160285759449124, 11.469956617099044 ], [ 77.160285759449124, 11.469745799501386 ], [ 77.160496577046786, 11.469745799501386 ] ] ] } },
{ "type": "Feature", "properties": { "feature_id": "bld_1558", "name": "Building 1558 (Bhavani Valley Perimeter)", "feature_type": "building", "category": "building" }, "geometry": { "type": "Polygon", "coordinates": [ [ [ 77.179223041386791, 11.471180698679085 ], [ 77.179223041386791, 11.471356461344399 ], [ 77.17904727872147, 11.471356461344399 ], [ 77.17904727872147, 11.471180698679085 ], [ 77.179223041386791, 11.471180698679085 ] ] ] } },
{ "type": "Feature", "properties": { "feature_id": "bld_1559", "name": "Building 1559 (Bhavani Valley Perimeter)", "feature_type": "building", "category": "building" }, "geometry": { "type": "Polygon", "coordinates": [ [ [ 77.136783326865668, 11.479235714328889 ], [ 77.136783326865668, 11.479402321867125 ], [ 77.136616719327435, 11.479402321867125 ], [ 77.136616719327435, 11.479235714328889 ], [ 77.136783326865668, 11.479235714328889 ] ] ] } },
{ "type": "Feature", "properties": { "feature_id": "bld_1560", "name": "Building 1560 (Bhavani Valley Perimeter)", "feature_type": "building", "category": "building" }, "geometry": { "type": "Polygon", "coordinates": [ [ [ 77.186651692086215, 11.468833932097542 ], [ 77.186651692086215, 11.469082324734412 ], [ 77.186403299449339, 11.469082324734412 ], [ 77.186403299449339, 11.468833932097542 ], [ 77.186651692086215, 11.468833932097542 ] ] ] } },
{ "type": "Feature", "properties": { "feature_id": "bld_1561", "name": "Building 1561 (Bhavani Valley Perimeter)", "feature_type": "building", "category": "building" }, "geometry": { "type": "Polygon", "coordinates": [ [ [ 77.124496277159281, 11.447293645361595 ], [ 77.124496277159281, 11.447585533512322 ], [ 77.12420438900854, 11.447585533512322 ], [ 77.12420438900854, 11.447293645361595 ], [ 77.124496277159281, 11.447293645361595 ] ] ] } },
{ "type": "Feature", "properties": { "feature_id": "bld_1562", "name": "Building 1562 (Bhavani Valley Perimeter)", "feature_type": "building", "category": "building" }, "geometry": { "type": "Polygon", "coordinates": [ [ [ 77.126952039406945, 11.473667746310076 ], [ 77.126952039406945, 11.473882783361825 ], [ 77.126737002355185, 11.473882783361825 ], [ 77.126737002355185, 11.473667746310076 ], [ 77.126952039406945, 11.473667746310076 ] ] ] } },
{ "type": "Feature", "properties": { "feature_id": "bld_1563", "name": "Building 1563 (Bhavani Valley Perimeter)", "feature_type": "building", "category": "building" }, "geometry": { "type": "Polygon", "coordinates": [ [ [ 77.112650964384201, 11.435417666871178 ], [ 77.112650964384201, 11.435653862898359 ], [ 77.112414768357027, 11.435653862898359 ], [ 77.112414768357027, 11.435417666871178 ], [ 77.112650964384201, 11.435417666871178 ] ] ] } },
{ "type": "Feature", "properties": { "feature_id": "bld_1564", "name": "Building 1564 (Bhavani Valley Perimeter)", "feature_type": "building", "category": "building" }, "geometry": { "type": "Polygon", "coordinates": [ [ [ 77.187925097132776, 11.453351806227079 ], [ 77.187925097132776, 11.45356181315384 ], [ 77.187715090206027, 11.45356181315384 ], [ 77.187715090206027, 11.453351806227079 ], [ 77.187925097132776, 11.453351806227079 ] ] ] } },
{ "type": "Feature", "properties": { "feature_id": "bld_1565", "name": "Building 1565 (Bhavani Valley Perimeter)", "feature_type": "building", "category": "building" }, "geometry": { "type": "Polygon", "coordinates": [ [ [ 77.131079092148283, 11.460916345323403 ], [ 77.131079092148283, 11.461138038407084 ], [ 77.130857399064595, 11.461138038407084 ], [ 77.130857399064595, 11.460916345323403 ], [ 77.131079092148283, 11.460916345323403 ] ] ] } },
{ "type": "Feature", "properties": { "feature_id": "bld_1566", "name": "Building 1566 (Bhavani Valley Perimeter)", "feature_type": "building", "category": "building" }, "geometry": { "type": "Polygon", "coordinates": [ [ [ 77.179307859454113, 11.460160496537501 ], [ 77.179307859454113, 11.460391582634848 ], [ 77.179076773356755, 11.460391582634848 ], [ 77.179076773356755, 11.460160496537501 ], [ 77.179307859454113, 11.460160496537501 ] ] ] } },
{ "type": "Feature", "properties": { "feature_id": "bld_1567", "name": "Building 1567 (Bhavani Valley Perimeter)", "feature_type": "building", "category": "building" }, "geometry": { "type": "Polygon", "coordinates": [ [ [ 77.112550941627205, 11.484039478943158 ], [ 77.112550941627205, 11.484234475147881 ], [ 77.112355945422479, 11.484234475147881 ], [ 77.112355945422479, 11.484039478943158 ], [ 77.112550941627205, 11.484039478943158 ] ] ] } },
{ "type": "Feature", "properties": { "feature_id": "bld_1568", "name": "Building 1568 (Bhavani Valley Perimeter)", "feature_type": "building", "category": "building" }, "geometry": { "type": "Polygon", "coordinates": [ [ [ 77.106724441717276, 11.468035636802849 ], [ 77.106724441717276, 11.468278988094671 ], [ 77.106481090425447, 11.468278988094671 ], [ 77.106481090425447, 11.468035636802849 ], [ 77.106724441717276, 11.468035636802849 ] ] ] } },
{ "type": "Feature", "properties": { "feature_id": "bld_1569", "name": "Building 1569 (Bhavani Valley Perimeter)", "feature_type": "building", "category": "building" }, "geometry": { "type": "Polygon", "coordinates": [ [ [ 77.137498063333823, 11.45597465721956 ], [ 77.137498063333823, 11.456244566168508 ], [ 77.137228154384871, 11.456244566168508 ], [ 77.137228154384871, 11.45597465721956 ], [ 77.137498063333823, 11.45597465721956 ] ] ] } },
{ "type": "Feature", "properties": { "feature_id": "bld_1570", "name": "Building 1570 (Bhavani Valley Perimeter)", "feature_type": "building", "category": "building" }, "geometry": { "type": "Polygon", "coordinates": [ [ [ 77.117739549906943, 11.475887253649272 ], [ 77.117739549906943, 11.476138078245217 ], [ 77.117488725310992, 11.476138078245217 ], [ 77.117488725310992, 11.475887253649272 ], [ 77.117739549906943, 11.475887253649272 ] ] ] } },
{ "type": "Feature", "properties": { "feature_id": "bld_1571", "name": "Building 1571 (Bhavani Valley Perimeter)", "feature_type": "building", "category": "building" }, "geometry": { "type": "Polygon", "coordinates": [ [ [ 77.137805244944659, 11.457803465524691 ], [ 77.137805244944659, 11.457999396133697 ], [ 77.137609314335648, 11.457999396133697 ], [ 77.137609314335648, 11.457803465524691 ], [ 77.137805244944659, 11.457803465524691 ] ] ] } },
{ "type": "Feature", "properties": { "feature_id": "bld_1572", "name": "Building 1572 (Bhavani Valley Perimeter)", "feature_type": "building", "category": "building" }, "geometry": { "type": "Polygon", "coordinates": [ [ [ 77.167792749760721, 11.460541277297272 ], [ 77.167792749760721, 11.460746196933256 ], [ 77.167587830124731, 11.460746196933256 ], [ 77.167587830124731, 11.460541277297272 ], [ 77.167792749760721, 11.460541277297272 ] ] ] } },
{ "type": "Feature", "properties": { "feature_id": "bld_1573", "name": "Building 1573 (Bhavani Valley Perimeter)", "feature_type": "building", "category": "building" }, "geometry": { "type": "Polygon", "coordinates": [ [ [ 77.153754978778068, 11.48467625424299 ], [ 77.153754978778068, 11.484897190962142 ], [ 77.153534042058908, 11.484897190962142 ], [ 77.153534042058908, 11.48467625424299 ], [ 77.153754978778068, 11.48467625424299 ] ] ] } },
{ "type": "Feature", "properties": { "feature_id": "bld_1574", "name": "Building 1574 (Bhavani Valley Perimeter)", "feature_type": "building", "category": "building" }, "geometry": { "type": "Polygon", "coordinates": [ [ [ 77.182946057359558, 11.452167010706743 ], [ 77.182946057359558, 11.452334673285714 ], [ 77.182778394780584, 11.452334673285714 ], [ 77.182778394780584, 11.452167010706743 ], [ 77.182946057359558, 11.452167010706743 ] ] ] } },
{ "type": "Feature", "properties": { "feature_id": "bld_1575", "name": "Building 1575 (Bhavani Valley Perimeter)", "feature_type": "building", "category": "building" }, "geometry": { "type": "Polygon", "coordinates": [ [ [ 77.118477164018145, 11.455839382721383 ], [ 77.118477164018145, 11.456030131611385 ], [ 77.118286415128154, 11.456030131611385 ], [ 77.118286415128154, 11.455839382721383 ], [ 77.118477164018145, 11.455839382721383 ] ] ] } },
{ "type": "Feature", "properties": { "feature_id": "bld_1576", "name": "Building 1576 (Bhavani Valley Perimeter)", "feature_type": "building", "category": "building" }, "geometry": { "type": "Polygon", "coordinates": [ [ [ 77.10015950499843, 11.480611005328589 ], [ 77.10015950499843, 11.480889148446161 ], [ 77.099881361880847, 11.480889148446161 ], [ 77.099881361880847, 11.480611005328589 ], [ 77.10015950499843, 11.480611005328589 ] ] ] } },
{ "type": "Feature", "properties": { "feature_id": "bld_1577", "name": "Building 1577 (Bhavani Valley Perimeter)", "feature_type": "building", "category": "building" }, "geometry": { "type": "Polygon", "coordinates": [ [ [ 77.166894726284156, 11.443302304331967 ], [ 77.166894726284156, 11.443479155232636 ], [ 77.166717875383497, 11.443479155232636 ], [ 77.166717875383497, 11.443302304331967 ], [ 77.166894726284156, 11.443302304331967 ] ] ] } },
{ "type": "Feature", "properties": { "feature_id": "bld_1578", "name": "Building 1578 (Bhavani Valley Perimeter)", "feature_type": "building", "category": "building" }, "geometry": { "type": "Polygon", "coordinates": [ [ [ 77.10622944400977, 11.471056442881398 ], [ 77.10622944400977, 11.471346475995894 ], [ 77.10593941089526, 11.471346475995894 ], [ 77.10593941089526, 11.471056442881398 ], [ 77.10622944400977, 11.471056442881398 ] ] ] } },
{ "type": "Feature", "properties": { "feature_id": "bld_1579", "name": "Building 1579 (Bhavani Valley Perimeter)", "feature_type": "building", "category": "building" }, "geometry": { "type": "Polygon", "coordinates": [ [ [ 77.138864091379631, 11.440841166102352 ], [ 77.138864091379631, 11.441072901097254 ], [ 77.138632356384718, 11.441072901097254 ], [ 77.138632356384718, 11.440841166102352 ], [ 77.138864091379631, 11.440841166102352 ] ] ] } },
{ "type": "Feature", "properties": { "feature_id": "bld_1580", "name": "Building 1580 (Bhavani Valley Perimeter)", "feature_type": "building", "category": "building" }, "geometry": { "type": "Polygon", "coordinates": [ [ [ 77.131518364814966, 11.453617753073809 ], [ 77.131518364814966, 11.453864739361192 ], [ 77.131271378527586, 11.453864739361192 ], [ 77.131271378527586, 11.453617753073809 ], [ 77.131518364814966, 11.453617753073809 ] ] ] } },
{ "type": "Feature", "properties": { "feature_id": "bld_1581", "name": "Building 1581 (Bhavani Valley Perimeter)", "feature_type": "building", "category": "building" }, "geometry": { "type": "Polygon", "coordinates": [ [ [ 77.16476712150974, 11.440447688627502 ], [ 77.16476712150974, 11.440612671259816 ], [ 77.164602138877441, 11.440612671259816 ], [ 77.164602138877441, 11.440447688627502 ], [ 77.16476712150974, 11.440447688627502 ] ] ] } },
{ "type": "Feature", "properties": { "feature_id": "bld_1582", "name": "Building 1582 (Bhavani Valley Perimeter)", "feature_type": "building", "category": "building" }, "geometry": { "type": "Polygon", "coordinates": [ [ [ 77.189573495378454, 11.446552649309034 ], [ 77.189573495378454, 11.446720185582521 ], [ 77.18940595910496, 11.446720185582521 ], [ 77.18940595910496, 11.446552649309034 ], [ 77.189573495378454, 11.446552649309034 ] ] ] } },
{ "type": "Feature", "properties": { "feature_id": "bld_1583", "name": "Building 1583 (Bhavani Valley Perimeter)", "feature_type": "building", "category": "building" }, "geometry": { "type": "Polygon", "coordinates": [ [ [ 77.117196206381251, 11.4368404655548 ], [ 77.117196206381251, 11.437055319080047 ], [ 77.116981352856001, 11.437055319080047 ], [ 77.116981352856001, 11.4368404655548 ], [ 77.117196206381251, 11.4368404655548 ] ] ] } },
{ "type": "Feature", "properties": { "feature_id": "bld_1584", "name": "Building 1584 (Bhavani Valley Perimeter)", "feature_type": "building", "category": "building" }, "geometry": { "type": "Polygon", "coordinates": [ [ [ 77.172327253439093, 11.451951129649403 ], [ 77.172327253439093, 11.452173315326368 ], [ 77.172105067762132, 11.452173315326368 ], [ 77.172105067762132, 11.451951129649403 ], [ 77.172327253439093, 11.451951129649403 ] ] ] } },
{ "type": "Feature", "properties": { "feature_id": "bld_1585", "name": "Building 1585 (Bhavani Valley Perimeter)", "feature_type": "building", "category": "building" }, "geometry": { "type": "Polygon", "coordinates": [ [ [ 77.160943110819076, 11.460304402305473 ], [ 77.160943110819076, 11.460585004701516 ], [ 77.160662508423044, 11.460585004701516 ], [ 77.160662508423044, 11.460304402305473 ], [ 77.160943110819076, 11.460304402305473 ] ] ] } },
{ "type": "Feature", "properties": { "feature_id": "bld_1586", "name": "Building 1586 (Bhavani Valley Perimeter)", "feature_type": "building", "category": "building" }, "geometry": { "type": "Polygon", "coordinates": [ [ [ 77.17807767399556, 11.435361071533105 ], [ 77.17807767399556, 11.435629998016012 ], [ 77.177808747512657, 11.435629998016012 ], [ 77.177808747512657, 11.435361071533105 ], [ 77.17807767399556, 11.435361071533105 ] ] ] } },
{ "type": "Feature", "properties": { "feature_id": "bld_1587", "name": "Building 1587 (Bhavani Valley Perimeter)", "feature_type": "building", "category": "building" }, "geometry": { "type": "Polygon", "coordinates": [ [ [ 77.141579850267064, 11.484328200819872 ], [ 77.141579850267064, 11.484555853310495 ], [ 77.141352197776442, 11.484555853310495 ], [ 77.141352197776442, 11.484328200819872 ], [ 77.141579850267064, 11.484328200819872 ] ] ] } },
{ "type": "Feature", "properties": { "feature_id": "bld_1588", "name": "Building 1588 (Bhavani Valley Perimeter)", "feature_type": "building", "category": "building" }, "geometry": { "type": "Polygon", "coordinates": [ [ [ 77.188918037426873, 11.472631065718362 ], [ 77.188918037426873, 11.472825870402209 ], [ 77.18872323274303, 11.472825870402209 ], [ 77.18872323274303, 11.472631065718362 ], [ 77.188918037426873, 11.472631065718362 ] ] ] } },
{ "type": "Feature", "properties": { "feature_id": "bld_1589", "name": "Building 1589 (Bhavani Valley Perimeter)", "feature_type": "building", "category": "building" }, "geometry": { "type": "Polygon", "coordinates": [ [ [ 77.148595575278378, 11.484466754831386 ], [ 77.148595575278378, 11.484746809116471 ], [ 77.148315520993279, 11.484746809116471 ], [ 77.148315520993279, 11.484466754831386 ], [ 77.148595575278378, 11.484466754831386 ] ] ] } },
{ "type": "Feature", "properties": { "feature_id": "bld_1590", "name": "Building 1590 (Bhavani Valley Perimeter)", "feature_type": "building", "category": "building" }, "geometry": { "type": "Polygon", "coordinates": [ [ [ 77.10886721101221, 11.470214409269488 ], [ 77.10886721101221, 11.470422790411511 ], [ 77.108658829870194, 11.470422790411511 ], [ 77.108658829870194, 11.470214409269488 ], [ 77.10886721101221, 11.470214409269488 ] ] ] } },
{ "type": "Feature", "properties": { "feature_id": "bld_1591", "name": "Building 1591 (Bhavani Valley Perimeter)", "feature_type": "building", "category": "building" }, "geometry": { "type": "Polygon", "coordinates": [ [ [ 77.100724836378745, 11.45507761564183 ], [ 77.100724836378745, 11.455270481260872 ], [ 77.100531970759718, 11.455270481260872 ], [ 77.100531970759718, 11.45507761564183 ], [ 77.100724836378745, 11.45507761564183 ] ] ] } },
{ "type": "Feature", "properties": { "feature_id": "bld_1592", "name": "Building 1592 (Bhavani Valley Perimeter)", "feature_type": "building", "category": "building" }, "geometry": { "type": "Polygon", "coordinates": [ [ [ 77.173836161005426, 11.451728603783712 ], [ 77.173836161005426, 11.452004457100864 ], [ 77.173560307688263, 11.452004457100864 ], [ 77.173560307688263, 11.451728603783712 ], [ 77.173836161005426, 11.451728603783712 ] ] ] } },
{ "type": "Feature", "properties": { "feature_id": "bld_1593", "name": "Building 1593 (Bhavani Valley Perimeter)", "feature_type": "building", "category": "building" }, "geometry": { "type": "Polygon", "coordinates": [ [ [ 77.100150696060126, 11.450294075936304 ], [ 77.100150696060126, 11.450487839066307 ], [ 77.099956932930127, 11.450487839066307 ], [ 77.099956932930127, 11.450294075936304 ], [ 77.100150696060126, 11.450294075936304 ] ] ] } },
{ "type": "Feature", "properties": { "feature_id": "bld_1594", "name": "Building 1594 (Bhavani Valley Perimeter)", "feature_type": "building", "category": "building" }, "geometry": { "type": "Polygon", "coordinates": [ [ [ 77.121114161195095, 11.438316232289344 ], [ 77.121114161195095, 11.438502429687203 ], [ 77.120927963797243, 11.438502429687203 ], [ 77.120927963797243, 11.438316232289344 ], [ 77.121114161195095, 11.438316232289344 ] ] ] } },
{ "type": "Feature", "properties": { "feature_id": "bld_1595", "name": "Building 1595 (Bhavani Valley Perimeter)", "feature_type": "building", "category": "building" }, "geometry": { "type": "Polygon", "coordinates": [ [ [ 77.150108678924454, 11.449458836007123 ], [ 77.150108678924454, 11.44967727127665 ], [ 77.149890243654937, 11.44967727127665 ], [ 77.149890243654937, 11.449458836007123 ], [ 77.150108678924454, 11.449458836007123 ] ] ] } },
{ "type": "Feature", "properties": { "feature_id": "bld_1596", "name": "Building 1596 (Bhavani Valley Perimeter)", "feature_type": "building", "category": "building" }, "geometry": { "type": "Polygon", "coordinates": [ [ [ 77.134061390161179, 11.478651875320065 ], [ 77.134061390161179, 11.478938617179924 ], [ 77.133774648301312, 11.478938617179924 ], [ 77.133774648301312, 11.478651875320065 ], [ 77.134061390161179, 11.478651875320065 ] ] ] } },
{ "type": "Feature", "properties": { "feature_id": "bld_1597", "name": "Building 1597 (Bhavani Valley Perimeter)", "feature_type": "building", "category": "building" }, "geometry": { "type": "Polygon", "coordinates": [ [ [ 77.144453603498292, 11.4514203214665 ], [ 77.144453603498292, 11.451595273565061 ], [ 77.144278651399745, 11.451595273565061 ], [ 77.144278651399745, 11.4514203214665 ], [ 77.144453603498292, 11.4514203214665 ] ] ] } },
{ "type": "Feature", "properties": { "feature_id": "bld_1598", "name": "Building 1598 (Bhavani Valley Perimeter)", "feature_type": "building", "category": "building" }, "geometry": { "type": "Polygon", "coordinates": [ [ [ 77.185907094663818, 11.437910511725585 ], [ 77.185907094663818, 11.438112182764444 ], [ 77.185705423624952, 11.438112182764444 ], [ 77.185705423624952, 11.437910511725585 ], [ 77.185907094663818, 11.437910511725585 ] ] ] } },
{ "type": "Feature", "properties": { "feature_id": "bld_1599", "name": "Building 1599 (Bhavani Valley Perimeter)", "feature_type": "building", "category": "building" }, "geometry": { "type": "Polygon", "coordinates": [ [ [ 77.126917458184323, 11.450928564227983 ], [ 77.126917458184323, 11.451111564386039 ], [ 77.126734458026277, 11.451111564386039 ], [ 77.126734458026277, 11.450928564227983 ], [ 77.126917458184323, 11.450928564227983 ] ] ] } },
{ "type": "Feature", "properties": { "feature_id": "bld_1600", "name": "Building 1600 (Bhavani Valley Perimeter)", "feature_type": "building", "category": "building" }, "geometry": { "type": "Polygon", "coordinates": [ [ [ 77.170608972249269, 11.441000449632158 ], [ 77.170608972249269, 11.441249336564441 ], [ 77.170360085317, 11.441249336564441 ], [ 77.170360085317, 11.441000449632158 ], [ 77.170608972249269, 11.441000449632158 ] ] ] } },
{ "type": "Feature", "properties": { "feature_id": "bld_1601", "name": "Building 1601 (Bhavani Valley Perimeter)", "feature_type": "building", "category": "building" }, "geometry": { "type": "Polygon", "coordinates": [ [ [ 77.111289802468775, 11.43838312181439 ], [ 77.111289802468775, 11.438670441944907 ], [ 77.11100248233825, 11.438670441944907 ], [ 77.11100248233825, 11.43838312181439 ], [ 77.111289802468775, 11.43838312181439 ] ] ] } },
{ "type": "Feature", "properties": { "feature_id": "bld_1602", "name": "Building 1602 (Bhavani Valley Perimeter)", "feature_type": "building", "category": "building" }, "geometry": { "type": "Polygon", "coordinates": [ [ [ 77.11722971312966, 11.475944383567008 ], [ 77.11722971312966, 11.476180631888962 ], [ 77.116993464807706, 11.476180631888962 ], [ 77.116993464807706, 11.475944383567008 ], [ 77.11722971312966, 11.475944383567008 ] ] ] } },
{ "type": "Feature", "properties": { "feature_id": "bld_1603", "name": "Building 1603 (Bhavani Valley Perimeter)", "feature_type": "building", "category": "building" }, "geometry": { "type": "Polygon", "coordinates": [ [ [ 77.107104374046472, 11.482675122290212 ], [ 77.107104374046472, 11.482869696853593 ], [ 77.106909799483091, 11.482869696853593 ], [ 77.106909799483091, 11.482675122290212 ], [ 77.107104374046472, 11.482675122290212 ] ] ] } },
{ "type": "Feature", "properties": { "feature_id": "bld_1604", "name": "Building 1604 (Bhavani Valley Perimeter)", "feature_type": "building", "category": "building" }, "geometry": { "type": "Polygon", "coordinates": [ [ [ 77.177507857083484, 11.443300724287477 ], [ 77.177507857083484, 11.443580276290978 ], [ 77.177228305079993, 11.443580276290978 ], [ 77.177228305079993, 11.443300724287477 ], [ 77.177507857083484, 11.443300724287477 ] ] ] } },
{ "type": "Feature", "properties": { "feature_id": "bld_1605", "name": "Building 1605 (Bhavani Valley Perimeter)", "feature_type": "building", "category": "building" }, "geometry": { "type": "Polygon", "coordinates": [ [ [ 77.101324454142031, 11.460455161847914 ], [ 77.101324454142031, 11.460722883809034 ], [ 77.101056732180922, 11.460722883809034 ], [ 77.101056732180922, 11.460455161847914 ], [ 77.101324454142031, 11.460455161847914 ] ] ] } },
{ "type": "Feature", "properties": { "feature_id": "bld_1606", "name": "Building 1606 (Bhavani Valley Perimeter)", "feature_type": "building", "category": "building" }, "geometry": { "type": "Polygon", "coordinates": [ [ [ 77.184268970315216, 11.480322733069455 ], [ 77.184268970315216, 11.480597480551191 ], [ 77.183994222833476, 11.480597480551191 ], [ 77.183994222833476, 11.480322733069455 ], [ 77.184268970315216, 11.480322733069455 ] ] ] } },
{ "type": "Feature", "properties": { "feature_id": "bld_1607", "name": "Building 1607 (Bhavani Valley Perimeter)", "feature_type": "building", "category": "building" }, "geometry": { "type": "Polygon", "coordinates": [ [ [ 77.180037114370222, 11.444861091391154 ], [ 77.180037114370222, 11.445060877192553 ], [ 77.179837328568809, 11.445060877192553 ], [ 77.179837328568809, 11.444861091391154 ], [ 77.180037114370222, 11.444861091391154 ] ] ] } },
{ "type": "Feature", "properties": { "feature_id": "bld_1608", "name": "Building 1608 (Bhavani Valley Perimeter)", "feature_type": "building", "category": "building" }, "geometry": { "type": "Polygon", "coordinates": [ [ [ 77.126114699689822, 11.453745164103157 ], [ 77.126114699689822, 11.453960228997012 ], [ 77.125899634795957, 11.453960228997012 ], [ 77.125899634795957, 11.453745164103157 ], [ 77.126114699689822, 11.453745164103157 ] ] ] } },
{ "type": "Feature", "properties": { "feature_id": "bld_1609", "name": "Building 1609 (Bhavani Valley Perimeter)", "feature_type": "building", "category": "building" }, "geometry": { "type": "Polygon", "coordinates": [ [ [ 77.149138366485388, 11.442865600901857 ], [ 77.149138366485388, 11.443122375434786 ], [ 77.148881591952446, 11.443122375434786 ], [ 77.148881591952446, 11.442865600901857 ], [ 77.149138366485388, 11.442865600901857 ] ] ] } },
{ "type": "Feature", "properties": { "feature_id": "bld_1610", "name": "Building 1610 (Bhavani Valley Perimeter)", "feature_type": "building", "category": "building" }, "geometry": { "type": "Polygon", "coordinates": [ [ [ 77.11519622269654, 11.450400189946084 ], [ 77.11519622269654, 11.45063065826437 ], [ 77.114965754378261, 11.45063065826437 ], [ 77.114965754378261, 11.450400189946084 ], [ 77.11519622269654, 11.450400189946084 ] ] ] } },
{ "type": "Feature", "properties": { "feature_id": "bld_1611", "name": "Building 1611 (Bhavani Valley Perimeter)", "feature_type": "building", "category": "building" }, "geometry": { "type": "Polygon", "coordinates": [ [ [ 77.171804837942062, 11.471848274256986 ], [ 77.171804837942062, 11.472098649066885 ], [ 77.171554463132168, 11.472098649066885 ], [ 77.171554463132168, 11.471848274256986 ], [ 77.171804837942062, 11.471848274256986 ] ] ] } },
{ "type": "Feature", "properties": { "feature_id": "bld_1612", "name": "Building 1612 (Bhavani Valley Perimeter)", "feature_type": "building", "category": "building" }, "geometry": { "type": "Polygon", "coordinates": [ [ [ 77.114105714707335, 11.462266146025652 ], [ 77.114105714707335, 11.462438388535904 ], [ 77.11393347219709, 11.462438388535904 ], [ 77.11393347219709, 11.462266146025652 ], [ 77.114105714707335, 11.462266146025652 ] ] ] } },
{ "type": "Feature", "properties": { "feature_id": "bld_1613", "name": "Building 1613 (Bhavani Valley Perimeter)", "feature_type": "building", "category": "building" }, "geometry": { "type": "Polygon", "coordinates": [ [ [ 77.134045472712458, 11.455593039713738 ], [ 77.134045472712458, 11.455758613315259 ], [ 77.133879899110937, 11.455758613315259 ], [ 77.133879899110937, 11.455593039713738 ], [ 77.134045472712458, 11.455593039713738 ] ] ] } },
{ "type": "Feature", "properties": { "feature_id": "bld_1614", "name": "Building 1614 (Bhavani Valley Perimeter)", "feature_type": "building", "category": "building" }, "geometry": { "type": "Polygon", "coordinates": [ [ [ 77.12480568323484, 11.482635719080776 ], [ 77.12480568323484, 11.482929227645872 ], [ 77.124512174669732, 11.482929227645872 ], [ 77.124512174669732, 11.482635719080776 ], [ 77.12480568323484, 11.482635719080776 ] ] ] } },
{ "type": "Feature", "properties": { "feature_id": "bld_1615", "name": "Building 1615 (Bhavani Valley Perimeter)", "feature_type": "building", "category": "building" }, "geometry": { "type": "Polygon", "coordinates": [ [ [ 77.131801971528475, 11.437062468801665 ], [ 77.131801971528475, 11.43724754209317 ], [ 77.13161689823697, 11.43724754209317 ], [ 77.13161689823697, 11.437062468801665 ], [ 77.131801971528475, 11.437062468801665 ] ] ] } },
{ "type": "Feature", "properties": { "feature_id": "bld_1616", "name": "Building 1616 (Bhavani Valley Perimeter)", "feature_type": "building", "category": "building" }, "geometry": { "type": "Polygon", "coordinates": [ [ [ 77.135389485343467, 11.482299100964013 ], [ 77.135389485343467, 11.48247886883291 ], [ 77.135209717474567, 11.48247886883291 ], [ 77.135209717474567, 11.482299100964013 ], [ 77.135389485343467, 11.482299100964013 ] ] ] } },
{ "type": "Feature", "properties": { "feature_id": "bld_1617", "name": "Building 1617 (Bhavani Valley Perimeter)", "feature_type": "building", "category": "building" }, "geometry": { "type": "Polygon", "coordinates": [ [ [ 77.168865113960564, 11.440285438938318 ], [ 77.168865113960564, 11.440582814999154 ], [ 77.168567737899721, 11.440582814999154 ], [ 77.168567737899721, 11.440285438938318 ], [ 77.168865113960564, 11.440285438938318 ] ] ] } },
{ "type": "Feature", "properties": { "feature_id": "bld_1618", "name": "Building 1618 (Bhavani Valley Perimeter)", "feature_type": "building", "category": "building" }, "geometry": { "type": "Polygon", "coordinates": [ [ [ 77.134449466295621, 11.473657745569156 ], [ 77.134449466295621, 11.473865708320748 ], [ 77.134241503544018, 11.473865708320748 ], [ 77.134241503544018, 11.473657745569156 ], [ 77.134449466295621, 11.473657745569156 ] ] ] } },
{ "type": "Feature", "properties": { "feature_id": "bld_1619", "name": "Building 1619 (Bhavani Valley Perimeter)", "feature_type": "building", "category": "building" }, "geometry": { "type": "Polygon", "coordinates": [ [ [ 77.156580420415636, 11.44451058276565 ], [ 77.156580420415636, 11.444691025708353 ], [ 77.15639997747293, 11.444691025708353 ], [ 77.15639997747293, 11.44451058276565 ], [ 77.156580420415636, 11.44451058276565 ] ] ] } },
{ "type": "Feature", "properties": { "feature_id": "bld_1620", "name": "Building 1620 (Bhavani Valley Perimeter)", "feature_type": "building", "category": "building" }, "geometry": { "type": "Polygon", "coordinates": [ [ [ 77.184567895386948, 11.480740241069405 ], [ 77.184567895386948, 11.481024486721036 ], [ 77.184283649735306, 11.481024486721036 ], [ 77.184283649735306, 11.480740241069405 ], [ 77.184567895386948, 11.480740241069405 ] ] ] } },
{ "type": "Feature", "properties": { "feature_id": "bld_1621", "name": "Building 1621 (Bhavani Valley Perimeter)", "feature_type": "building", "category": "building" }, "geometry": { "type": "Polygon", "coordinates": [ [ [ 77.156373843100582, 11.47532857797523 ], [ 77.156373843100582, 11.475498243146397 ], [ 77.156204177929411, 11.475498243146397 ], [ 77.156204177929411, 11.47532857797523 ], [ 77.156373843100582, 11.47532857797523 ] ] ] } },
{ "type": "Feature", "properties": { "feature_id": "bld_1622", "name": "Building 1622 (Bhavani Valley Perimeter)", "feature_type": "building", "category": "building" }, "geometry": { "type": "Polygon", "coordinates": [ [ [ 77.130255508942696, 11.450560661065321 ], [ 77.130255508942696, 11.450809651410395 ], [ 77.130006518597611, 11.450809651410395 ], [ 77.130006518597611, 11.450560661065321 ], [ 77.130255508942696, 11.450560661065321 ] ] ] } },
{ "type": "Feature", "properties": { "feature_id": "bld_1623", "name": "Building 1623 (Bhavani Valley Perimeter)", "feature_type": "building", "category": "building" }, "geometry": { "type": "Polygon", "coordinates": [ [ [ 77.132157952307637, 11.442303586386906 ], [ 77.132157952307637, 11.442547091777463 ], [ 77.131914446917079, 11.442547091777463 ], [ 77.131914446917079, 11.442303586386906 ], [ 77.132157952307637, 11.442303586386906 ] ] ] } },
{ "type": "Feature", "properties": { "feature_id": "bld_1624", "name": "Building 1624 (Bhavani Valley Perimeter)", "feature_type": "building", "category": "building" }, "geometry": { "type": "Polygon", "coordinates": [ [ [ 77.173383811670263, 11.454016915912941 ], [ 77.173383811670263, 11.454195433533055 ], [ 77.173205294050163, 11.454195433533055 ], [ 77.173205294050163, 11.454016915912941 ], [ 77.173383811670263, 11.454016915912941 ] ] ] } },
{ "type": "Feature", "properties": { "feature_id": "bld_1625", "name": "Building 1625 (Bhavani Valley Perimeter)", "feature_type": "building", "category": "building" }, "geometry": { "type": "Polygon", "coordinates": [ [ [ 77.117802930589662, 11.44677317242696 ], [ 77.117802930589662, 11.446975158089979 ], [ 77.11760094492665, 11.446975158089979 ], [ 77.11760094492665, 11.44677317242696 ], [ 77.117802930589662, 11.44677317242696 ] ] ] } },
{ "type": "Feature", "properties": { "feature_id": "bld_1626", "name": "Building 1626 (Bhavani Valley Perimeter)", "feature_type": "building", "category": "building" }, "geometry": { "type": "Polygon", "coordinates": [ [ [ 77.157980281935878, 11.464918548636575 ], [ 77.157980281935878, 11.465175999817195 ], [ 77.157722830755247, 11.465175999817195 ], [ 77.157722830755247, 11.464918548636575 ], [ 77.157980281935878, 11.464918548636575 ] ] ] } },
{ "type": "Feature", "properties": { "feature_id": "bld_1627", "name": "Building 1627 (Bhavani Valley Perimeter)", "feature_type": "building", "category": "building" }, "geometry": { "type": "Polygon", "coordinates": [ [ [ 77.132719464744113, 11.476105596457717 ], [ 77.132719464744113, 11.476294168730281 ], [ 77.132530892471564, 11.476294168730281 ], [ 77.132530892471564, 11.476105596457717 ], [ 77.132719464744113, 11.476105596457717 ] ] ] } },
{ "type": "Feature", "properties": { "feature_id": "bld_1628", "name": "Building 1628 (Bhavani Valley Perimeter)", "feature_type": "building", "category": "building" }, "geometry": { "type": "Polygon", "coordinates": [ [ [ 77.14230627838198, 11.47495432497173 ], [ 77.14230627838198, 11.475139547182412 ], [ 77.142121056171291, 11.475139547182412 ], [ 77.142121056171291, 11.47495432497173 ], [ 77.14230627838198, 11.47495432497173 ] ] ] } },
{ "type": "Feature", "properties": { "feature_id": "bld_1629", "name": "Building 1629 (Bhavani Valley Perimeter)", "feature_type": "building", "category": "building" }, "geometry": { "type": "Polygon", "coordinates": [ [ [ 77.109991685313062, 11.479080193308006 ], [ 77.109991685313062, 11.479288203460792 ], [ 77.109783675160273, 11.479288203460792 ], [ 77.109783675160273, 11.479080193308006 ], [ 77.109991685313062, 11.479080193308006 ] ] ] } },
{ "type": "Feature", "properties": { "feature_id": "bld_1630", "name": "Building 1630 (Bhavani Valley Perimeter)", "feature_type": "building", "category": "building" }, "geometry": { "type": "Polygon", "coordinates": [ [ [ 77.161676614523998, 11.436139126931009 ], [ 77.161676614523998, 11.436395733495386 ], [ 77.161420007959634, 11.436395733495386 ], [ 77.161420007959634, 11.436139126931009 ], [ 77.161676614523998, 11.436139126931009 ] ] ] } },
{ "type": "Feature", "properties": { "feature_id": "bld_1631", "name": "Building 1631 (Bhavani Valley Perimeter)", "feature_type": "building", "category": "building" }, "geometry": { "type": "Polygon", "coordinates": [ [ [ 77.128571804932534, 11.437664355786065 ], [ 77.128571804932534, 11.437909729572681 ], [ 77.128326431145922, 11.437909729572681 ], [ 77.128326431145922, 11.437664355786065 ], [ 77.128571804932534, 11.437664355786065 ] ] ] } },
{ "type": "Feature", "properties": { "feature_id": "bld_1632", "name": "Building 1632 (Bhavani Valley Perimeter)", "feature_type": "building", "category": "building" }, "geometry": { "type": "Polygon", "coordinates": [ [ [ 77.121757984103439, 11.454254721445734 ], [ 77.121757984103439, 11.454426002759453 ], [ 77.121586702789713, 11.454426002759453 ], [ 77.121586702789713, 11.454254721445734 ], [ 77.121757984103439, 11.454254721445734 ] ] ] } },
{ "type": "Feature", "properties": { "feature_id": "bld_1633", "name": "Building 1633 (Bhavani Valley Perimeter)", "feature_type": "building", "category": "building" }, "geometry": { "type": "Polygon", "coordinates": [ [ [ 77.113330975763574, 11.449812578609754 ], [ 77.113330975763574, 11.449985144939832 ], [ 77.11315840943351, 11.449985144939832 ], [ 77.11315840943351, 11.449812578609754 ], [ 77.113330975763574, 11.449812578609754 ] ] ] } },
{ "type": "Feature", "properties": { "feature_id": "bld_1634", "name": "Building 1634 (Bhavani Valley Perimeter)", "feature_type": "building", "category": "building" }, "geometry": { "type": "Polygon", "coordinates": [ [ [ 77.182088234037082, 11.435188481943879 ], [ 77.182088234037082, 11.435416222374521 ], [ 77.18186049360645, 11.435416222374521 ], [ 77.18186049360645, 11.435188481943879 ], [ 77.182088234037082, 11.435188481943879 ] ] ] } },
{ "type": "Feature", "properties": { "feature_id": "bld_1635", "name": "Building 1635 (Bhavani Valley Perimeter)", "feature_type": "building", "category": "building" }, "geometry": { "type": "Polygon", "coordinates": [ [ [ 77.111237095401108, 11.450239130304711 ], [ 77.111237095401108, 11.450528778643084 ], [ 77.110947447062742, 11.450528778643084 ], [ 77.110947447062742, 11.450239130304711 ], [ 77.111237095401108, 11.450239130304711 ] ] ] } },
{ "type": "Feature", "properties": { "feature_id": "bld_1636", "name": "Building 1636 (Bhavani Valley Perimeter)", "feature_type": "building", "category": "building" }, "geometry": { "type": "Polygon", "coordinates": [ [ [ 77.114646915401039, 11.483197210379526 ], [ 77.114646915401039, 11.483386021592306 ], [ 77.114458104188259, 11.483386021592306 ], [ 77.114458104188259, 11.483197210379526 ], [ 77.114646915401039, 11.483197210379526 ] ] ] } },
{ "type": "Feature", "properties": { "feature_id": "bld_1637", "name": "Building 1637 (Bhavani Valley Perimeter)", "feature_type": "building", "category": "building" }, "geometry": { "type": "Polygon", "coordinates": [ [ [ 77.166882863272946, 11.462191949733933 ], [ 77.166882863272946, 11.462475776755797 ], [ 77.166599036251085, 11.462475776755797 ], [ 77.166599036251085, 11.462191949733933 ], [ 77.166882863272946, 11.462191949733933 ] ] ] } },
{ "type": "Feature", "properties": { "feature_id": "bld_1638", "name": "Building 1638 (Bhavani Valley Perimeter)", "feature_type": "building", "category": "building" }, "geometry": { "type": "Polygon", "coordinates": [ [ [ 77.149953075055308, 11.46163427889779 ], [ 77.149953075055308, 11.461821643017842 ], [ 77.149765710935256, 11.461821643017842 ], [ 77.149765710935256, 11.46163427889779 ], [ 77.149953075055308, 11.46163427889779 ] ] ] } },
{ "type": "Feature", "properties": { "feature_id": "bld_1639", "name": "Building 1639 (Bhavani Valley Perimeter)", "feature_type": "building", "category": "building" }, "geometry": { "type": "Polygon", "coordinates": [ [ [ 77.115063591258561, 11.480721508881855 ], [ 77.115063591258561, 11.480927406229695 ], [ 77.114857693910736, 11.480927406229695 ], [ 77.114857693910736, 11.480721508881855 ], [ 77.115063591258561, 11.480721508881855 ] ] ] } },
{ "type": "Feature", "properties": { "feature_id": "bld_1640", "name": "Building 1640 (Bhavani Valley Perimeter)", "feature_type": "building", "category": "building" }, "geometry": { "type": "Polygon", "coordinates": [ [ [ 77.133591120590424, 11.472887465277649 ], [ 77.133591120590424, 11.473094900565188 ], [ 77.133383685302888, 11.473094900565188 ], [ 77.133383685302888, 11.472887465277649 ], [ 77.133591120590424, 11.472887465277649 ] ] ] } },
{ "type": "Feature", "properties": { "feature_id": "bld_1641", "name": "Building 1641 (Bhavani Valley Perimeter)", "feature_type": "building", "category": "building" }, "geometry": { "type": "Polygon", "coordinates": [ [ [ 77.185807440244488, 11.47177456840296 ], [ 77.185807440244488, 11.47201820849692 ], [ 77.185563800150518, 11.47201820849692 ], [ 77.185563800150518, 11.47177456840296 ], [ 77.185807440244488, 11.47177456840296 ] ] ] } },
{ "type": "Feature", "properties": { "feature_id": "bld_1642", "name": "Building 1642 (Bhavani Valley Perimeter)", "feature_type": "building", "category": "building" }, "geometry": { "type": "Polygon", "coordinates": [ [ [ 77.179378558837485, 11.437382301029022 ], [ 77.179378558837485, 11.437578289805927 ], [ 77.179182570060576, 11.437578289805927 ], [ 77.179182570060576, 11.437382301029022 ], [ 77.179378558837485, 11.437382301029022 ] ] ] } },
{ "type": "Feature", "properties": { "feature_id": "bld_1643", "name": "Building 1643 (Bhavani Valley Perimeter)", "feature_type": "building", "category": "building" }, "geometry": { "type": "Polygon", "coordinates": [ [ [ 77.141985343442983, 11.446216853610464 ], [ 77.141985343442983, 11.446481000336687 ], [ 77.141721196716773, 11.446481000336687 ], [ 77.141721196716773, 11.446216853610464 ], [ 77.141985343442983, 11.446216853610464 ] ] ] } },
{ "type": "Feature", "properties": { "feature_id": "bld_1644", "name": "Building 1644 (Bhavani Valley Perimeter)", "feature_type": "building", "category": "building" }, "geometry": { "type": "Polygon", "coordinates": [ [ [ 77.182832672076842, 11.45608455671454 ], [ 77.182832672076842, 11.456292455278554 ], [ 77.182624773512828, 11.456292455278554 ], [ 77.182624773512828, 11.45608455671454 ], [ 77.182832672076842, 11.45608455671454 ] ] ] } },
{ "type": "Feature", "properties": { "feature_id": "bld_1645", "name": "Building 1645 (Bhavani Valley Perimeter)", "feature_type": "building", "category": "building" }, "geometry": { "type": "Polygon", "coordinates": [ [ [ 77.186653799280407, 11.457128388253347 ], [ 77.186653799280407, 11.457356855029408 ], [ 77.186425332504342, 11.457356855029408 ], [ 77.186425332504342, 11.457128388253347 ], [ 77.186653799280407, 11.457128388253347 ] ] ] } },
{ "type": "Feature", "properties": { "feature_id": "bld_1646", "name": "Building 1646 (Bhavani Valley Perimeter)", "feature_type": "building", "category": "building" }, "geometry": { "type": "Polygon", "coordinates": [ [ [ 77.131768315394595, 11.480357596766776 ], [ 77.131768315394595, 11.480597250534437 ], [ 77.13152866162693, 11.480597250534437 ], [ 77.13152866162693, 11.480357596766776 ], [ 77.131768315394595, 11.480357596766776 ] ] ] } },
{ "type": "Feature", "properties": { "feature_id": "bld_1647", "name": "Building 1647 (Bhavani Valley Perimeter)", "feature_type": "building", "category": "building" }, "geometry": { "type": "Polygon", "coordinates": [ [ [ 77.168699642279279, 11.47548640648461 ], [ 77.168699642279279, 11.475694265350477 ], [ 77.168491783413401, 11.475694265350477 ], [ 77.168491783413401, 11.47548640648461 ], [ 77.168699642279279, 11.47548640648461 ] ] ] } },
{ "type": "Feature", "properties": { "feature_id": "bld_1648", "name": "Building 1648 (Bhavani Valley Perimeter)", "feature_type": "building", "category": "building" }, "geometry": { "type": "Polygon", "coordinates": [ [ [ 77.139137917693446, 11.477318160845696 ], [ 77.139137917693446, 11.47752901659493 ], [ 77.138927061944216, 11.47752901659493 ], [ 77.138927061944216, 11.477318160845696 ], [ 77.139137917693446, 11.477318160845696 ] ] ] } },
{ "type": "Feature", "properties": { "feature_id": "bld_1649", "name": "Building 1649 (Bhavani Valley Perimeter)", "feature_type": "building", "category": "building" }, "geometry": { "type": "Polygon", "coordinates": [ [ [ 77.171577786736776, 11.481925991402607 ], [ 77.171577786736776, 11.482173240854836 ], [ 77.171330537284547, 11.482173240854836 ], [ 77.171330537284547, 11.481925991402607 ], [ 77.171577786736776, 11.481925991402607 ] ] ] } },
{ "type": "Feature", "properties": { "feature_id": "bld_1650", "name": "Building 1650 (Bhavani Valley Perimeter)", "feature_type": "building", "category": "building" }, "geometry": { "type": "Polygon", "coordinates": [ [ [ 77.166885608646083, 11.475115712826634 ], [ 77.166885608646083, 11.475394018377481 ], [ 77.166607303095248, 11.475394018377481 ], [ 77.166607303095248, 11.475115712826634 ], [ 77.166885608646083, 11.475115712826634 ] ] ] } },
{ "type": "Feature", "properties": { "feature_id": "bld_1651", "name": "Building 1651 (Bhavani Valley Perimeter)", "feature_type": "building", "category": "building" }, "geometry": { "type": "Polygon", "coordinates": [ [ [ 77.135662931746097, 11.437455041619813 ], [ 77.135662931746097, 11.437671304297787 ], [ 77.135446669068116, 11.437671304297787 ], [ 77.135446669068116, 11.437455041619813 ], [ 77.135662931746097, 11.437455041619813 ] ] ] } },
{ "type": "Feature", "properties": { "feature_id": "bld_1652", "name": "Building 1652 (Bhavani Valley Perimeter)", "feature_type": "building", "category": "building" }, "geometry": { "type": "Polygon", "coordinates": [ [ [ 77.160770488101136, 11.457385091868479 ], [ 77.160770488101136, 11.4576499467096 ], [ 77.160505633260001, 11.4576499467096 ], [ 77.160505633260001, 11.457385091868479 ], [ 77.160770488101136, 11.457385091868479 ] ] ] } },
{ "type": "Feature", "properties": { "feature_id": "bld_1653", "name": "Building 1653 (Bhavani Valley Perimeter)", "feature_type": "building", "category": "building" }, "geometry": { "type": "Polygon", "coordinates": [ [ [ 77.132221468038509, 11.466644157668862 ], [ 77.132221468038509, 11.466830256441542 ], [ 77.132035369265836, 11.466830256441542 ], [ 77.132035369265836, 11.466644157668862 ], [ 77.132221468038509, 11.466644157668862 ] ] ] } },
{ "type": "Feature", "properties": { "feature_id": "bld_1654", "name": "Building 1654 (Bhavani Valley Perimeter)", "feature_type": "building", "category": "building" }, "geometry": { "type": "Polygon", "coordinates": [ [ [ 77.167537533805245, 11.462190513933452 ], [ 77.167537533805245, 11.46237908294785 ], [ 77.167348964790847, 11.46237908294785 ], [ 77.167348964790847, 11.462190513933452 ], [ 77.167537533805245, 11.462190513933452 ] ] ] } },
{ "type": "Feature", "properties": { "feature_id": "bld_1655", "name": "Building 1655 (Bhavani Valley Perimeter)", "feature_type": "building", "category": "building" }, "geometry": { "type": "Polygon", "coordinates": [ [ [ 77.126385787701295, 11.472316653342595 ], [ 77.126385787701295, 11.472544217515587 ], [ 77.126158223528293, 11.472544217515587 ], [ 77.126158223528293, 11.472316653342595 ], [ 77.126385787701295, 11.472316653342595 ] ] ] } },
{ "type": "Feature", "properties": { "feature_id": "bld_1656", "name": "Building 1656 (Bhavani Valley Perimeter)", "feature_type": "building", "category": "building" }, "geometry": { "type": "Polygon", "coordinates": [ [ [ 77.119572888386756, 11.483233500767128 ], [ 77.119572888386756, 11.4834936182699 ], [ 77.119312770883994, 11.4834936182699 ], [ 77.119312770883994, 11.483233500767128 ], [ 77.119572888386756, 11.483233500767128 ] ] ] } },
{ "type": "Feature", "properties": { "feature_id": "bld_1657", "name": "Building 1657 (Bhavani Valley Perimeter)", "feature_type": "building", "category": "building" }, "geometry": { "type": "Polygon", "coordinates": [ [ [ 77.186255391952429, 11.456241995244168 ], [ 77.186255391952429, 11.456468509291865 ], [ 77.186028877904718, 11.456468509291865 ], [ 77.186028877904718, 11.456241995244168 ], [ 77.186255391952429, 11.456241995244168 ] ] ] } },
{ "type": "Feature", "properties": { "feature_id": "bld_1658", "name": "Building 1658 (Bhavani Valley Perimeter)", "feature_type": "building", "category": "building" }, "geometry": { "type": "Polygon", "coordinates": [ [ [ 77.180945478980476, 11.461122957488435 ], [ 77.180945478980476, 11.461381976536103 ], [ 77.180686459932815, 11.461381976536103 ], [ 77.180686459932815, 11.461122957488435 ], [ 77.180945478980476, 11.461122957488435 ] ] ] } },
{ "type": "Feature", "properties": { "feature_id": "bld_1659", "name": "Building 1659 (Bhavani Valley Perimeter)", "feature_type": "building", "category": "building" }, "geometry": { "type": "Polygon", "coordinates": [ [ [ 77.122784200465205, 11.457247681944526 ], [ 77.122784200465205, 11.457424964925739 ], [ 77.122606917483992, 11.457424964925739 ], [ 77.122606917483992, 11.457247681944526 ], [ 77.122784200465205, 11.457247681944526 ] ] ] } },
{ "type": "Feature", "properties": { "feature_id": "bld_1660", "name": "Building 1660 (Bhavani Valley Perimeter)", "feature_type": "building", "category": "building" }, "geometry": { "type": "Polygon", "coordinates": [ [ [ 77.118620951782532, 11.434964422209767 ], [ 77.118620951782532, 11.435129919316996 ], [ 77.118455454675313, 11.435129919316996 ], [ 77.118455454675313, 11.434964422209767 ], [ 77.118620951782532, 11.434964422209767 ] ] ] } },
{ "type": "Feature", "properties": { "feature_id": "bld_1661", "name": "Building 1661 (Bhavani Valley Perimeter)", "feature_type": "building", "category": "building" }, "geometry": { "type": "Polygon", "coordinates": [ [ [ 77.188081975835587, 11.446991253007173 ], [ 77.188081975835587, 11.447244116506504 ], [ 77.18782911233626, 11.447244116506504 ], [ 77.18782911233626, 11.446991253007173 ], [ 77.188081975835587, 11.446991253007173 ] ] ] } },
{ "type": "Feature", "properties": { "feature_id": "bld_1662", "name": "Building 1662 (Bhavani Valley Perimeter)", "feature_type": "building", "category": "building" }, "geometry": { "type": "Polygon", "coordinates": [ [ [ 77.175609693006976, 11.462442302846823 ], [ 77.175609693006976, 11.462623743076835 ], [ 77.175428252776953, 11.462623743076835 ], [ 77.175428252776953, 11.462442302846823 ], [ 77.175609693006976, 11.462442302846823 ] ] ] } },
{ "type": "Feature", "properties": { "feature_id": "bld_1663", "name": "Building 1663 (Bhavani Valley Perimeter)", "feature_type": "building", "category": "building" }, "geometry": { "type": "Polygon", "coordinates": [ [ [ 77.165661666901514, 11.464881382963723 ], [ 77.165661666901514, 11.465143758046233 ], [ 77.165399291819, 11.465143758046233 ], [ 77.165399291819, 11.464881382963723 ], [ 77.165661666901514, 11.464881382963723 ] ] ] } },
{ "type": "Feature", "properties": { "feature_id": "bld_1664", "name": "Building 1664 (Bhavani Valley Perimeter)", "feature_type": "building", "category": "building" }, "geometry": { "type": "Polygon", "coordinates": [ [ [ 77.169397345486743, 11.483650368954635 ], [ 77.169397345486743, 11.483890667813839 ], [ 77.169157046627532, 11.483890667813839 ], [ 77.169157046627532, 11.483650368954635 ], [ 77.169397345486743, 11.483650368954635 ] ] ] } },
{ "type": "Feature", "properties": { "feature_id": "bld_1665", "name": "Building 1665 (Bhavani Valley Perimeter)", "feature_type": "building", "category": "building" }, "geometry": { "type": "Polygon", "coordinates": [ [ [ 77.130832490991793, 11.467338436995366 ], [ 77.130832490991793, 11.467508018694659 ], [ 77.130662909292511, 11.467508018694659 ], [ 77.130662909292511, 11.467338436995366 ], [ 77.130832490991793, 11.467338436995366 ] ] ] } },
{ "type": "Feature", "properties": { "feature_id": "bld_1666", "name": "Building 1666 (Bhavani Valley Perimeter)", "feature_type": "building", "category": "building" }, "geometry": { "type": "Polygon", "coordinates": [ [ [ 77.180868707647591, 11.440866101568258 ], [ 77.180868707647591, 11.441071999565562 ], [ 77.1806628096503, 11.441071999565562 ], [ 77.1806628096503, 11.440866101568258 ], [ 77.180868707647591, 11.440866101568258 ] ] ] } },
{ "type": "Feature", "properties": { "feature_id": "bld_1667", "name": "Building 1667 (Bhavani Valley Perimeter)", "feature_type": "building", "category": "building" }, "geometry": { "type": "Polygon", "coordinates": [ [ [ 77.173524638742762, 11.464758064430116 ], [ 77.173524638742762, 11.464973173402955 ], [ 77.173309529769924, 11.464973173402955 ], [ 77.173309529769924, 11.464758064430116 ], [ 77.173524638742762, 11.464758064430116 ] ] ] } },
{ "type": "Feature", "properties": { "feature_id": "bld_1668", "name": "Building 1668 (Bhavani Valley Perimeter)", "feature_type": "building", "category": "building" }, "geometry": { "type": "Polygon", "coordinates": [ [ [ 77.142713009650777, 11.477623569353085 ], [ 77.142713009650777, 11.477831169967132 ], [ 77.142505409036715, 11.477831169967132 ], [ 77.142505409036715, 11.477623569353085 ], [ 77.142713009650777, 11.477623569353085 ] ] ] } },
{ "type": "Feature", "properties": { "feature_id": "bld_1669", "name": "Building 1669 (Bhavani Valley Perimeter)", "feature_type": "building", "category": "building" }, "geometry": { "type": "Polygon", "coordinates": [ [ [ 77.178402847523699, 11.43927234565823 ], [ 77.178402847523699, 11.43954109743944 ], [ 77.178134095742479, 11.43954109743944 ], [ 77.178134095742479, 11.43927234565823 ], [ 77.178402847523699, 11.43927234565823 ] ] ] } },
{ "type": "Feature", "properties": { "feature_id": "bld_1670", "name": "Building 1670 (Bhavani Valley Perimeter)", "feature_type": "building", "category": "building" }, "geometry": { "type": "Polygon", "coordinates": [ [ [ 77.176389411232179, 11.443980758384601 ], [ 77.176389411232179, 11.444201006899132 ], [ 77.176169162717656, 11.444201006899132 ], [ 77.176169162717656, 11.443980758384601 ], [ 77.176389411232179, 11.443980758384601 ] ] ] } },
{ "type": "Feature", "properties": { "feature_id": "bld_1671", "name": "Building 1671 (Bhavani Valley Perimeter)", "feature_type": "building", "category": "building" }, "geometry": { "type": "Polygon", "coordinates": [ [ [ 77.115012454063489, 11.470212732105947 ], [ 77.115012454063489, 11.470447680793475 ], [ 77.114777505375955, 11.470447680793475 ], [ 77.114777505375955, 11.470212732105947 ], [ 77.115012454063489, 11.470212732105947 ] ] ] } },
{ "type": "Feature", "properties": { "feature_id": "bld_1672", "name": "Building 1672 (Bhavani Valley Perimeter)", "feature_type": "building", "category": "building" }, "geometry": { "type": "Polygon", "coordinates": [ [ [ 77.157273923414095, 11.444729526137468 ], [ 77.157273923414095, 11.444919170558155 ], [ 77.157084278993409, 11.444919170558155 ], [ 77.157084278993409, 11.444729526137468 ], [ 77.157273923414095, 11.444729526137468 ] ] ] } },
{ "type": "Feature", "properties": { "feature_id": "bld_1673", "name": "Building 1673 (Bhavani Valley Perimeter)", "feature_type": "building", "category": "building" }, "geometry": { "type": "Polygon", "coordinates": [ [ [ 77.103853941422187, 11.450984194633493 ], [ 77.103853941422187, 11.451222558886078 ], [ 77.103615577169592, 11.451222558886078 ], [ 77.103615577169592, 11.450984194633493 ], [ 77.103853941422187, 11.450984194633493 ] ] ] } },
{ "type": "Feature", "properties": { "feature_id": "bld_1674", "name": "Building 1674 (Bhavani Valley Perimeter)", "feature_type": "building", "category": "building" }, "geometry": { "type": "Polygon", "coordinates": [ [ [ 77.177324620002395, 11.468235894630297 ], [ 77.177324620002395, 11.468456850115572 ], [ 77.177103664517119, 11.468456850115572 ], [ 77.177103664517119, 11.468235894630297 ], [ 77.177324620002395, 11.468235894630297 ] ] ] } },
{ "type": "Feature", "properties": { "feature_id": "bld_1675", "name": "Building 1675 (Bhavani Valley Perimeter)", "feature_type": "building", "category": "building" }, "geometry": { "type": "Polygon", "coordinates": [ [ [ 77.185925921859663, 11.470817148464592 ], [ 77.185925921859663, 11.471107371592991 ], [ 77.185635698731275, 11.471107371592991 ], [ 77.185635698731275, 11.470817148464592 ], [ 77.185925921859663, 11.470817148464592 ] ] ] } },
{ "type": "Feature", "properties": { "feature_id": "bld_1676", "name": "Building 1676 (Bhavani Valley Perimeter)", "feature_type": "building", "category": "building" }, "geometry": { "type": "Polygon", "coordinates": [ [ [ 77.147566615462537, 11.447861515871612 ], [ 77.147566615462537, 11.448028911607704 ], [ 77.147399219726438, 11.448028911607704 ], [ 77.147399219726438, 11.447861515871612 ], [ 77.147566615462537, 11.447861515871612 ] ] ] } },
{ "type": "Feature", "properties": { "feature_id": "bld_1677", "name": "Building 1677 (Bhavani Valley Perimeter)", "feature_type": "building", "category": "building" }, "geometry": { "type": "Polygon", "coordinates": [ [ [ 77.165448830892515, 11.440963955641298 ], [ 77.165448830892515, 11.441166344159257 ], [ 77.165246442374567, 11.441166344159257 ], [ 77.165246442374567, 11.440963955641298 ], [ 77.165448830892515, 11.440963955641298 ] ] ] } },
{ "type": "Feature", "properties": { "feature_id": "bld_1678", "name": "Building 1678 (Bhavani Valley Perimeter)", "feature_type": "building", "category": "building" }, "geometry": { "type": "Polygon", "coordinates": [ [ [ 77.148044422533331, 11.463098788565198 ], [ 77.148044422533331, 11.463342870212777 ], [ 77.147800340885766, 11.463342870212777 ], [ 77.147800340885766, 11.463098788565198 ], [ 77.148044422533331, 11.463098788565198 ] ] ] } },
{ "type": "Feature", "properties": { "feature_id": "bld_1679", "name": "Building 1679 (Bhavani Valley Perimeter)", "feature_type": "building", "category": "building" }, "geometry": { "type": "Polygon", "coordinates": [ [ [ 77.115086183327378, 11.453863666645185 ], [ 77.115086183327378, 11.454110073836981 ], [ 77.114839776135568, 11.454110073836981 ], [ 77.114839776135568, 11.453863666645185 ], [ 77.115086183327378, 11.453863666645185 ] ] ] } },
{ "type": "Feature", "properties": { "feature_id": "bld_1680", "name": "Building 1680 (Bhavani Valley Perimeter)", "feature_type": "building", "category": "building" }, "geometry": { "type": "Polygon", "coordinates": [ [ [ 77.187428280080027, 11.471236974621988 ], [ 77.187428280080027, 11.471526139147979 ], [ 77.187139115554046, 11.471526139147979 ], [ 77.187139115554046, 11.471236974621988 ], [ 77.187428280080027, 11.471236974621988 ] ] ] } },
{ "type": "Feature", "properties": { "feature_id": "bld_1681", "name": "Building 1681 (Bhavani Valley Perimeter)", "feature_type": "building", "category": "building" }, "geometry": { "type": "Polygon", "coordinates": [ [ [ 77.168692526884115, 11.46449240680878 ], [ 77.168692526884115, 11.464679290080458 ], [ 77.168505643612434, 11.464679290080458 ], [ 77.168505643612434, 11.46449240680878 ], [ 77.168692526884115, 11.46449240680878 ] ] ] } },
{ "type": "Feature", "properties": { "feature_id": "bld_1682", "name": "Building 1682 (Bhavani Valley Perimeter)", "feature_type": "building", "category": "building" }, "geometry": { "type": "Polygon", "coordinates": [ [ [ 77.160123881512249, 11.466046805456063 ], [ 77.160123881512249, 11.466291151139927 ], [ 77.159879535828395, 11.466291151139927 ], [ 77.159879535828395, 11.466046805456063 ], [ 77.160123881512249, 11.466046805456063 ] ] ] } },
{ "type": "Feature", "properties": { "feature_id": "bld_1683", "name": "Building 1683 (Bhavani Valley Perimeter)", "feature_type": "building", "category": "building" }, "geometry": { "type": "Polygon", "coordinates": [ [ [ 77.144184139095842, 11.461329419222565 ], [ 77.144184139095842, 11.461536241176361 ], [ 77.143977317142031, 11.461536241176361 ], [ 77.143977317142031, 11.461329419222565 ], [ 77.144184139095842, 11.461329419222565 ] ] ] } },
{ "type": "Feature", "properties": { "feature_id": "bld_1684", "name": "Building 1684 (Bhavani Valley Perimeter)", "feature_type": "building", "category": "building" }, "geometry": { "type": "Polygon", "coordinates": [ [ [ 77.146874504545622, 11.444741433076109 ], [ 77.146874504545622, 11.445014157491739 ], [ 77.146601780129998, 11.445014157491739 ], [ 77.146601780129998, 11.444741433076109 ], [ 77.146874504545622, 11.444741433076109 ] ] ] } },
{ "type": "Feature", "properties": { "feature_id": "bld_1685", "name": "Building 1685 (Bhavani Valley Perimeter)", "feature_type": "building", "category": "building" }, "geometry": { "type": "Polygon", "coordinates": [ [ [ 77.116830463144723, 11.439137777272629 ], [ 77.116830463144723, 11.439358851716319 ], [ 77.116609388701036, 11.439358851716319 ], [ 77.116609388701036, 11.439137777272629 ], [ 77.116830463144723, 11.439137777272629 ] ] ] } },
{ "type": "Feature", "properties": { "feature_id": "bld_1686", "name": "Building 1686 (Bhavani Valley Perimeter)", "feature_type": "building", "category": "building" }, "geometry": { "type": "Polygon", "coordinates": [ [ [ 77.159347042344777, 11.456786468457441 ], [ 77.159347042344777, 11.456985214035914 ], [ 77.159148296766304, 11.456985214035914 ], [ 77.159148296766304, 11.456786468457441 ], [ 77.159347042344777, 11.456786468457441 ] ] ] } },
{ "type": "Feature", "properties": { "feature_id": "bld_1687", "name": "Building 1687 (Bhavani Valley Perimeter)", "feature_type": "building", "category": "building" }, "geometry": { "type": "Polygon", "coordinates": [ [ [ 77.150380707288448, 11.452204816032301 ], [ 77.150380707288448, 11.452495417508919 ], [ 77.150090105811827, 11.452495417508919 ], [ 77.150090105811827, 11.452204816032301 ], [ 77.150380707288448, 11.452204816032301 ] ] ] } },
{ "type": "Feature", "properties": { "feature_id": "bld_1688", "name": "Building 1688 (Bhavani Valley Perimeter)", "feature_type": "building", "category": "building" }, "geometry": { "type": "Polygon", "coordinates": [ [ [ 77.183141014443905, 11.460015639119023 ], [ 77.183141014443905, 11.460221542878186 ], [ 77.182935110684738, 11.460221542878186 ], [ 77.182935110684738, 11.460015639119023 ], [ 77.183141014443905, 11.460015639119023 ] ] ] } },
{ "type": "Feature", "properties": { "feature_id": "bld_1689", "name": "Building 1689 (Bhavani Valley Perimeter)", "feature_type": "building", "category": "building" }, "geometry": { "type": "Polygon", "coordinates": [ [ [ 77.16645515108651, 11.436722413343732 ], [ 77.16645515108651, 11.436948881004577 ], [ 77.166228683425672, 11.436948881004577 ], [ 77.166228683425672, 11.436722413343732 ], [ 77.16645515108651, 11.436722413343732 ] ] ] } },
{ "type": "Feature", "properties": { "feature_id": "bld_1690", "name": "Building 1690 (Bhavani Valley Perimeter)", "feature_type": "building", "category": "building" }, "geometry": { "type": "Polygon", "coordinates": [ [ [ 77.130349945696238, 11.480945954043218 ], [ 77.130349945696238, 11.481107634467037 ], [ 77.130188265272423, 11.481107634467037 ], [ 77.130188265272423, 11.480945954043218 ], [ 77.130349945696238, 11.480945954043218 ] ] ] } },
{ "type": "Feature", "properties": { "feature_id": "bld_1691", "name": "Building 1691 (Bhavani Valley Perimeter)", "feature_type": "building", "category": "building" }, "geometry": { "type": "Polygon", "coordinates": [ [ [ 77.149867290073772, 11.471919227794205 ], [ 77.149867290073772, 11.472147130312459 ], [ 77.149639387555524, 11.472147130312459 ], [ 77.149639387555524, 11.471919227794205 ], [ 77.149867290073772, 11.471919227794205 ] ] ] } },
{ "type": "Feature", "properties": { "feature_id": "bld_1692", "name": "Building 1692 (Bhavani Valley Perimeter)", "feature_type": "building", "category": "building" }, "geometry": { "type": "Polygon", "coordinates": [ [ [ 77.10780253344484, 11.483506808771198 ], [ 77.10780253344484, 11.483739330231591 ], [ 77.10757001198445, 11.483739330231591 ], [ 77.10757001198445, 11.483506808771198 ], [ 77.10780253344484, 11.483506808771198 ] ] ] } },
{ "type": "Feature", "properties": { "feature_id": "bld_1693", "name": "Building 1693 (Bhavani Valley Perimeter)", "feature_type": "building", "category": "building" }, "geometry": { "type": "Polygon", "coordinates": [ [ [ 77.155390606854667, 11.446716644269419 ], [ 77.155390606854667, 11.446944334001333 ], [ 77.155162917122738, 11.446944334001333 ], [ 77.155162917122738, 11.446716644269419 ], [ 77.155390606854667, 11.446716644269419 ] ] ] } },
{ "type": "Feature", "properties": { "feature_id": "bld_1694", "name": "Building 1694 (Bhavani Valley Perimeter)", "feature_type": "building", "category": "building" }, "geometry": { "type": "Polygon", "coordinates": [ [ [ 77.138710885500984, 11.43865736087535 ], [ 77.138710885500984, 11.438832223324848 ], [ 77.1385360230515, 11.438832223324848 ], [ 77.1385360230515, 11.43865736087535 ], [ 77.138710885500984, 11.43865736087535 ] ] ] } },
{ "type": "Feature", "properties": { "feature_id": "bld_1695", "name": "Building 1695 (Bhavani Valley Perimeter)", "feature_type": "building", "category": "building" }, "geometry": { "type": "Polygon", "coordinates": [ [ [ 77.175466173844683, 11.446897350531325 ], [ 77.175466173844683, 11.447084644689335 ], [ 77.175278879686687, 11.447084644689335 ], [ 77.175278879686687, 11.446897350531325 ], [ 77.175466173844683, 11.446897350531325 ] ] ] } },
{ "type": "Feature", "properties": { "feature_id": "bld_1696", "name": "Building 1696 (Bhavani Valley Perimeter)", "feature_type": "building", "category": "building" }, "geometry": { "type": "Polygon", "coordinates": [ [ [ 77.145526366868822, 11.473353020311825 ], [ 77.145526366868822, 11.473521692824425 ], [ 77.145357694356207, 11.473521692824425 ], [ 77.145357694356207, 11.473353020311825 ], [ 77.145526366868822, 11.473353020311825 ] ] ] } },
{ "type": "Feature", "properties": { "feature_id": "bld_1697", "name": "Building 1697 (Bhavani Valley Perimeter)", "feature_type": "building", "category": "building" }, "geometry": { "type": "Polygon", "coordinates": [ [ [ 77.151995265040995, 11.440877969868472 ], [ 77.151995265040995, 11.441043074415587 ], [ 77.151830160493887, 11.441043074415587 ], [ 77.151830160493887, 11.440877969868472 ], [ 77.151995265040995, 11.440877969868472 ] ] ] } },
{ "type": "Feature", "properties": { "feature_id": "bld_1698", "name": "Building 1698 (Bhavani Valley Perimeter)", "feature_type": "building", "category": "building" }, "geometry": { "type": "Polygon", "coordinates": [ [ [ 77.104835213768453, 11.476619947336568 ], [ 77.104835213768453, 11.476796463484275 ], [ 77.104658697620735, 11.476796463484275 ], [ 77.104658697620735, 11.476619947336568 ], [ 77.104835213768453, 11.476619947336568 ] ] ] } },
{ "type": "Feature", "properties": { "feature_id": "bld_1699", "name": "Building 1699 (Bhavani Valley Perimeter)", "feature_type": "building", "category": "building" }, "geometry": { "type": "Polygon", "coordinates": [ [ [ 77.104202702340132, 11.45675591481411 ], [ 77.104202702340132, 11.457034073900182 ], [ 77.103924543254067, 11.457034073900182 ], [ 77.103924543254067, 11.45675591481411 ], [ 77.104202702340132, 11.45675591481411 ] ] ] } },
{ "type": "Feature", "properties": { "feature_id": "bld_1700", "name": "Building 1700 (Bhavani Valley Perimeter)", "feature_type": "building", "category": "building" }, "geometry": { "type": "Polygon", "coordinates": [ [ [ 77.123699548461317, 11.456002836299016 ], [ 77.123699548461317, 11.456168425453574 ], [ 77.123533959306755, 11.456168425453574 ], [ 77.123533959306755, 11.456002836299016 ], [ 77.123699548461317, 11.456002836299016 ] ] ] } },
{ "type": "Feature", "properties": { "feature_id": "bld_1701", "name": "Building 1701 (Bhavani Valley Perimeter)", "feature_type": "building", "category": "building" }, "geometry": { "type": "Polygon", "coordinates": [ [ [ 77.140537029765895, 11.463760690538093 ], [ 77.140537029765895, 11.464000617525619 ], [ 77.140297102778376, 11.464000617525619 ], [ 77.140297102778376, 11.463760690538093 ], [ 77.140537029765895, 11.463760690538093 ] ] ] } },
{ "type": "Feature", "properties": { "feature_id": "bld_1702", "name": "Building 1702 (Bhavani Valley Perimeter)", "feature_type": "building", "category": "building" }, "geometry": { "type": "Polygon", "coordinates": [ [ [ 77.130005865949016, 11.45068919537983 ], [ 77.130005865949016, 11.450864122686482 ], [ 77.129830938642357, 11.450864122686482 ], [ 77.129830938642357, 11.45068919537983 ], [ 77.130005865949016, 11.45068919537983 ] ] ] } },
{ "type": "Feature", "properties": { "feature_id": "bld_1703", "name": "Building 1703 (Bhavani Valley Perimeter)", "feature_type": "building", "category": "building" }, "geometry": { "type": "Polygon", "coordinates": [ [ [ 77.133145510574295, 11.439841071727518 ], [ 77.133145510574295, 11.440108395159779 ], [ 77.132878187142026, 11.440108395159779 ], [ 77.132878187142026, 11.439841071727518 ], [ 77.133145510574295, 11.439841071727518 ] ] ] } },
{ "type": "Feature", "properties": { "feature_id": "bld_1704", "name": "Building 1704 (Bhavani Valley Perimeter)", "feature_type": "building", "category": "building" }, "geometry": { "type": "Polygon", "coordinates": [ [ [ 77.18710524177429, 11.483363167856378 ], [ 77.18710524177429, 11.483644277810292 ], [ 77.186824131820387, 11.483644277810292 ], [ 77.186824131820387, 11.483363167856378 ], [ 77.18710524177429, 11.483363167856378 ] ] ] } },
{ "type": "Feature", "properties": { "feature_id": "bld_1705", "name": "Building 1705 (Bhavani Valley Perimeter)", "feature_type": "building", "category": "building" }, "geometry": { "type": "Polygon", "coordinates": [ [ [ 77.154171257846755, 11.469943320456006 ], [ 77.154171257846755, 11.47014324926838 ], [ 77.153971329034377, 11.47014324926838 ], [ 77.153971329034377, 11.469943320456006 ], [ 77.154171257846755, 11.469943320456006 ] ] ] } },
{ "type": "Feature", "properties": { "feature_id": "bld_1706", "name": "Building 1706 (Bhavani Valley Perimeter)", "feature_type": "building", "category": "building" }, "geometry": { "type": "Polygon", "coordinates": [ [ [ 77.156883079029313, 11.45766873625821 ], [ 77.156883079029313, 11.457896218685779 ], [ 77.156655596601752, 11.457896218685779 ], [ 77.156655596601752, 11.45766873625821 ], [ 77.156883079029313, 11.45766873625821 ] ] ] } },
{ "type": "Feature", "properties": { "feature_id": "bld_1707", "name": "Building 1707 (Bhavani Valley Perimeter)", "feature_type": "building", "category": "building" }, "geometry": { "type": "Polygon", "coordinates": [ [ [ 77.168302153206568, 11.448993655007044 ], [ 77.168302153206568, 11.449198180552681 ], [ 77.168097627660941, 11.449198180552681 ], [ 77.168097627660941, 11.448993655007044 ], [ 77.168302153206568, 11.448993655007044 ] ] ] } },
{ "type": "Feature", "properties": { "feature_id": "bld_1708", "name": "Building 1708 (Bhavani Valley Perimeter)", "feature_type": "building", "category": "building" }, "geometry": { "type": "Polygon", "coordinates": [ [ [ 77.183331755602467, 11.43769722034166 ], [ 77.183331755602467, 11.437925209143438 ], [ 77.183103766800684, 11.437925209143438 ], [ 77.183103766800684, 11.43769722034166 ], [ 77.183331755602467, 11.43769722034166 ] ] ] } },
{ "type": "Feature", "properties": { "feature_id": "bld_1709", "name": "Building 1709 (Bhavani Valley Perimeter)", "feature_type": "building", "category": "building" }, "geometry": { "type": "Polygon", "coordinates": [ [ [ 77.182270320531899, 11.465399901895713 ], [ 77.182270320531899, 11.465636398886103 ], [ 77.182033823541502, 11.465636398886103 ], [ 77.182033823541502, 11.465399901895713 ], [ 77.182270320531899, 11.465399901895713 ] ] ] } },
{ "type": "Feature", "properties": { "feature_id": "bld_1710", "name": "Building 1710 (Bhavani Valley Perimeter)", "feature_type": "building", "category": "building" }, "geometry": { "type": "Polygon", "coordinates": [ [ [ 77.122616619519746, 11.452024131064116 ], [ 77.122616619519746, 11.452303417842328 ], [ 77.122337332741537, 11.452303417842328 ], [ 77.122337332741537, 11.452024131064116 ], [ 77.122616619519746, 11.452024131064116 ] ] ] } },
{ "type": "Feature", "properties": { "feature_id": "bld_1711", "name": "Building 1711 (Bhavani Valley Perimeter)", "feature_type": "building", "category": "building" }, "geometry": { "type": "Polygon", "coordinates": [ [ [ 77.150416602439094, 11.460650139107891 ], [ 77.150416602439094, 11.460824080267788 ], [ 77.150242661279208, 11.460824080267788 ], [ 77.150242661279208, 11.460650139107891 ], [ 77.150416602439094, 11.460650139107891 ] ] ] } },
{ "type": "Feature", "properties": { "feature_id": "bld_1712", "name": "Building 1712 (Bhavani Valley Perimeter)", "feature_type": "building", "category": "building" }, "geometry": { "type": "Polygon", "coordinates": [ [ [ 77.101548923112674, 11.483077870402642 ], [ 77.101548923112674, 11.483290648466063 ], [ 77.101336145049245, 11.483290648466063 ], [ 77.101336145049245, 11.483077870402642 ], [ 77.101548923112674, 11.483077870402642 ] ] ] } },
{ "type": "Feature", "properties": { "feature_id": "bld_1713", "name": "Building 1713 (Bhavani Valley Perimeter)", "feature_type": "building", "category": "building" }, "geometry": { "type": "Polygon", "coordinates": [ [ [ 77.154416993588953, 11.438857935659364 ], [ 77.154416993588953, 11.439113571659366 ], [ 77.154161357588961, 11.439113571659366 ], [ 77.154161357588961, 11.438857935659364 ], [ 77.154416993588953, 11.438857935659364 ] ] ] } },
{ "type": "Feature", "properties": { "feature_id": "bld_1714", "name": "Building 1714 (Bhavani Valley Perimeter)", "feature_type": "building", "category": "building" }, "geometry": { "type": "Polygon", "coordinates": [ [ [ 77.184019831856091, 11.463694434577304 ], [ 77.184019831856091, 11.463872090722438 ], [ 77.183842175710964, 11.463872090722438 ], [ 77.183842175710964, 11.463694434577304 ], [ 77.184019831856091, 11.463694434577304 ] ] ] } },
{ "type": "Feature", "properties": { "feature_id": "bld_1715", "name": "Building 1715 (Bhavani Valley Perimeter)", "feature_type": "building", "category": "building" }, "geometry": { "type": "Polygon", "coordinates": [ [ [ 77.152463386630174, 11.473208911497672 ], [ 77.152463386630174, 11.473425809812792 ], [ 77.152246488315043, 11.473425809812792 ], [ 77.152246488315043, 11.473208911497672 ], [ 77.152463386630174, 11.473208911497672 ] ] ] } },
{ "type": "Feature", "properties": { "feature_id": "bld_1716", "name": "Building 1716 (Bhavani Valley Perimeter)", "feature_type": "building", "category": "building" }, "geometry": { "type": "Polygon", "coordinates": [ [ [ 77.179328344739005, 11.467291200243588 ], [ 77.179328344739005, 11.467577095092148 ], [ 77.179042449890446, 11.467577095092148 ], [ 77.179042449890446, 11.467291200243588 ], [ 77.179328344739005, 11.467291200243588 ] ] ] } },
{ "type": "Feature", "properties": { "feature_id": "bld_1717", "name": "Building 1717 (Bhavani Valley Perimeter)", "feature_type": "building", "category": "building" }, "geometry": { "type": "Polygon", "coordinates": [ [ [ 77.156217156432035, 11.441462720180464 ], [ 77.156217156432035, 11.44166607702002 ], [ 77.156013799592472, 11.44166607702002 ], [ 77.156013799592472, 11.441462720180464 ], [ 77.156217156432035, 11.441462720180464 ] ] ] } },
{ "type": "Feature", "properties": { "feature_id": "bld_1718", "name": "Building 1718 (Bhavani Valley Perimeter)", "feature_type": "building", "category": "building" }, "geometry": { "type": "Polygon", "coordinates": [ [ [ 77.118294773347429, 11.480308096881133 ], [ 77.118294773347429, 11.480574552890554 ], [ 77.118028317338002, 11.480574552890554 ], [ 77.118028317338002, 11.480308096881133 ], [ 77.118294773347429, 11.480308096881133 ] ] ] } },
{ "type": "Feature", "properties": { "feature_id": "bld_1719", "name": "Building 1719 (Bhavani Valley Perimeter)", "feature_type": "building", "category": "building" }, "geometry": { "type": "Polygon", "coordinates": [ [ [ 77.160968736335946, 11.449955432847538 ], [ 77.160968736335946, 11.450141199115624 ], [ 77.160782970067856, 11.450141199115624 ], [ 77.160782970067856, 11.449955432847538 ], [ 77.160968736335946, 11.449955432847538 ] ] ] } },
{ "type": "Feature", "properties": { "feature_id": "bld_1720", "name": "Building 1720 (Bhavani Valley Perimeter)", "feature_type": "building", "category": "building" }, "geometry": { "type": "Polygon", "coordinates": [ [ [ 77.168176403187658, 11.458612092025303 ], [ 77.168176403187658, 11.458803702562603 ], [ 77.167984792650344, 11.458803702562603 ], [ 77.167984792650344, 11.458612092025303 ], [ 77.168176403187658, 11.458612092025303 ] ] ] } },
{ "type": "Feature", "properties": { "feature_id": "bld_1721", "name": "Building 1721 (Bhavani Valley Perimeter)", "feature_type": "building", "category": "building" }, "geometry": { "type": "Polygon", "coordinates": [ [ [ 77.155598809952664, 11.436913860689133 ], [ 77.155598809952664, 11.437119524524713 ], [ 77.155393146117092, 11.437119524524713 ], [ 77.155393146117092, 11.436913860689133 ], [ 77.155598809952664, 11.436913860689133 ] ] ] } },
{ "type": "Feature", "properties": { "feature_id": "bld_1722", "name": "Building 1722 (Bhavani Valley Perimeter)", "feature_type": "building", "category": "building" }, "geometry": { "type": "Polygon", "coordinates": [ [ [ 77.142319055326638, 11.44224899089204 ], [ 77.142319055326638, 11.442546842518901 ], [ 77.14202120369977, 11.442546842518901 ], [ 77.14202120369977, 11.44224899089204 ], [ 77.142319055326638, 11.44224899089204 ] ] ] } },
{ "type": "Feature", "properties": { "feature_id": "bld_1723", "name": "Building 1723 (Bhavani Valley Perimeter)", "feature_type": "building", "category": "building" }, "geometry": { "type": "Polygon", "coordinates": [ [ [ 77.118913010254232, 11.441423409060992 ], [ 77.118913010254232, 11.441611903943336 ], [ 77.118724515371895, 11.441611903943336 ], [ 77.118724515371895, 11.441423409060992 ], [ 77.118913010254232, 11.441423409060992 ] ] ] } },
{ "type": "Feature", "properties": { "feature_id": "bld_1724", "name": "Building 1724 (Bhavani Valley Perimeter)", "feature_type": "building", "category": "building" }, "geometry": { "type": "Polygon", "coordinates": [ [ [ 77.169335081100158, 11.456155703847809 ], [ 77.169335081100158, 11.456394862079375 ], [ 77.169095922868578, 11.456394862079375 ], [ 77.169095922868578, 11.456155703847809 ], [ 77.169335081100158, 11.456155703847809 ] ] ] } },
{ "type": "Feature", "properties": { "feature_id": "bld_1725", "name": "Building 1725 (Bhavani Valley Perimeter)", "feature_type": "building", "category": "building" }, "geometry": { "type": "Polygon", "coordinates": [ [ [ 77.102002031917266, 11.436610357640179 ], [ 77.102002031917266, 11.436832773217153 ], [ 77.101779616340281, 11.436832773217153 ], [ 77.101779616340281, 11.436610357640179 ], [ 77.102002031917266, 11.436610357640179 ] ] ] } },
{ "type": "Feature", "properties": { "feature_id": "bld_1726", "name": "Building 1726 (Bhavani Valley Perimeter)", "feature_type": "building", "category": "building" }, "geometry": { "type": "Polygon", "coordinates": [ [ [ 77.173585041347863, 11.479175874475645 ], [ 77.173585041347863, 11.479348013395109 ], [ 77.17341290242841, 11.479348013395109 ], [ 77.17341290242841, 11.479175874475645 ], [ 77.173585041347863, 11.479175874475645 ] ] ] } },
{ "type": "Feature", "properties": { "feature_id": "bld_1727", "name": "Building 1727 (Bhavani Valley Perimeter)", "feature_type": "building", "category": "building" }, "geometry": { "type": "Polygon", "coordinates": [ [ [ 77.148559837281894, 11.480554326221155 ], [ 77.148559837281894, 11.480768642406771 ], [ 77.148345521096289, 11.480768642406771 ], [ 77.148345521096289, 11.480554326221155 ], [ 77.148559837281894, 11.480554326221155 ] ] ] } },
{ "type": "Feature", "properties": { "feature_id": "bld_1728", "name": "Building 1728 (Bhavani Valley Perimeter)", "feature_type": "building", "category": "building" }, "geometry": { "type": "Polygon", "coordinates": [ [ [ 77.174806402442826, 11.441539305105696 ], [ 77.174806402442826, 11.44183026033425 ], [ 77.174515447214262, 11.44183026033425 ], [ 77.174515447214262, 11.441539305105696 ], [ 77.174806402442826, 11.441539305105696 ] ] ] } },
{ "type": "Feature", "properties": { "feature_id": "bld_1729", "name": "Building 1729 (Bhavani Valley Perimeter)", "feature_type": "building", "category": "building" }, "geometry": { "type": "Polygon", "coordinates": [ [ [ 77.167755461784154, 11.481939356432996 ], [ 77.167755461784154, 11.482194082845695 ], [ 77.167500735371462, 11.482194082845695 ], [ 77.167500735371462, 11.481939356432996 ], [ 77.167755461784154, 11.481939356432996 ] ] ] } },
{ "type": "Feature", "properties": { "feature_id": "bld_1730", "name": "Building 1730 (Bhavani Valley Perimeter)", "feature_type": "building", "category": "building" }, "geometry": { "type": "Polygon", "coordinates": [ [ [ 77.132805643554278, 11.481809768951894 ], [ 77.132805643554278, 11.482008348300578 ], [ 77.132607064205601, 11.482008348300578 ], [ 77.132607064205601, 11.481809768951894 ], [ 77.132805643554278, 11.481809768951894 ] ] ] } },
{ "type": "Feature", "properties": { "feature_id": "bld_1731", "name": "Building 1731 (Bhavani Valley Perimeter)", "feature_type": "building", "category": "building" }, "geometry": { "type": "Polygon", "coordinates": [ [ [ 77.130029099126517, 11.46990684875912 ], [ 77.130029099126517, 11.470173993041055 ], [ 77.129761954844582, 11.470173993041055 ], [ 77.129761954844582, 11.46990684875912 ], [ 77.130029099126517, 11.46990684875912 ] ] ] } },
{ "type": "Feature", "properties": { "feature_id": "bld_1732", "name": "Building 1732 (Bhavani Valley Perimeter)", "feature_type": "building", "category": "building" }, "geometry": { "type": "Polygon", "coordinates": [ [ [ 77.183782173408886, 11.445104260590345 ], [ 77.183782173408886, 11.445375980315276 ], [ 77.183510453683951, 11.445375980315276 ], [ 77.183510453683951, 11.445104260590345 ], [ 77.183782173408886, 11.445104260590345 ] ] ] } },
{ "type": "Feature", "properties": { "feature_id": "bld_1733", "name": "Building 1733 (Bhavani Valley Perimeter)", "feature_type": "building", "category": "building" }, "geometry": { "type": "Polygon", "coordinates": [ [ [ 77.166576250425607, 11.438082622192796 ], [ 77.166576250425607, 11.438296833432565 ], [ 77.166362039185827, 11.438296833432565 ], [ 77.166362039185827, 11.438082622192796 ], [ 77.166576250425607, 11.438082622192796 ] ] ] } },
{ "type": "Feature", "properties": { "feature_id": "bld_1734", "name": "Building 1734 (Bhavani Valley Perimeter)", "feature_type": "building", "category": "building" }, "geometry": { "type": "Polygon", "coordinates": [ [ [ 77.125597697416978, 11.450075714936133 ], [ 77.125597697416978, 11.450373327499271 ], [ 77.125300084853833, 11.450373327499271 ], [ 77.125300084853833, 11.450075714936133 ], [ 77.125597697416978, 11.450075714936133 ] ] ] } },
{ "type": "Feature", "properties": { "feature_id": "bld_1735", "name": "Building 1735 (Bhavani Valley Perimeter)", "feature_type": "building", "category": "building" }, "geometry": { "type": "Polygon", "coordinates": [ [ [ 77.157998330447811, 11.470735444655062 ], [ 77.157998330447811, 11.471032171124286 ], [ 77.15770160397858, 11.471032171124286 ], [ 77.15770160397858, 11.470735444655062 ], [ 77.157998330447811, 11.470735444655062 ] ] ] } },
{ "type": "Feature", "properties": { "feature_id": "bld_1736", "name": "Building 1736 (Bhavani Valley Perimeter)", "feature_type": "building", "category": "building" }, "geometry": { "type": "Polygon", "coordinates": [ [ [ 77.134058577588618, 11.47498159125521 ], [ 77.134058577588618, 11.475202425590071 ], [ 77.13383774325375, 11.475202425590071 ], [ 77.13383774325375, 11.47498159125521 ], [ 77.134058577588618, 11.47498159125521 ] ] ] } },
{ "type": "Feature", "properties": { "feature_id": "bld_1737", "name": "Building 1737 (Bhavani Valley Perimeter)", "feature_type": "building", "category": "building" }, "geometry": { "type": "Polygon", "coordinates": [ [ [ 77.178404368495734, 11.443886539033171 ], [ 77.178404368495734, 11.444179215097959 ], [ 77.178111692430946, 11.444179215097959 ], [ 77.178111692430946, 11.443886539033171 ], [ 77.178404368495734, 11.443886539033171 ] ] ] } },
{ "type": "Feature", "properties": { "feature_id": "bld_1738", "name": "Building 1738 (Bhavani Valley Perimeter)", "feature_type": "building", "category": "building" }, "geometry": { "type": "Polygon", "coordinates": [ [ [ 77.119822387213361, 11.451178091892659 ], [ 77.119822387213361, 11.451443958805433 ], [ 77.119556520300591, 11.451443958805433 ], [ 77.119556520300591, 11.451178091892659 ], [ 77.119822387213361, 11.451178091892659 ] ] ] } },
{ "type": "Feature", "properties": { "feature_id": "bld_1739", "name": "Building 1739 (Bhavani Valley Perimeter)", "feature_type": "building", "category": "building" }, "geometry": { "type": "Polygon", "coordinates": [ [ [ 77.135549082885959, 11.465299448693248 ], [ 77.135549082885959, 11.465521688983397 ], [ 77.135326842595802, 11.465521688983397 ], [ 77.135326842595802, 11.465299448693248 ], [ 77.135549082885959, 11.465299448693248 ] ] ] } },
{ "type": "Feature", "properties": { "feature_id": "bld_1740", "name": "Building 1740 (Bhavani Valley Perimeter)", "feature_type": "building", "category": "building" }, "geometry": { "type": "Polygon", "coordinates": [ [ [ 77.166897386397196, 11.446332470559325 ], [ 77.166897386397196, 11.446500654677537 ], [ 77.166729202278972, 11.446500654677537 ], [ 77.166729202278972, 11.446332470559325 ], [ 77.166897386397196, 11.446332470559325 ] ] ] } },
{ "type": "Feature", "properties": { "feature_id": "bld_1741", "name": "Building 1741 (Bhavani Valley Perimeter)", "feature_type": "building", "category": "building" }, "geometry": { "type": "Polygon", "coordinates": [ [ [ 77.127085407176224, 11.458623671839767 ], [ 77.127085407176224, 11.458807194647076 ], [ 77.12690188436892, 11.458807194647076 ], [ 77.12690188436892, 11.458623671839767 ], [ 77.127085407176224, 11.458623671839767 ] ] ] } },
{ "type": "Feature", "properties": { "feature_id": "bld_1742", "name": "Building 1742 (Bhavani Valley Perimeter)", "feature_type": "building", "category": "building" }, "geometry": { "type": "Polygon", "coordinates": [ [ [ 77.132015773498125, 11.454915133485621 ], [ 77.132015773498125, 11.455083168343737 ], [ 77.131847738640005, 11.455083168343737 ], [ 77.131847738640005, 11.454915133485621 ], [ 77.132015773498125, 11.454915133485621 ] ] ] } },
{ "type": "Feature", "properties": { "feature_id": "bld_1743", "name": "Building 1743 (Bhavani Valley Perimeter)", "feature_type": "building", "category": "building" }, "geometry": { "type": "Polygon", "coordinates": [ [ [ 77.152588274340488, 11.479126549394657 ], [ 77.152588274340488, 11.479307793402469 ], [ 77.152407030332668, 11.479307793402469 ], [ 77.152407030332668, 11.479126549394657 ], [ 77.152588274340488, 11.479126549394657 ] ] ] } },
{ "type": "Feature", "properties": { "feature_id": "bld_1744", "name": "Building 1744 (Bhavani Valley Perimeter)", "feature_type": "building", "category": "building" }, "geometry": { "type": "Polygon", "coordinates": [ [ [ 77.153912074633766, 11.468127606817914 ], [ 77.153912074633766, 11.468346313673171 ], [ 77.153693367778502, 11.468346313673171 ], [ 77.153693367778502, 11.468127606817914 ], [ 77.153912074633766, 11.468127606817914 ] ] ] } },
{ "type": "Feature", "properties": { "feature_id": "bld_1745", "name": "Building 1745 (Bhavani Valley Perimeter)", "feature_type": "building", "category": "building" }, "geometry": { "type": "Polygon", "coordinates": [ [ [ 77.163214107472939, 11.455421252564392 ], [ 77.163214107472939, 11.455651901784709 ], [ 77.162983458252612, 11.455651901784709 ], [ 77.162983458252612, 11.455421252564392 ], [ 77.163214107472939, 11.455421252564392 ] ] ] } },
{ "type": "Feature", "properties": { "feature_id": "bld_1746", "name": "Building 1746 (Bhavani Valley Perimeter)", "feature_type": "building", "category": "building" }, "geometry": { "type": "Polygon", "coordinates": [ [ [ 77.100788067997414, 11.469459711719209 ], [ 77.100788067997414, 11.46971229969426 ], [ 77.100535480022373, 11.46971229969426 ], [ 77.100535480022373, 11.469459711719209 ], [ 77.100788067997414, 11.469459711719209 ] ] ] } },
{ "type": "Feature", "properties": { "feature_id": "bld_1747", "name": "Building 1747 (Bhavani Valley Perimeter)", "feature_type": "building", "category": "building" }, "geometry": { "type": "Polygon", "coordinates": [ [ [ 77.103604611188217, 11.453263973140901 ], [ 77.103604611188217, 11.453561037598613 ], [ 77.10330754673052, 11.453561037598613 ], [ 77.10330754673052, 11.453263973140901 ], [ 77.103604611188217, 11.453263973140901 ] ] ] } },
{ "type": "Feature", "properties": { "feature_id": "bld_1748", "name": "Building 1748 (Bhavani Valley Perimeter)", "feature_type": "building", "category": "building" }, "geometry": { "type": "Polygon", "coordinates": [ [ [ 77.138009985742244, 11.459953575145521 ], [ 77.138009985742244, 11.460240965367662 ], [ 77.137722595520088, 11.460240965367662 ], [ 77.137722595520088, 11.459953575145521 ], [ 77.138009985742244, 11.459953575145521 ] ] ] } },
{ "type": "Feature", "properties": { "feature_id": "bld_1749", "name": "Building 1749 (Bhavani Valley Perimeter)", "feature_type": "building", "category": "building" }, "geometry": { "type": "Polygon", "coordinates": [ [ [ 77.164689415155607, 11.463967660228517 ], [ 77.164689415155607, 11.464239352883906 ], [ 77.164417722500218, 11.464239352883906 ], [ 77.164417722500218, 11.463967660228517 ], [ 77.164689415155607, 11.463967660228517 ] ] ] } },
{ "type": "Feature", "properties": { "feature_id": "bld_1750", "name": "Building 1750 (Bhavani Valley Perimeter)", "feature_type": "building", "category": "building" }, "geometry": { "type": "Polygon", "coordinates": [ [ [ 77.177906221566573, 11.457731146001318 ], [ 77.177906221566573, 11.457957661172408 ], [ 77.177679706395494, 11.457957661172408 ], [ 77.177679706395494, 11.457731146001318 ], [ 77.177906221566573, 11.457731146001318 ] ] ] } },
{ "type": "Feature", "properties": { "feature_id": "bld_1751", "name": "Building 1751 (Bhavani Valley Perimeter)", "feature_type": "building", "category": "building" }, "geometry": { "type": "Polygon", "coordinates": [ [ [ 77.134873385846461, 11.483206505363123 ], [ 77.134873385846461, 11.483464108638723 ], [ 77.134615782570862, 11.483464108638723 ], [ 77.134615782570862, 11.483206505363123 ], [ 77.134873385846461, 11.483206505363123 ] ] ] } },
{ "type": "Feature", "properties": { "feature_id": "bld_1752", "name": "Building 1752 (Bhavani Valley Perimeter)", "feature_type": "building", "category": "building" }, "geometry": { "type": "Polygon", "coordinates": [ [ [ 77.107603715154582, 11.478034341969792 ], [ 77.107603715154582, 11.478261620361508 ], [ 77.107376436762863, 11.478261620361508 ], [ 77.107376436762863, 11.478034341969792 ], [ 77.107603715154582, 11.478034341969792 ] ] ] } },
{ "type": "Feature", "properties": { "feature_id": "bld_1753", "name": "Building 1753 (Bhavani Valley Perimeter)", "feature_type": "building", "category": "building" }, "geometry": { "type": "Polygon", "coordinates": [ [ [ 77.10629705307754, 11.462376661258638 ], [ 77.10629705307754, 11.462595064257695 ], [ 77.106078650078487, 11.462595064257695 ], [ 77.106078650078487, 11.462376661258638 ], [ 77.10629705307754, 11.462376661258638 ] ] ] } },
{ "type": "Feature", "properties": { "feature_id": "bld_1754", "name": "Building 1754 (Bhavani Valley Perimeter)", "feature_type": "building", "category": "building" }, "geometry": { "type": "Polygon", "coordinates": [ [ [ 77.179135298960304, 11.445061877657805 ], [ 77.179135298960304, 11.445337582703134 ], [ 77.178859593914964, 11.445337582703134 ], [ 77.178859593914964, 11.445061877657805 ], [ 77.179135298960304, 11.445061877657805 ] ] ] } },
{ "type": "Feature", "properties": { "feature_id": "bld_1755", "name": "Building 1755 (Bhavani Valley Perimeter)", "feature_type": "building", "category": "building" }, "geometry": { "type": "Polygon", "coordinates": [ [ [ 77.150340011377779, 11.43758248598958 ], [ 77.150340011377779, 11.437878544331767 ], [ 77.150043953035606, 11.437878544331767 ], [ 77.150043953035606, 11.43758248598958 ], [ 77.150340011377779, 11.43758248598958 ] ] ] } },
{ "type": "Feature", "properties": { "feature_id": "bld_1756", "name": "Building 1756 (Bhavani Valley Perimeter)", "feature_type": "building", "category": "building" }, "geometry": { "type": "Polygon", "coordinates": [ [ [ 77.146248230448222, 11.44943098423264 ], [ 77.146248230448222, 11.449656701190518 ], [ 77.146022513490337, 11.449656701190518 ], [ 77.146022513490337, 11.44943098423264 ], [ 77.146248230448222, 11.44943098423264 ] ] ] } },
{ "type": "Feature", "properties": { "feature_id": "bld_1757", "name": "Building 1757 (Bhavani Valley Perimeter)", "feature_type": "building", "category": "building" }, "geometry": { "type": "Polygon", "coordinates": [ [ [ 77.177300687864332, 11.450151668871499 ], [ 77.177300687864332, 11.450338643567008 ], [ 77.177113713168822, 11.450338643567008 ], [ 77.177113713168822, 11.450151668871499 ], [ 77.177300687864332, 11.450151668871499 ] ] ] } },
{ "type": "Feature", "properties": { "feature_id": "bld_1758", "name": "Building 1758 (Bhavani Valley Perimeter)", "feature_type": "building", "category": "building" }, "geometry": { "type": "Polygon", "coordinates": [ [ [ 77.11175101558986, 11.449758366553418 ], [ 77.11175101558986, 11.450027573285603 ], [ 77.111481808857675, 11.450027573285603 ], [ 77.111481808857675, 11.449758366553418 ], [ 77.11175101558986, 11.449758366553418 ] ] ] } },
{ "type": "Feature", "properties": { "feature_id": "bld_1759", "name": "Building 1759 (Bhavani Valley Perimeter)", "feature_type": "building", "category": "building" }, "geometry": { "type": "Polygon", "coordinates": [ [ [ 77.142538005817542, 11.446282447234704 ], [ 77.142538005817542, 11.44646571313465 ], [ 77.142354739917593, 11.44646571313465 ], [ 77.142354739917593, 11.446282447234704 ], [ 77.142538005817542, 11.446282447234704 ] ] ] } },
{ "type": "Feature", "properties": { "feature_id": "bld_1760", "name": "Building 1760 (Bhavani Valley Perimeter)", "feature_type": "building", "category": "building" }, "geometry": { "type": "Polygon", "coordinates": [ [ [ 77.130049664755816, 11.481892206774404 ], [ 77.130049664755816, 11.482100230514167 ], [ 77.129841641016057, 11.482100230514167 ], [ 77.129841641016057, 11.481892206774404 ], [ 77.130049664755816, 11.481892206774404 ] ] ] } },
{ "type": "Feature", "properties": { "feature_id": "bld_1761", "name": "Building 1761 (Bhavani Valley Perimeter)", "feature_type": "building", "category": "building" }, "geometry": { "type": "Polygon", "coordinates": [ [ [ 77.189023708310188, 11.459168981313987 ], [ 77.189023708310188, 11.459354064262548 ], [ 77.18883862536164, 11.459354064262548 ], [ 77.18883862536164, 11.459168981313987 ], [ 77.189023708310188, 11.459168981313987 ] ] ] } },
{ "type": "Feature", "properties": { "feature_id": "bld_1762", "name": "Building 1762 (Bhavani Valley Perimeter)", "feature_type": "building", "category": "building" }, "geometry": { "type": "Polygon", "coordinates": [ [ [ 77.18033228525546, 11.457888091662696 ], [ 77.18033228525546, 11.458147445650788 ], [ 77.180072931267361, 11.458147445650788 ], [ 77.180072931267361, 11.457888091662696 ], [ 77.18033228525546, 11.457888091662696 ] ] ] } },
{ "type": "Feature", "properties": { "feature_id": "bld_1763", "name": "Building 1763 (Bhavani Valley Perimeter)", "feature_type": "building", "category": "building" }, "geometry": { "type": "Polygon", "coordinates": [ [ [ 77.188620811108009, 11.437421998896813 ], [ 77.188620811108009, 11.437595536135184 ], [ 77.188447273869642, 11.437595536135184 ], [ 77.188447273869642, 11.437421998896813 ], [ 77.188620811108009, 11.437421998896813 ] ] ] } },
{ "type": "Feature", "properties": { "feature_id": "bld_1764", "name": "Building 1764 (Bhavani Valley Perimeter)", "feature_type": "building", "category": "building" }, "geometry": { "type": "Polygon", "coordinates": [ [ [ 77.16493400782943, 11.448998349066986 ], [ 77.16493400782943, 11.449184151262561 ], [ 77.164748205633856, 11.449184151262561 ], [ 77.164748205633856, 11.448998349066986 ], [ 77.16493400782943, 11.448998349066986 ] ] ] } },
{ "type": "Feature", "properties": { "feature_id": "bld_1765", "name": "Building 1765 (Bhavani Valley Perimeter)", "feature_type": "building", "category": "building" }, "geometry": { "type": "Polygon", "coordinates": [ [ [ 77.103676783175985, 11.435958121607092 ], [ 77.103676783175985, 11.436226549591529 ], [ 77.103408355191561, 11.436226549591529 ], [ 77.103408355191561, 11.435958121607092 ], [ 77.103676783175985, 11.435958121607092 ] ] ] } },
{ "type": "Feature", "properties": { "feature_id": "bld_1766", "name": "Building 1766 (Bhavani Valley Perimeter)", "feature_type": "building", "category": "building" }, "geometry": { "type": "Polygon", "coordinates": [ [ [ 77.112221421240321, 11.458263618021494 ], [ 77.112221421240321, 11.458508443575621 ], [ 77.111976595686201, 11.458508443575621 ], [ 77.111976595686201, 11.458263618021494 ], [ 77.112221421240321, 11.458263618021494 ] ] ] } },
{ "type": "Feature", "properties": { "feature_id": "bld_1767", "name": "Building 1767 (Bhavani Valley Perimeter)", "feature_type": "building", "category": "building" }, "geometry": { "type": "Polygon", "coordinates": [ [ [ 77.138686507156365, 11.43622048751163 ], [ 77.138686507156365, 11.436490177721993 ], [ 77.138416816946005, 11.436490177721993 ], [ 77.138416816946005, 11.43622048751163 ], [ 77.138686507156365, 11.43622048751163 ] ] ] } },
{ "type": "Feature", "properties": { "feature_id": "bld_1768", "name": "Building 1768 (Bhavani Valley Perimeter)", "feature_type": "building", "category": "building" }, "geometry": { "type": "Polygon", "coordinates": [ [ [ 77.101088721523311, 11.472951963404308 ], [ 77.101088721523311, 11.47323702603344 ], [ 77.100803658894179, 11.47323702603344 ], [ 77.100803658894179, 11.472951963404308 ], [ 77.101088721523311, 11.472951963404308 ] ] ] } },
{ "type": "Feature", "properties": { "feature_id": "bld_1769", "name": "Building 1769 (Bhavani Valley Perimeter)", "feature_type": "building", "category": "building" }, "geometry": { "type": "Polygon", "coordinates": [ [ [ 77.139068981732621, 11.461663734817407 ], [ 77.139068981732621, 11.461890512492374 ], [ 77.138842204057667, 11.461890512492374 ], [ 77.138842204057667, 11.461663734817407 ], [ 77.139068981732621, 11.461663734817407 ] ] ] } },
{ "type": "Feature", "properties": { "feature_id": "bld_1770", "name": "Building 1770 (Bhavani Valley Perimeter)", "feature_type": "building", "category": "building" }, "geometry": { "type": "Polygon", "coordinates": [ [ [ 77.135171351021853, 11.479228651422771 ], [ 77.135171351021853, 11.479513802114264 ], [ 77.134886200330357, 11.479513802114264 ], [ 77.134886200330357, 11.479228651422771 ], [ 77.135171351021853, 11.479228651422771 ] ] ] } },
{ "type": "Feature", "properties": { "feature_id": "bld_1771", "name": "Building 1771 (Bhavani Valley Perimeter)", "feature_type": "building", "category": "building" }, "geometry": { "type": "Polygon", "coordinates": [ [ [ 77.130368356347077, 11.465608604171384 ], [ 77.130368356347077, 11.465898371230084 ], [ 77.130078589288388, 11.465898371230084 ], [ 77.130078589288388, 11.465608604171384 ], [ 77.130368356347077, 11.465608604171384 ] ] ] } },
{ "type": "Feature", "properties": { "feature_id": "bld_1772", "name": "Building 1772 (Bhavani Valley Perimeter)", "feature_type": "building", "category": "building" }, "geometry": { "type": "Polygon", "coordinates": [ [ [ 77.186696962641093, 11.460336254284732 ], [ 77.186696962641093, 11.460559649757473 ], [ 77.186473567168349, 11.460559649757473 ], [ 77.186473567168349, 11.460336254284732 ], [ 77.186696962641093, 11.460336254284732 ] ] ] } },
{ "type": "Feature", "properties": { "feature_id": "bld_1773", "name": "Building 1773 (Bhavani Valley Perimeter)", "feature_type": "building", "category": "building" }, "geometry": { "type": "Polygon", "coordinates": [ [ [ 77.125172485434874, 11.482853596658208 ], [ 77.125172485434874, 11.483033590660833 ], [ 77.124992491432252, 11.483033590660833 ], [ 77.124992491432252, 11.482853596658208 ], [ 77.125172485434874, 11.482853596658208 ] ] ] } },
{ "type": "Feature", "properties": { "feature_id": "bld_1774", "name": "Building 1774 (Bhavani Valley Perimeter)", "feature_type": "building", "category": "building" }, "geometry": { "type": "Polygon", "coordinates": [ [ [ 77.152284192424617, 11.449027982795608 ], [ 77.152284192424617, 11.449227043956258 ], [ 77.152085131263959, 11.449227043956258 ], [ 77.152085131263959, 11.449027982795608 ], [ 77.152284192424617, 11.449027982795608 ] ] ] } },
{ "type": "Feature", "properties": { "feature_id": "bld_1775", "name": "Building 1775 (Bhavani Valley Perimeter)", "feature_type": "building", "category": "building" }, "geometry": { "type": "Polygon", "coordinates": [ [ [ 77.136531020505331, 11.484855799149303 ], [ 77.136531020505331, 11.48502349443226 ], [ 77.136363325222376, 11.48502349443226 ], [ 77.136363325222376, 11.484855799149303 ], [ 77.136531020505331, 11.484855799149303 ] ] ] } },
{ "type": "Feature", "properties": { "feature_id": "bld_1776", "name": "Building 1776 (Bhavani Valley Perimeter)", "feature_type": "building", "category": "building" }, "geometry": { "type": "Polygon", "coordinates": [ [ [ 77.152159580096409, 11.439037791443665 ], [ 77.152159580096409, 11.439219424359864 ], [ 77.151977947180214, 11.439219424359864 ], [ 77.151977947180214, 11.439037791443665 ], [ 77.152159580096409, 11.439037791443665 ] ] ] } },
{ "type": "Feature", "properties": { "feature_id": "bld_1777", "name": "Building 1777 (Bhavani Valley Perimeter)", "feature_type": "building", "category": "building" }, "geometry": { "type": "Polygon", "coordinates": [ [ [ 77.139658780228146, 11.460424891098736 ], [ 77.139658780228146, 11.460621122035906 ], [ 77.139462549290968, 11.460621122035906 ], [ 77.139462549290968, 11.460424891098736 ], [ 77.139658780228146, 11.460424891098736 ] ] ] } },
{ "type": "Feature", "properties": { "feature_id": "bld_1778", "name": "Building 1778 (Bhavani Valley Perimeter)", "feature_type": "building", "category": "building" }, "geometry": { "type": "Polygon", "coordinates": [ [ [ 77.12858236716356, 11.439247125627928 ], [ 77.12858236716356, 11.439449576397665 ], [ 77.128379916393826, 11.439449576397665 ], [ 77.128379916393826, 11.439247125627928 ], [ 77.12858236716356, 11.439247125627928 ] ] ] } },
{ "type": "Feature", "properties": { "feature_id": "bld_1779", "name": "Building 1779 (Bhavani Valley Perimeter)", "feature_type": "building", "category": "building" }, "geometry": { "type": "Polygon", "coordinates": [ [ [ 77.187093701024551, 11.482131927603314 ], [ 77.187093701024551, 11.482338810563933 ], [ 77.18688681806394, 11.482338810563933 ], [ 77.18688681806394, 11.482131927603314 ], [ 77.187093701024551, 11.482131927603314 ] ] ] } },
{ "type": "Feature", "properties": { "feature_id": "bld_1780", "name": "Building 1780 (Bhavani Valley Perimeter)", "feature_type": "building", "category": "building" }, "geometry": { "type": "Polygon", "coordinates": [ [ [ 77.151457287132672, 11.480399336687963 ], [ 77.151457287132672, 11.480560202423131 ], [ 77.15129642139749, 11.480560202423131 ], [ 77.15129642139749, 11.480399336687963 ], [ 77.151457287132672, 11.480399336687963 ] ] ] } },
{ "type": "Feature", "properties": { "feature_id": "bld_1781", "name": "Building 1781 (Bhavani Valley Perimeter)", "feature_type": "building", "category": "building" }, "geometry": { "type": "Polygon", "coordinates": [ [ [ 77.173047914131786, 11.482332084838042 ], [ 77.173047914131786, 11.482504870440849 ], [ 77.172875128528972, 11.482504870440849 ], [ 77.172875128528972, 11.482332084838042 ], [ 77.173047914131786, 11.482332084838042 ] ] ] } },
{ "type": "Feature", "properties": { "feature_id": "bld_1782", "name": "Building 1782 (Bhavani Valley Perimeter)", "feature_type": "building", "category": "building" }, "geometry": { "type": "Polygon", "coordinates": [ [ [ 77.114647919553008, 11.482919687328513 ], [ 77.114647919553008, 11.483154942948621 ], [ 77.114412663932896, 11.483154942948621 ], [ 77.114412663932896, 11.482919687328513 ], [ 77.114647919553008, 11.482919687328513 ] ] ] } },
{ "type": "Feature", "properties": { "feature_id": "bld_1783", "name": "Building 1783 (Bhavani Valley Perimeter)", "feature_type": "building", "category": "building" }, "geometry": { "type": "Polygon", "coordinates": [ [ [ 77.101389193159648, 11.447770103880977 ], [ 77.101389193159648, 11.447993095995376 ], [ 77.101166201045245, 11.447993095995376 ], [ 77.101166201045245, 11.447770103880977 ], [ 77.101389193159648, 11.447770103880977 ] ] ] } },
{ "type": "Feature", "properties": { "feature_id": "bld_1784", "name": "Building 1784 (Bhavani Valley Perimeter)", "feature_type": "building", "category": "building" }, "geometry": { "type": "Polygon", "coordinates": [ [ [ 77.162511481498129, 11.471508339400936 ], [ 77.162511481498129, 11.471807698412745 ], [ 77.162212122486309, 11.471807698412745 ], [ 77.162212122486309, 11.471508339400936 ], [ 77.162511481498129, 11.471508339400936 ] ] ] } },
{ "type": "Feature", "properties": { "feature_id": "bld_1785", "name": "Building 1785 (Bhavani Valley Perimeter)", "feature_type": "building", "category": "building" }, "geometry": { "type": "Polygon", "coordinates": [ [ [ 77.125993340592871, 11.461793672445072 ], [ 77.125993340592871, 11.462028337741774 ], [ 77.125758675296183, 11.462028337741774 ], [ 77.125758675296183, 11.461793672445072 ], [ 77.125993340592871, 11.461793672445072 ] ] ] } },
{ "type": "Feature", "properties": { "feature_id": "bld_1786", "name": "Building 1786 (Bhavani Valley Perimeter)", "feature_type": "building", "category": "building" }, "geometry": { "type": "Polygon", "coordinates": [ [ [ 77.136656495309666, 11.443309672732697 ], [ 77.136656495309666, 11.443606516651544 ], [ 77.136359651390819, 11.443606516651544 ], [ 77.136359651390819, 11.443309672732697 ], [ 77.136656495309666, 11.443309672732697 ] ] ] } },
{ "type": "Feature", "properties": { "feature_id": "bld_1787", "name": "Building 1787 (Bhavani Valley Perimeter)", "feature_type": "building", "category": "building" }, "geometry": { "type": "Polygon", "coordinates": [ [ [ 77.176920773979575, 11.459794424235124 ], [ 77.176920773979575, 11.4600388785943 ], [ 77.176676319620398, 11.4600388785943 ], [ 77.176676319620398, 11.459794424235124 ], [ 77.176920773979575, 11.459794424235124 ] ] ] } },
{ "type": "Feature", "properties": { "feature_id": "bld_1788", "name": "Building 1788 (Bhavani Valley Perimeter)", "feature_type": "building", "category": "building" }, "geometry": { "type": "Polygon", "coordinates": [ [ [ 77.120582142729688, 11.462060705610268 ], [ 77.120582142729688, 11.462318001428907 ], [ 77.120324846911046, 11.462318001428907 ], [ 77.120324846911046, 11.462060705610268 ], [ 77.120582142729688, 11.462060705610268 ] ] ] } },
{ "type": "Feature", "properties": { "feature_id": "bld_1789", "name": "Building 1789 (Bhavani Valley Perimeter)", "feature_type": "building", "category": "building" }, "geometry": { "type": "Polygon", "coordinates": [ [ [ 77.146487826470718, 11.48439146461331 ], [ 77.146487826470718, 11.484637052445184 ], [ 77.146242238638848, 11.484637052445184 ], [ 77.146242238638848, 11.48439146461331 ], [ 77.146487826470718, 11.48439146461331 ] ] ] } },
{ "type": "Feature", "properties": { "feature_id": "bld_1790", "name": "Building 1790 (Bhavani Valley Perimeter)", "feature_type": "building", "category": "building" }, "geometry": { "type": "Polygon", "coordinates": [ [ [ 77.133479566509095, 11.47351566900498 ], [ 77.133479566509095, 11.473699533756603 ], [ 77.133295701757476, 11.473699533756603 ], [ 77.133295701757476, 11.47351566900498 ], [ 77.133479566509095, 11.47351566900498 ] ] ] } },
{ "type": "Feature", "properties": { "feature_id": "bld_1791", "name": "Building 1791 (Bhavani Valley Perimeter)", "feature_type": "building", "category": "building" }, "geometry": { "type": "Polygon", "coordinates": [ [ [ 77.134716649730223, 11.452237721022222 ], [ 77.134716649730223, 11.452458174015536 ], [ 77.134496196736904, 11.452458174015536 ], [ 77.134496196736904, 11.452237721022222 ], [ 77.134716649730223, 11.452237721022222 ] ] ] } },
{ "type": "Feature", "properties": { "feature_id": "bld_1792", "name": "Building 1792 (Bhavani Valley Perimeter)", "feature_type": "building", "category": "building" }, "geometry": { "type": "Polygon", "coordinates": [ [ [ 77.170495765345109, 11.459073070596652 ], [ 77.170495765345109, 11.459344232619689 ], [ 77.170224603322069, 11.459344232619689 ], [ 77.170224603322069, 11.459073070596652 ], [ 77.170495765345109, 11.459073070596652 ] ] ] } },
{ "type": "Feature", "properties": { "feature_id": "bld_1793", "name": "Building 1793 (Bhavani Valley Perimeter)", "feature_type": "building", "category": "building" }, "geometry": { "type": "Polygon", "coordinates": [ [ [ 77.152020699794633, 11.451966773220819 ], [ 77.152020699794633, 11.452240170244936 ], [ 77.151747302770531, 11.452240170244936 ], [ 77.151747302770531, 11.451966773220819 ], [ 77.152020699794633, 11.451966773220819 ] ] ] } },
{ "type": "Feature", "properties": { "feature_id": "bld_1794", "name": "Building 1794 (Bhavani Valley Perimeter)", "feature_type": "building", "category": "building" }, "geometry": { "type": "Polygon", "coordinates": [ [ [ 77.121561385554458, 11.446103833785305 ], [ 77.121561385554458, 11.446334464194674 ], [ 77.121330755145095, 11.446334464194674 ], [ 77.121330755145095, 11.446103833785305 ], [ 77.121561385554458, 11.446103833785305 ] ] ] } },
{ "type": "Feature", "properties": { "feature_id": "bld_1795", "name": "Building 1795 (Bhavani Valley Perimeter)", "feature_type": "building", "category": "building" }, "geometry": { "type": "Polygon", "coordinates": [ [ [ 77.1236018129635, 11.435328970920651 ], [ 77.1236018129635, 11.435579732574471 ], [ 77.123351051309669, 11.435579732574471 ], [ 77.123351051309669, 11.435328970920651 ], [ 77.1236018129635, 11.435328970920651 ] ] ] } },
{ "type": "Feature", "properties": { "feature_id": "bld_1796", "name": "Building 1796 (Bhavani Valley Perimeter)", "feature_type": "building", "category": "building" }, "geometry": { "type": "Polygon", "coordinates": [ [ [ 77.146146131728543, 11.457128202928635 ], [ 77.146146131728543, 11.457423578520681 ], [ 77.145850756136483, 11.457423578520681 ], [ 77.145850756136483, 11.457128202928635 ], [ 77.146146131728543, 11.457128202928635 ] ] ] } },
{ "type": "Feature", "properties": { "feature_id": "bld_1797", "name": "Building 1797 (Bhavani Valley Perimeter)", "feature_type": "building", "category": "building" }, "geometry": { "type": "Polygon", "coordinates": [ [ [ 77.151497688073192, 11.478081817372935 ], [ 77.151497688073192, 11.478261340406004 ], [ 77.151318165040124, 11.478261340406004 ], [ 77.151318165040124, 11.478081817372935 ], [ 77.151497688073192, 11.478081817372935 ] ] ] } },
{ "type": "Feature", "properties": { "feature_id": "bld_1798", "name": "Building 1798 (Bhavani Valley Perimeter)", "feature_type": "building", "category": "building" }, "geometry": { "type": "Polygon", "coordinates": [ [ [ 77.151349399084665, 11.478278163933535 ], [ 77.151349399084665, 11.478519798739555 ], [ 77.151107764278635, 11.478519798739555 ], [ 77.151107764278635, 11.478278163933535 ], [ 77.151349399084665, 11.478278163933535 ] ] ] } },
{ "type": "Feature", "properties": { "feature_id": "bld_1799", "name": "Building 1799 (Bhavani Valley Perimeter)", "feature_type": "building", "category": "building" }, "geometry": { "type": "Polygon", "coordinates": [ [ [ 77.164707747497616, 11.453515706924419 ], [ 77.164707747497616, 11.453688649856803 ], [ 77.164534804565236, 11.453688649856803 ], [ 77.164534804565236, 11.453515706924419 ], [ 77.164707747497616, 11.453515706924419 ] ] ] } },
{ "type": "Feature", "properties": { "feature_id": "bld_1800", "name": "Building 1800 (Bhavani Valley Perimeter)", "feature_type": "building", "category": "building" }, "geometry": { "type": "Polygon", "coordinates": [ [ [ 77.141351720774196, 11.454583275329176 ], [ 77.141351720774196, 11.45486466375471 ], [ 77.141070332348676, 11.45486466375471 ], [ 77.141070332348676, 11.454583275329176 ], [ 77.141351720774196, 11.454583275329176 ] ] ] } },
{ "type": "Feature", "properties": { "feature_id": "bld_1801", "name": "Building 1801 (Bhavani Valley Perimeter)", "feature_type": "building", "category": "building" }, "geometry": { "type": "Polygon", "coordinates": [ [ [ 77.122106646880098, 11.483189641708368 ], [ 77.122106646880098, 11.483483781045141 ], [ 77.121812507543325, 11.483483781045141 ], [ 77.121812507543325, 11.483189641708368 ], [ 77.122106646880098, 11.483189641708368 ] ] ] } },
{ "type": "Feature", "properties": { "feature_id": "bld_1802", "name": "Building 1802 (Bhavani Valley Perimeter)", "feature_type": "building", "category": "building" }, "geometry": { "type": "Polygon", "coordinates": [ [ [ 77.122429536778284, 11.452259908872005 ], [ 77.122429536778284, 11.452545286675726 ], [ 77.122144158974564, 11.452545286675726 ], [ 77.122144158974564, 11.452259908872005 ], [ 77.122429536778284, 11.452259908872005 ] ] ] } },
{ "type": "Feature", "properties": { "feature_id": "bld_1803", "name": "Building 1803 (Bhavani Valley Perimeter)", "feature_type": "building", "category": "building" }, "geometry": { "type": "Polygon", "coordinates": [ [ [ 77.187098469673842, 11.457069485348608 ], [ 77.187098469673842, 11.457274424934997 ], [ 77.18689353008746, 11.457274424934997 ], [ 77.18689353008746, 11.457069485348608 ], [ 77.187098469673842, 11.457069485348608 ] ] ] } },
{ "type": "Feature", "properties": { "feature_id": "bld_1804", "name": "Building 1804 (Bhavani Valley Perimeter)", "feature_type": "building", "category": "building" }, "geometry": { "type": "Polygon", "coordinates": [ [ [ 77.147447604408711, 11.469289317102211 ], [ 77.147447604408711, 11.469487603534363 ], [ 77.147249317976559, 11.469487603534363 ], [ 77.147249317976559, 11.469289317102211 ], [ 77.147447604408711, 11.469289317102211 ] ] ] } },
{ "type": "Feature", "properties": { "feature_id": "bld_1805", "name": "Building 1805 (Bhavani Valley Perimeter)", "feature_type": "building", "category": "building" }, "geometry": { "type": "Polygon", "coordinates": [ [ [ 77.166366036330217, 11.43749941724124 ], [ 77.166366036330217, 11.437666318470226 ], [ 77.166199135101223, 11.437666318470226 ], [ 77.166199135101223, 11.43749941724124 ], [ 77.166366036330217, 11.43749941724124 ] ] ] } },
{ "type": "Feature", "properties": { "feature_id": "bld_1806", "name": "Building 1806 (Bhavani Valley Perimeter)", "feature_type": "building", "category": "building" }, "geometry": { "type": "Polygon", "coordinates": [ [ [ 77.134867987788169, 11.45257156527796 ], [ 77.134867987788169, 11.452775753928112 ], [ 77.134663799138025, 11.452775753928112 ], [ 77.134663799138025, 11.45257156527796 ], [ 77.134867987788169, 11.45257156527796 ] ] ] } },
{ "type": "Feature", "properties": { "feature_id": "bld_1807", "name": "Building 1807 (Bhavani Valley Perimeter)", "feature_type": "building", "category": "building" }, "geometry": { "type": "Polygon", "coordinates": [ [ [ 77.144285236694486, 11.450943221061285 ], [ 77.144285236694486, 11.451130137169871 ], [ 77.144098320585897, 11.451130137169871 ], [ 77.144098320585897, 11.450943221061285 ], [ 77.144285236694486, 11.450943221061285 ] ] ] } },
{ "type": "Feature", "properties": { "feature_id": "bld_1808", "name": "Building 1808 (Bhavani Valley Perimeter)", "feature_type": "building", "category": "building" }, "geometry": { "type": "Polygon", "coordinates": [ [ [ 77.127961037357153, 11.483636435701321 ], [ 77.127961037357153, 11.4838539915797 ], [ 77.127743481478774, 11.4838539915797 ], [ 77.127743481478774, 11.483636435701321 ], [ 77.127961037357153, 11.483636435701321 ] ] ] } },
{ "type": "Feature", "properties": { "feature_id": "bld_1809", "name": "Building 1809 (Bhavani Valley Perimeter)", "feature_type": "building", "category": "building" }, "geometry": { "type": "Polygon", "coordinates": [ [ [ 77.140172983771038, 11.463678415643768 ], [ 77.140172983771038, 11.463976083351346 ], [ 77.139875316063467, 11.463976083351346 ], [ 77.139875316063467, 11.463678415643768 ], [ 77.140172983771038, 11.463678415643768 ] ] ] } },
{ "type": "Feature", "properties": { "feature_id": "bld_1810", "name": "Building 1810 (Bhavani Valley Perimeter)", "feature_type": "building", "category": "building" }, "geometry": { "type": "Polygon", "coordinates": [ [ [ 77.121874233807773, 11.468933986598074 ], [ 77.121874233807773, 11.469194224455169 ], [ 77.121613995950668, 11.469194224455169 ], [ 77.121613995950668, 11.468933986598074 ], [ 77.121874233807773, 11.468933986598074 ] ] ] } },
{ "type": "Feature", "properties": { "feature_id": "bld_1811", "name": "Building 1811 (Bhavani Valley Perimeter)", "feature_type": "building", "category": "building" }, "geometry": { "type": "Polygon", "coordinates": [ [ [ 77.154786578570693, 11.439301535922525 ], [ 77.154786578570693, 11.43955629804114 ], [ 77.154531816452064, 11.43955629804114 ], [ 77.154531816452064, 11.439301535922525 ], [ 77.154786578570693, 11.439301535922525 ] ] ] } },
{ "type": "Feature", "properties": { "feature_id": "bld_1812", "name": "Building 1812 (Bhavani Valley Perimeter)", "feature_type": "building", "category": "building" }, "geometry": { "type": "Polygon", "coordinates": [ [ [ 77.105900294675649, 11.46467536179509 ], [ 77.105900294675649, 11.464938903159899 ], [ 77.105636753310847, 11.464938903159899 ], [ 77.105636753310847, 11.46467536179509 ], [ 77.105900294675649, 11.46467536179509 ] ] ] } },
{ "type": "Feature", "properties": { "feature_id": "bld_1813", "name": "Building 1813 (Bhavani Valley Perimeter)", "feature_type": "building", "category": "building" }, "geometry": { "type": "Polygon", "coordinates": [ [ [ 77.11906941492218, 11.476998975610751 ], [ 77.11906941492218, 11.477163225143524 ], [ 77.118905165389393, 11.477163225143524 ], [ 77.118905165389393, 11.476998975610751 ], [ 77.11906941492218, 11.476998975610751 ] ] ] } },
{ "type": "Feature", "properties": { "feature_id": "bld_1814", "name": "Building 1814 (Bhavani Valley Perimeter)", "feature_type": "building", "category": "building" }, "geometry": { "type": "Polygon", "coordinates": [ [ [ 77.176038388885047, 11.457921221376344 ], [ 77.176038388885047, 11.458111683687934 ], [ 77.175847926573454, 11.458111683687934 ], [ 77.175847926573454, 11.457921221376344 ], [ 77.176038388885047, 11.457921221376344 ] ] ] } },
{ "type": "Feature", "properties": { "feature_id": "bld_1815", "name": "Building 1815 (Bhavani Valley Perimeter)", "feature_type": "building", "category": "building" }, "geometry": { "type": "Polygon", "coordinates": [ [ [ 77.112125119640581, 11.482580271787986 ], [ 77.112125119640581, 11.482750444970248 ], [ 77.111954946458326, 11.482750444970248 ], [ 77.111954946458326, 11.482580271787986 ], [ 77.112125119640581, 11.482580271787986 ] ] ] } },
{ "type": "Feature", "properties": { "feature_id": "bld_1816", "name": "Building 1816 (Bhavani Valley Perimeter)", "feature_type": "building", "category": "building" }, "geometry": { "type": "Polygon", "coordinates": [ [ [ 77.118041824233657, 11.452267700932225 ], [ 77.118041824233657, 11.45251453381108 ], [ 77.117794991354813, 11.45251453381108 ], [ 77.117794991354813, 11.452267700932225 ], [ 77.118041824233657, 11.452267700932225 ] ] ] } },
{ "type": "Feature", "properties": { "feature_id": "bld_1817", "name": "Building 1817 (Bhavani Valley Perimeter)", "feature_type": "building", "category": "building" }, "geometry": { "type": "Polygon", "coordinates": [ [ [ 77.149132378633709, 11.441181893661755 ], [ 77.149132378633709, 11.441382455579477 ], [ 77.148931816715987, 11.441382455579477 ], [ 77.148931816715987, 11.441181893661755 ], [ 77.149132378633709, 11.441181893661755 ] ] ] } },
{ "type": "Feature", "properties": { "feature_id": "bld_1818", "name": "Building 1818 (Bhavani Valley Perimeter)", "feature_type": "building", "category": "building" }, "geometry": { "type": "Polygon", "coordinates": [ [ [ 77.121596439501303, 11.445568362620962 ], [ 77.121596439501303, 11.445785922828071 ], [ 77.121378879294184, 11.445785922828071 ], [ 77.121378879294184, 11.445568362620962 ], [ 77.121596439501303, 11.445568362620962 ] ] ] } },
{ "type": "Feature", "properties": { "feature_id": "bld_1819", "name": "Building 1819 (Bhavani Valley Perimeter)", "feature_type": "building", "category": "building" }, "geometry": { "type": "Polygon", "coordinates": [ [ [ 77.163468498254829, 11.445766979089283 ], [ 77.163468498254829, 11.445978314132441 ], [ 77.163257163211668, 11.445978314132441 ], [ 77.163257163211668, 11.445766979089283 ], [ 77.163468498254829, 11.445766979089283 ] ] ] } },
{ "type": "Feature", "properties": { "feature_id": "bld_1820", "name": "Building 1820 (Bhavani Valley Perimeter)", "feature_type": "building", "category": "building" }, "geometry": { "type": "Polygon", "coordinates": [ [ [ 77.13532939506068, 11.483675999826788 ], [ 77.13532939506068, 11.48396965311675 ], [ 77.135035741770722, 11.48396965311675 ], [ 77.135035741770722, 11.483675999826788 ], [ 77.13532939506068, 11.483675999826788 ] ] ] } },
{ "type": "Feature", "properties": { "feature_id": "bld_1821", "name": "Building 1821 (Bhavani Valley Perimeter)", "feature_type": "building", "category": "building" }, "geometry": { "type": "Polygon", "coordinates": [ [ [ 77.172097145059681, 11.446998183428972 ], [ 77.172097145059681, 11.447167708652946 ], [ 77.171927619835699, 11.447167708652946 ], [ 77.171927619835699, 11.446998183428972 ], [ 77.172097145059681, 11.446998183428972 ] ] ] } },
{ "type": "Feature", "properties": { "feature_id": "bld_1822", "name": "Building 1822 (Bhavani Valley Perimeter)", "feature_type": "building", "category": "building" }, "geometry": { "type": "Polygon", "coordinates": [ [ [ 77.128636787200861, 11.448224312665682 ], [ 77.128636787200861, 11.448455142277703 ], [ 77.128405957588853, 11.448455142277703 ], [ 77.128405957588853, 11.448224312665682 ], [ 77.128636787200861, 11.448224312665682 ] ] ] } },
{ "type": "Feature", "properties": { "feature_id": "bld_1823", "name": "Building 1823 (Bhavani Valley Perimeter)", "feature_type": "building", "category": "building" }, "geometry": { "type": "Polygon", "coordinates": [ [ [ 77.170134652392079, 11.477777006457963 ], [ 77.170134652392079, 11.478055287429921 ], [ 77.16985637142011, 11.478055287429921 ], [ 77.16985637142011, 11.477777006457963 ], [ 77.170134652392079, 11.477777006457963 ] ] ] } },
{ "type": "Feature", "properties": { "feature_id": "bld_1824", "name": "Building 1824 (Bhavani Valley Perimeter)", "feature_type": "building", "category": "building" }, "geometry": { "type": "Polygon", "coordinates": [ [ [ 77.132472698903896, 11.469259818779207 ], [ 77.132472698903896, 11.469463615566859 ], [ 77.132268902116252, 11.469463615566859 ], [ 77.132268902116252, 11.469259818779207 ], [ 77.132472698903896, 11.469259818779207 ] ] ] } },
{ "type": "Feature", "properties": { "feature_id": "bld_1825", "name": "Building 1825 (Bhavani Valley Perimeter)", "feature_type": "building", "category": "building" }, "geometry": { "type": "Polygon", "coordinates": [ [ [ 77.105562186819853, 11.469997575351467 ], [ 77.105562186819853, 11.470158951208827 ], [ 77.105400810962479, 11.470158951208827 ], [ 77.105400810962479, 11.469997575351467 ], [ 77.105562186819853, 11.469997575351467 ] ] ] } },
{ "type": "Feature", "properties": { "feature_id": "bld_1826", "name": "Building 1826 (Bhavani Valley Perimeter)", "feature_type": "building", "category": "building" }, "geometry": { "type": "Polygon", "coordinates": [ [ [ 77.136954969298955, 11.451340427037406 ], [ 77.136954969298955, 11.451597499892801 ], [ 77.136697896443565, 11.451597499892801 ], [ 77.136697896443565, 11.451340427037406 ], [ 77.136954969298955, 11.451340427037406 ] ] ] } },
{ "type": "Feature", "properties": { "feature_id": "bld_1827", "name": "Building 1827 (Bhavani Valley Perimeter)", "feature_type": "building", "category": "building" }, "geometry": { "type": "Polygon", "coordinates": [ [ [ 77.169098906439444, 11.450067917907553 ], [ 77.169098906439444, 11.450341545689575 ], [ 77.168825278657408, 11.450341545689575 ], [ 77.168825278657408, 11.450067917907553 ], [ 77.169098906439444, 11.450067917907553 ] ] ] } },
{ "type": "Feature", "properties": { "feature_id": "bld_1828", "name": "Building 1828 (Bhavani Valley Perimeter)", "feature_type": "building", "category": "building" }, "geometry": { "type": "Polygon", "coordinates": [ [ [ 77.12658339974233, 11.457185426702438 ], [ 77.12658339974233, 11.45744720929622 ], [ 77.126321617148548, 11.45744720929622 ], [ 77.126321617148548, 11.457185426702438 ], [ 77.12658339974233, 11.457185426702438 ] ] ] } },
{ "type": "Feature", "properties": { "feature_id": "bld_1829", "name": "Building 1829 (Bhavani Valley Perimeter)", "feature_type": "building", "category": "building" }, "geometry": { "type": "Polygon", "coordinates": [ [ [ 77.162458581901916, 11.484272662343916 ], [ 77.162458581901916, 11.484464184887305 ], [ 77.162267059358527, 11.484464184887305 ], [ 77.162267059358527, 11.484272662343916 ], [ 77.162458581901916, 11.484272662343916 ] ] ] } },
{ "type": "Feature", "properties": { "feature_id": "bld_1830", "name": "Building 1830 (Bhavani Valley Perimeter)", "feature_type": "building", "category": "building" }, "geometry": { "type": "Polygon", "coordinates": [ [ [ 77.159752669110375, 11.465340038521974 ], [ 77.159752669110375, 11.465628152305603 ], [ 77.15946455532675, 11.465628152305603 ], [ 77.15946455532675, 11.465340038521974 ], [ 77.159752669110375, 11.465340038521974 ] ] ] } },
{ "type": "Feature", "properties": { "feature_id": "bld_1831", "name": "Building 1831 (Bhavani Valley Perimeter)", "feature_type": "building", "category": "building" }, "geometry": { "type": "Polygon", "coordinates": [ [ [ 77.114192371551169, 11.472470129376207 ], [ 77.114192371551169, 11.472709686982485 ], [ 77.113952813944891, 11.472709686982485 ], [ 77.113952813944891, 11.472470129376207 ], [ 77.114192371551169, 11.472470129376207 ] ] ] } },
{ "type": "Feature", "properties": { "feature_id": "bld_1832", "name": "Building 1832 (Bhavani Valley Perimeter)", "feature_type": "building", "category": "building" }, "geometry": { "type": "Polygon", "coordinates": [ [ [ 77.124823292642702, 11.458618381345564 ], [ 77.124823292642702, 11.458825110069155 ], [ 77.124616563919119, 11.458825110069155 ], [ 77.124616563919119, 11.458618381345564 ], [ 77.124823292642702, 11.458618381345564 ] ] ] } },
{ "type": "Feature", "properties": { "feature_id": "bld_1833", "name": "Building 1833 (Bhavani Valley Perimeter)", "feature_type": "building", "category": "building" }, "geometry": { "type": "Polygon", "coordinates": [ [ [ 77.152258057599866, 11.479330179191823 ], [ 77.152258057599866, 11.479569881889642 ], [ 77.15201835490204, 11.479569881889642 ], [ 77.15201835490204, 11.479330179191823 ], [ 77.152258057599866, 11.479330179191823 ] ] ] } },
{ "type": "Feature", "properties": { "feature_id": "bld_1834", "name": "Building 1834 (Bhavani Valley Perimeter)", "feature_type": "building", "category": "building" }, "geometry": { "type": "Polygon", "coordinates": [ [ [ 77.156938599234849, 11.460853810770283 ], [ 77.156938599234849, 11.461020973941187 ], [ 77.156771436063934, 11.461020973941187 ], [ 77.156771436063934, 11.460853810770283 ], [ 77.156938599234849, 11.460853810770283 ] ] ] } },
{ "type": "Feature", "properties": { "feature_id": "bld_1835", "name": "Building 1835 (Bhavani Valley Perimeter)", "feature_type": "building", "category": "building" }, "geometry": { "type": "Polygon", "coordinates": [ [ [ 77.121058986588707, 11.459498370001743 ], [ 77.121058986588707, 11.459701802941467 ], [ 77.120855553648994, 11.459701802941467 ], [ 77.120855553648994, 11.459498370001743 ], [ 77.121058986588707, 11.459498370001743 ] ] ] } },
{ "type": "Feature", "properties": { "feature_id": "bld_1836", "name": "Building 1836 (Bhavani Valley Perimeter)", "feature_type": "building", "category": "building" }, "geometry": { "type": "Polygon", "coordinates": [ [ [ 77.116461320484035, 11.460104045410381 ], [ 77.116461320484035, 11.460309238781464 ], [ 77.116256127112962, 11.460309238781464 ], [ 77.116256127112962, 11.460104045410381 ], [ 77.116461320484035, 11.460104045410381 ] ] ] } },
{ "type": "Feature", "properties": { "feature_id": "bld_1837", "name": "Building 1837 (Bhavani Valley Perimeter)", "feature_type": "building", "category": "building" }, "geometry": { "type": "Polygon", "coordinates": [ [ [ 77.123319017783658, 11.458109940973953 ], [ 77.123319017783658, 11.458288600770084 ], [ 77.123140357987538, 11.458288600770084 ], [ 77.123140357987538, 11.458109940973953 ], [ 77.123319017783658, 11.458109940973953 ] ] ] } },
{ "type": "Feature", "properties": { "feature_id": "bld_1838", "name": "Building 1838 (Bhavani Valley Perimeter)", "feature_type": "building", "category": "building" }, "geometry": { "type": "Polygon", "coordinates": [ [ [ 77.183626649417775, 11.478255571454961 ], [ 77.183626649417775, 11.478514638336963 ], [ 77.18336758253578, 11.478514638336963 ], [ 77.18336758253578, 11.478255571454961 ], [ 77.183626649417775, 11.478255571454961 ] ] ] } },
{ "type": "Feature", "properties": { "feature_id": "bld_1839", "name": "Building 1839 (Bhavani Valley Perimeter)", "feature_type": "building", "category": "building" }, "geometry": { "type": "Polygon", "coordinates": [ [ [ 77.109695801495917, 11.473657305710518 ], [ 77.109695801495917, 11.473930419736451 ], [ 77.109422687469987, 11.473930419736451 ], [ 77.109422687469987, 11.473657305710518 ], [ 77.109695801495917, 11.473657305710518 ] ] ] } },
{ "type": "Feature", "properties": { "feature_id": "bld_1840", "name": "Building 1840 (Bhavani Valley Perimeter)", "feature_type": "building", "category": "building" }, "geometry": { "type": "Polygon", "coordinates": [ [ [ 77.169223889151283, 11.440573220798969 ], [ 77.169223889151283, 11.440823367912957 ], [ 77.168973742037281, 11.440823367912957 ], [ 77.168973742037281, 11.440573220798969 ], [ 77.169223889151283, 11.440573220798969 ] ] ] } },
{ "type": "Feature", "properties": { "feature_id": "bld_1841", "name": "Building 1841 (Bhavani Valley Perimeter)", "feature_type": "building", "category": "building" }, "geometry": { "type": "Polygon", "coordinates": [ [ [ 77.175214480133718, 11.463742421544717 ], [ 77.175214480133718, 11.463992918577249 ], [ 77.174963983101179, 11.463992918577249 ], [ 77.174963983101179, 11.463742421544717 ], [ 77.175214480133718, 11.463742421544717 ] ] ] } },
{ "type": "Feature", "properties": { "feature_id": "bld_1842", "name": "Building 1842 (Bhavani Valley Perimeter)", "feature_type": "building", "category": "building" }, "geometry": { "type": "Polygon", "coordinates": [ [ [ 77.141335119528449, 11.461352959614118 ], [ 77.141335119528449, 11.461517772374286 ], [ 77.141170306768274, 11.461517772374286 ], [ 77.141170306768274, 11.461352959614118 ], [ 77.141335119528449, 11.461352959614118 ] ] ] } },
{ "type": "Feature", "properties": { "feature_id": "bld_1843", "name": "Building 1843 (Bhavani Valley Perimeter)", "feature_type": "building", "category": "building" }, "geometry": { "type": "Polygon", "coordinates": [ [ [ 77.157617122999184, 11.438961909622956 ], [ 77.157617122999184, 11.439182811666162 ], [ 77.157396220955988, 11.439182811666162 ], [ 77.157396220955988, 11.438961909622956 ], [ 77.157617122999184, 11.438961909622956 ] ] ] } },
{ "type": "Feature", "properties": { "feature_id": "bld_1844", "name": "Building 1844 (Bhavani Valley Perimeter)", "feature_type": "building", "category": "building" }, "geometry": { "type": "Polygon", "coordinates": [ [ [ 77.126428297933543, 11.4621820583671 ], [ 77.126428297933543, 11.462360736654071 ], [ 77.126249619646572, 11.462360736654071 ], [ 77.126249619646572, 11.4621820583671 ], [ 77.126428297933543, 11.4621820583671 ] ] ] } },
{ "type": "Feature", "properties": { "feature_id": "bld_1845", "name": "Building 1845 (Bhavani Valley Perimeter)", "feature_type": "building", "category": "building" }, "geometry": { "type": "Polygon", "coordinates": [ [ [ 77.162339340989078, 11.474659142034941 ], [ 77.162339340989078, 11.474842011657906 ], [ 77.162156471366117, 11.474842011657906 ], [ 77.162156471366117, 11.474659142034941 ], [ 77.162339340989078, 11.474659142034941 ] ] ] } },
{ "type": "Feature", "properties": { "feature_id": "bld_1846", "name": "Building 1846 (Bhavani Valley Perimeter)", "feature_type": "building", "category": "building" }, "geometry": { "type": "Polygon", "coordinates": [ [ [ 77.10952957679099, 11.442134375210035 ], [ 77.10952957679099, 11.442417173068701 ], [ 77.109246778932331, 11.442417173068701 ], [ 77.109246778932331, 11.442134375210035 ], [ 77.10952957679099, 11.442134375210035 ] ] ] } },
{ "type": "Feature", "properties": { "feature_id": "bld_1847", "name": "Building 1847 (Bhavani Valley Perimeter)", "feature_type": "building", "category": "building" }, "geometry": { "type": "Polygon", "coordinates": [ [ [ 77.147624503385401, 11.458275579973039 ], [ 77.147624503385401, 11.458450519627712 ], [ 77.147449563730731, 11.458450519627712 ], [ 77.147449563730731, 11.458275579973039 ], [ 77.147624503385401, 11.458275579973039 ] ] ] } },
{ "type": "Feature", "properties": { "feature_id": "bld_1848", "name": "Building 1848 (Bhavani Valley Perimeter)", "feature_type": "building", "category": "building" }, "geometry": { "type": "Polygon", "coordinates": [ [ [ 77.15859801361897, 11.478262006583901 ], [ 77.15859801361897, 11.478537952605606 ], [ 77.158322067597268, 11.478537952605606 ], [ 77.158322067597268, 11.478262006583901 ], [ 77.15859801361897, 11.478262006583901 ] ] ] } },
{ "type": "Feature", "properties": { "feature_id": "bld_1849", "name": "Building 1849 (Bhavani Valley Perimeter)", "feature_type": "building", "category": "building" }, "geometry": { "type": "Polygon", "coordinates": [ [ [ 77.156432791600167, 11.438676068040682 ], [ 77.156432791600167, 11.438851803624488 ], [ 77.156257056016358, 11.438851803624488 ], [ 77.156257056016358, 11.438676068040682 ], [ 77.156432791600167, 11.438676068040682 ] ] ] } },
{ "type": "Feature", "properties": { "feature_id": "bld_1850", "name": "Building 1850 (Bhavani Valley Perimeter)", "feature_type": "building", "category": "building" }, "geometry": { "type": "Polygon", "coordinates": [ [ [ 77.104527305142582, 11.447784464521922 ], [ 77.104527305142582, 11.447963457127324 ], [ 77.104348312537169, 11.447963457127324 ], [ 77.104348312537169, 11.447784464521922 ], [ 77.104527305142582, 11.447784464521922 ] ] ] } },
{ "type": "Feature", "properties": { "feature_id": "bld_1851", "name": "Building 1851 (Bhavani Valley Perimeter)", "feature_type": "building", "category": "building" }, "geometry": { "type": "Polygon", "coordinates": [ [ [ 77.123550332417594, 11.454106893991062 ], [ 77.123550332417594, 11.454398911580833 ], [ 77.123258314827822, 11.454398911580833 ], [ 77.123258314827822, 11.454106893991062 ], [ 77.123550332417594, 11.454106893991062 ] ] ] } },
{ "type": "Feature", "properties": { "feature_id": "bld_1852", "name": "Building 1852 (Bhavani Valley Perimeter)", "feature_type": "building", "category": "building" }, "geometry": { "type": "Polygon", "coordinates": [ [ [ 77.155063569985401, 11.476618964679099 ], [ 77.155063569985401, 11.476878413889198 ], [ 77.15480412077531, 11.476878413889198 ], [ 77.15480412077531, 11.476618964679099 ], [ 77.155063569985401, 11.476618964679099 ] ] ] } },
{ "type": "Feature", "properties": { "feature_id": "bld_1853", "name": "Building 1853 (Bhavani Valley Perimeter)", "feature_type": "building", "category": "building" }, "geometry": { "type": "Polygon", "coordinates": [ [ [ 77.110224538669101, 11.471696763396988 ], [ 77.110224538669101, 11.471895277240407 ], [ 77.110026024825672, 11.471895277240407 ], [ 77.110026024825672, 11.471696763396988 ], [ 77.110224538669101, 11.471696763396988 ] ] ] } },
{ "type": "Feature", "properties": { "feature_id": "bld_1854", "name": "Building 1854 (Bhavani Valley Perimeter)", "feature_type": "building", "category": "building" }, "geometry": { "type": "Polygon", "coordinates": [ [ [ 77.157669543287952, 11.451898261623722 ], [ 77.157669543287952, 11.452197935740578 ], [ 77.157369869171092, 11.452197935740578 ], [ 77.157369869171092, 11.451898261623722 ], [ 77.157669543287952, 11.451898261623722 ] ] ] } },
{ "type": "Feature", "properties": { "feature_id": "bld_1855", "name": "Building 1855 (Bhavani Valley Perimeter)", "feature_type": "building", "category": "building" }, "geometry": { "type": "Polygon", "coordinates": [ [ [ 77.1238647802126, 11.448811376480824 ], [ 77.1238647802126, 11.449101670596603 ], [ 77.123574486096814, 11.449101670596603 ], [ 77.123574486096814, 11.448811376480824 ], [ 77.1238647802126, 11.448811376480824 ] ] ] } },
{ "type": "Feature", "properties": { "feature_id": "bld_1856", "name": "Building 1856 (Bhavani Valley Perimeter)", "feature_type": "building", "category": "building" }, "geometry": { "type": "Polygon", "coordinates": [ [ [ 77.102348769264623, 11.469703676546308 ], [ 77.102348769264623, 11.46996522224101 ], [ 77.10208722356991, 11.46996522224101 ], [ 77.10208722356991, 11.469703676546308 ], [ 77.102348769264623, 11.469703676546308 ] ] ] } },
{ "type": "Feature", "properties": { "feature_id": "bld_1857", "name": "Building 1857 (Bhavani Valley Perimeter)", "feature_type": "building", "category": "building" }, "geometry": { "type": "Polygon", "coordinates": [ [ [ 77.17542236410128, 11.483573673397583 ], [ 77.17542236410128, 11.483870257666265 ], [ 77.175125779832598, 11.483870257666265 ], [ 77.175125779832598, 11.483573673397583 ], [ 77.17542236410128, 11.483573673397583 ] ] ] } },
{ "type": "Feature", "properties": { "feature_id": "bld_1858", "name": "Building 1858 (Bhavani Valley Perimeter)", "feature_type": "building", "category": "building" }, "geometry": { "type": "Polygon", "coordinates": [ [ [ 77.106000149876337, 11.475966724442289 ], [ 77.106000149876337, 11.476217207833001 ], [ 77.105749666485622, 11.476217207833001 ], [ 77.105749666485622, 11.475966724442289 ], [ 77.106000149876337, 11.475966724442289 ] ] ] } },
{ "type": "Feature", "properties": { "feature_id": "bld_1859", "name": "Building 1859 (Bhavani Valley Perimeter)", "feature_type": "building", "category": "building" }, "geometry": { "type": "Polygon", "coordinates": [ [ [ 77.158386305195222, 11.441291983229084 ], [ 77.158386305195222, 11.441543009432385 ], [ 77.158135278991921, 11.441543009432385 ], [ 77.158135278991921, 11.441291983229084 ], [ 77.158386305195222, 11.441291983229084 ] ] ] } },
{ "type": "Feature", "properties": { "feature_id": "bld_1860", "name": "Building 1860 (Bhavani Valley Perimeter)", "feature_type": "building", "category": "building" }, "geometry": { "type": "Polygon", "coordinates": [ [ [ 77.188534171400363, 11.480480189330715 ], [ 77.188534171400363, 11.480701667623228 ], [ 77.188312693107861, 11.480701667623228 ], [ 77.188312693107861, 11.480480189330715 ], [ 77.188534171400363, 11.480480189330715 ] ] ] } },
{ "type": "Feature", "properties": { "feature_id": "bld_1861", "name": "Building 1861 (Bhavani Valley Perimeter)", "feature_type": "building", "category": "building" }, "geometry": { "type": "Polygon", "coordinates": [ [ [ 77.103733164917557, 11.452976827178199 ], [ 77.103733164917557, 11.453252521821822 ], [ 77.103457470273938, 11.453252521821822 ], [ 77.103457470273938, 11.452976827178199 ], [ 77.103733164917557, 11.452976827178199 ] ] ] } },
{ "type": "Feature", "properties": { "feature_id": "bld_1862", "name": "Building 1862 (Bhavani Valley Perimeter)", "feature_type": "building", "category": "building" }, "geometry": { "type": "Polygon", "coordinates": [ [ [ 77.163218776239319, 11.457883325672237 ], [ 77.163218776239319, 11.458051039887158 ], [ 77.163051062024408, 11.458051039887158 ], [ 77.163051062024408, 11.457883325672237 ], [ 77.163218776239319, 11.457883325672237 ] ] ] } },
{ "type": "Feature", "properties": { "feature_id": "bld_1863", "name": "Building 1863 (Bhavani Valley Perimeter)", "feature_type": "building", "category": "building" }, "geometry": { "type": "Polygon", "coordinates": [ [ [ 77.138565524391396, 11.458306248098593 ], [ 77.138565524391396, 11.458596245873197 ], [ 77.138275526616781, 11.458596245873197 ], [ 77.138275526616781, 11.458306248098593 ], [ 77.138565524391396, 11.458306248098593 ] ] ] } },
{ "type": "Feature", "properties": { "feature_id": "bld_1864", "name": "Building 1864 (Bhavani Valley Perimeter)", "feature_type": "building", "category": "building" }, "geometry": { "type": "Polygon", "coordinates": [ [ [ 77.157814521600912, 11.45046587355422 ], [ 77.157814521600912, 11.450699418111244 ], [ 77.157580977043878, 11.450699418111244 ], [ 77.157580977043878, 11.45046587355422 ], [ 77.157814521600912, 11.45046587355422 ] ] ] } },
{ "type": "Feature", "properties": { "feature_id": "bld_1865", "name": "Building 1865 (Bhavani Valley Perimeter)", "feature_type": "building", "category": "building" }, "geometry": { "type": "Polygon", "coordinates": [ [ [ 77.106050181897118, 11.483523207589352 ], [ 77.106050181897118, 11.483733615975622 ], [ 77.105839773510851, 11.483733615975622 ], [ 77.105839773510851, 11.483523207589352 ], [ 77.106050181897118, 11.483523207589352 ] ] ] } },
{ "type": "Feature", "properties": { "feature_id": "bld_1866", "name": "Building 1866 (Bhavani Valley Perimeter)", "feature_type": "building", "category": "building" }, "geometry": { "type": "Polygon", "coordinates": [ [ [ 77.143135837763296, 11.452636422890738 ], [ 77.143135837763296, 11.452891974532953 ], [ 77.14288028612107, 11.452891974532953 ], [ 77.14288028612107, 11.452636422890738 ], [ 77.143135837763296, 11.452636422890738 ] ] ] } },
{ "type": "Feature", "properties": { "feature_id": "bld_1867", "name": "Building 1867 (Bhavani Valley Perimeter)", "feature_type": "building", "category": "building" }, "geometry": { "type": "Polygon", "coordinates": [ [ [ 77.159699664275735, 11.470667345500384 ], [ 77.159699664275735, 11.47086488555253 ], [ 77.159502124223593, 11.47086488555253 ], [ 77.159502124223593, 11.470667345500384 ], [ 77.159699664275735, 11.470667345500384 ] ] ] } },
{ "type": "Feature", "properties": { "feature_id": "bld_1868", "name": "Building 1868 (Bhavani Valley Perimeter)", "feature_type": "building", "category": "building" }, "geometry": { "type": "Polygon", "coordinates": [ [ [ 77.12853604900279, 11.441136675856782 ], [ 77.12853604900279, 11.441388447252841 ], [ 77.128284277606738, 11.441388447252841 ], [ 77.128284277606738, 11.441136675856782 ], [ 77.12853604900279, 11.441136675856782 ] ] ] } },
{ "type": "Feature", "properties": { "feature_id": "bld_1869", "name": "Building 1869 (Bhavani Valley Perimeter)", "feature_type": "building", "category": "building" }, "geometry": { "type": "Polygon", "coordinates": [ [ [ 77.10372262017215, 11.464743238064234 ], [ 77.10372262017215, 11.465024995488111 ], [ 77.103440862748258, 11.465024995488111 ], [ 77.103440862748258, 11.464743238064234 ], [ 77.10372262017215, 11.464743238064234 ] ] ] } },
{ "type": "Feature", "properties": { "feature_id": "bld_1870", "name": "Building 1870 (Bhavani Valley Perimeter)", "feature_type": "building", "category": "building" }, "geometry": { "type": "Polygon", "coordinates": [ [ [ 77.180287044604242, 11.457339736760323 ], [ 77.180287044604242, 11.457564039276674 ], [ 77.180062742087884, 11.457564039276674 ], [ 77.180062742087884, 11.457339736760323 ], [ 77.180287044604242, 11.457339736760323 ] ] ] } },
{ "type": "Feature", "properties": { "feature_id": "bld_1871", "name": "Building 1871 (Bhavani Valley Perimeter)", "feature_type": "building", "category": "building" }, "geometry": { "type": "Polygon", "coordinates": [ [ [ 77.107064714630141, 11.468400763112726 ], [ 77.107064714630141, 11.468675739431578 ], [ 77.106789738311292, 11.468675739431578 ], [ 77.106789738311292, 11.468400763112726 ], [ 77.107064714630141, 11.468400763112726 ] ] ] } },
{ "type": "Feature", "properties": { "feature_id": "bld_1872", "name": "Building 1872 (Bhavani Valley Perimeter)", "feature_type": "building", "category": "building" }, "geometry": { "type": "Polygon", "coordinates": [ [ [ 77.122157673667999, 11.455926325328095 ], [ 77.122157673667999, 11.456203762835242 ], [ 77.121880236160848, 11.456203762835242 ], [ 77.121880236160848, 11.455926325328095 ], [ 77.122157673667999, 11.455926325328095 ] ] ] } },
{ "type": "Feature", "properties": { "feature_id": "bld_1873", "name": "Building 1873 (Bhavani Valley Perimeter)", "feature_type": "building", "category": "building" }, "geometry": { "type": "Polygon", "coordinates": [ [ [ 77.179059382034026, 11.447040459068793 ], [ 77.179059382034026, 11.44727753895763 ], [ 77.178822302145178, 11.44727753895763 ], [ 77.178822302145178, 11.447040459068793 ], [ 77.179059382034026, 11.447040459068793 ] ] ] } },
{ "type": "Feature", "properties": { "feature_id": "bld_1874", "name": "Building 1874 (Bhavani Valley Perimeter)", "feature_type": "building", "category": "building" }, "geometry": { "type": "Polygon", "coordinates": [ [ [ 77.117468161992321, 11.439950159771881 ], [ 77.117468161992321, 11.440237716642075 ], [ 77.117180605122115, 11.440237716642075 ], [ 77.117180605122115, 11.439950159771881 ], [ 77.117468161992321, 11.439950159771881 ] ] ] } },
{ "type": "Feature", "properties": { "feature_id": "bld_1875", "name": "Building 1875 (Bhavani Valley Perimeter)", "feature_type": "building", "category": "building" }, "geometry": { "type": "Polygon", "coordinates": [ [ [ 77.173929089023204, 11.472918331447842 ], [ 77.173929089023204, 11.473085158732475 ], [ 77.173762261738574, 11.473085158732475 ], [ 77.173762261738574, 11.472918331447842 ], [ 77.173929089023204, 11.472918331447842 ] ] ] } },
{ "type": "Feature", "properties": { "feature_id": "bld_1876", "name": "Building 1876 (Bhavani Valley Perimeter)", "feature_type": "building", "category": "building" }, "geometry": { "type": "Polygon", "coordinates": [ [ [ 77.176039559002547, 11.45679823613664 ], [ 77.176039559002547, 11.4570061714539 ], [ 77.175831623685283, 11.4570061714539 ], [ 77.175831623685283, 11.45679823613664 ], [ 77.176039559002547, 11.45679823613664 ] ] ] } },
{ "type": "Feature", "properties": { "feature_id": "bld_1877", "name": "Building 1877 (Bhavani Valley Perimeter)", "feature_type": "building", "category": "building" }, "geometry": { "type": "Polygon", "coordinates": [ [ [ 77.149315837750734, 11.439434696877724 ], [ 77.149315837750734, 11.439700627394634 ], [ 77.149049907233817, 11.439700627394634 ], [ 77.149049907233817, 11.439434696877724 ], [ 77.149315837750734, 11.439434696877724 ] ] ] } },
{ "type": "Feature", "properties": { "feature_id": "bld_1878", "name": "Building 1878 (Bhavani Valley Perimeter)", "feature_type": "building", "category": "building" }, "geometry": { "type": "Polygon", "coordinates": [ [ [ 77.152512333173931, 11.444236328589675 ], [ 77.152512333173931, 11.444422681097642 ], [ 77.152325980665964, 11.444422681097642 ], [ 77.152325980665964, 11.444236328589675 ], [ 77.152512333173931, 11.444236328589675 ] ] ] } },
{ "type": "Feature", "properties": { "feature_id": "bld_1879", "name": "Building 1879 (Bhavani Valley Perimeter)", "feature_type": "building", "category": "building" }, "geometry": { "type": "Polygon", "coordinates": [ [ [ 77.116703524532994, 11.437728973486141 ], [ 77.116703524532994, 11.437971265269052 ], [ 77.116461232750083, 11.437971265269052 ], [ 77.116461232750083, 11.437728973486141 ], [ 77.116703524532994, 11.437728973486141 ] ] ] } },
{ "type": "Feature", "properties": { "feature_id": "bld_1880", "name": "Building 1880 (Bhavani Valley Perimeter)", "feature_type": "building", "category": "building" }, "geometry": { "type": "Polygon", "coordinates": [ [ [ 77.175714766308104, 11.435791480374222 ], [ 77.175714766308104, 11.435958341024518 ], [ 77.175547905657808, 11.435958341024518 ], [ 77.175547905657808, 11.435791480374222 ], [ 77.175714766308104, 11.435791480374222 ] ] ] } },
{ "type": "Feature", "properties": { "feature_id": "bld_1881", "name": "Building 1881 (Bhavani Valley Perimeter)", "feature_type": "building", "category": "building" }, "geometry": { "type": "Polygon", "coordinates": [ [ [ 77.151652196624156, 11.475871912546962 ], [ 77.151652196624156, 11.476077655991643 ], [ 77.151446453179489, 11.476077655991643 ], [ 77.151446453179489, 11.475871912546962 ], [ 77.151652196624156, 11.475871912546962 ] ] ] } },
{ "type": "Feature", "properties": { "feature_id": "bld_1882", "name": "Building 1882 (Bhavani Valley Perimeter)", "feature_type": "building", "category": "building" }, "geometry": { "type": "Polygon", "coordinates": [ [ [ 77.131564490794929, 11.464718129972599 ], [ 77.131564490794929, 11.464916519777077 ], [ 77.131366100990462, 11.464916519777077 ], [ 77.131366100990462, 11.464718129972599 ], [ 77.131564490794929, 11.464718129972599 ] ] ] } },
{ "type": "Feature", "properties": { "feature_id": "bld_1883", "name": "Building 1883 (Bhavani Valley Perimeter)", "feature_type": "building", "category": "building" }, "geometry": { "type": "Polygon", "coordinates": [ [ [ 77.102518548440898, 11.471637630411173 ], [ 77.102518548440898, 11.471885221398985 ], [ 77.102270957453086, 11.471885221398985 ], [ 77.102270957453086, 11.471637630411173 ], [ 77.102518548440898, 11.471637630411173 ] ] ] } },
{ "type": "Feature", "properties": { "feature_id": "bld_1884", "name": "Building 1884 (Bhavani Valley Perimeter)", "feature_type": "building", "category": "building" }, "geometry": { "type": "Polygon", "coordinates": [ [ [ 77.152395306073629, 11.471956940290962 ], [ 77.152395306073629, 11.472211472608219 ], [ 77.152140773756372, 11.472211472608219 ], [ 77.152140773756372, 11.471956940290962 ], [ 77.152395306073629, 11.471956940290962 ] ] ] } },
{ "type": "Feature", "properties": { "feature_id": "bld_1885", "name": "Building 1885 (Bhavani Valley Perimeter)", "feature_type": "building", "category": "building" }, "geometry": { "type": "Polygon", "coordinates": [ [ [ 77.118618206645962, 11.45253522463725 ], [ 77.118618206645962, 11.452712880057087 ], [ 77.118440551226129, 11.452712880057087 ], [ 77.118440551226129, 11.45253522463725 ], [ 77.118618206645962, 11.45253522463725 ] ] ] } },
{ "type": "Feature", "properties": { "feature_id": "bld_1886", "name": "Building 1886 (Bhavani Valley Perimeter)", "feature_type": "building", "category": "building" }, "geometry": { "type": "Polygon", "coordinates": [ [ [ 77.111827233215095, 11.468669685310338 ], [ 77.111827233215095, 11.468949889325316 ], [ 77.111547029200111, 11.468949889325316 ], [ 77.111547029200111, 11.468669685310338 ], [ 77.111827233215095, 11.468669685310338 ] ] ] } },
{ "type": "Feature", "properties": { "feature_id": "bld_1887", "name": "Building 1887 (Bhavani Valley Perimeter)", "feature_type": "building", "category": "building" }, "geometry": { "type": "Polygon", "coordinates": [ [ [ 77.186738819640141, 11.466324468784837 ], [ 77.186738819640141, 11.466510242970106 ], [ 77.186553045454872, 11.466510242970106 ], [ 77.186553045454872, 11.466324468784837 ], [ 77.186738819640141, 11.466324468784837 ] ] ] } },
{ "type": "Feature", "properties": { "feature_id": "bld_1888", "name": "Building 1888 (Bhavani Valley Perimeter)", "feature_type": "building", "category": "building" }, "geometry": { "type": "Polygon", "coordinates": [ [ [ 77.109629044043743, 11.475522035623493 ], [ 77.109629044043743, 11.475763061530182 ], [ 77.109388018137054, 11.475763061530182 ], [ 77.109388018137054, 11.475522035623493 ], [ 77.109629044043743, 11.475522035623493 ] ] ] } },
{ "type": "Feature", "properties": { "feature_id": "bld_1889", "name": "Building 1889 (Bhavani Valley Perimeter)", "feature_type": "building", "category": "building" }, "geometry": { "type": "Polygon", "coordinates": [ [ [ 77.155774881297177, 11.473943875031795 ], [ 77.155774881297177, 11.474202333843676 ], [ 77.155516422485292, 11.474202333843676 ], [ 77.155516422485292, 11.473943875031795 ], [ 77.155774881297177, 11.473943875031795 ] ] ] } },
{ "type": "Feature", "properties": { "feature_id": "bld_1890", "name": "Building 1890 (Bhavani Valley Perimeter)", "feature_type": "building", "category": "building" }, "geometry": { "type": "Polygon", "coordinates": [ [ [ 77.175233569201623, 11.437678368828422 ], [ 77.175233569201623, 11.437943021717565 ], [ 77.17496891631248, 11.437943021717565 ], [ 77.17496891631248, 11.437678368828422 ], [ 77.175233569201623, 11.437678368828422 ] ] ] } },
{ "type": "Feature", "properties": { "feature_id": "bld_1891", "name": "Building 1891 (Bhavani Valley Perimeter)", "feature_type": "building", "category": "building" }, "geometry": { "type": "Polygon", "coordinates": [ [ [ 77.176701579468158, 11.449181920813736 ], [ 77.176701579468158, 11.449431583432094 ], [ 77.1764519168498, 11.449431583432094 ], [ 77.1764519168498, 11.449181920813736 ], [ 77.176701579468158, 11.449181920813736 ] ] ] } },
{ "type": "Feature", "properties": { "feature_id": "bld_1892", "name": "Building 1892 (Bhavani Valley Perimeter)", "feature_type": "building", "category": "building" }, "geometry": { "type": "Polygon", "coordinates": [ [ [ 77.12835692539538, 11.482816213674052 ], [ 77.12835692539538, 11.482980892974194 ], [ 77.128192246095253, 11.482980892974194 ], [ 77.128192246095253, 11.482816213674052 ], [ 77.12835692539538, 11.482816213674052 ] ] ] } },
{ "type": "Feature", "properties": { "feature_id": "bld_1893", "name": "Building 1893 (Bhavani Valley Perimeter)", "feature_type": "building", "category": "building" }, "geometry": { "type": "Polygon", "coordinates": [ [ [ 77.152311211359319, 11.443195321938113 ], [ 77.152311211359319, 11.443455032766838 ], [ 77.152051500530604, 11.443455032766838 ], [ 77.152051500530604, 11.443195321938113 ], [ 77.152311211359319, 11.443195321938113 ] ] ] } },
{ "type": "Feature", "properties": { "feature_id": "bld_1894", "name": "Building 1894 (Bhavani Valley Perimeter)", "feature_type": "building", "category": "building" }, "geometry": { "type": "Polygon", "coordinates": [ [ [ 77.115944731464438, 11.446654557138146 ], [ 77.115944731464438, 11.446883769051691 ], [ 77.115715519550903, 11.446883769051691 ], [ 77.115715519550903, 11.446654557138146 ], [ 77.115944731464438, 11.446654557138146 ] ] ] } },
{ "type": "Feature", "properties": { "feature_id": "bld_1895", "name": "Building 1895 (Bhavani Valley Perimeter)", "feature_type": "building", "category": "building" }, "geometry": { "type": "Polygon", "coordinates": [ [ [ 77.182425242301193, 11.44549562180592 ], [ 77.182425242301193, 11.445675815408878 ], [ 77.182245048698249, 11.445675815408878 ], [ 77.182245048698249, 11.44549562180592 ], [ 77.182425242301193, 11.44549562180592 ] ] ] } },
{ "type": "Feature", "properties": { "feature_id": "bld_1896", "name": "Building 1896 (Bhavani Valley Perimeter)", "feature_type": "building", "category": "building" }, "geometry": { "type": "Polygon", "coordinates": [ [ [ 77.168451739824718, 11.45988715165883 ], [ 77.168451739824718, 11.460174801574563 ], [ 77.168164089908998, 11.460174801574563 ], [ 77.168164089908998, 11.45988715165883 ], [ 77.168451739824718, 11.45988715165883 ] ] ] } },
{ "type": "Feature", "properties": { "feature_id": "bld_1897", "name": "Building 1897 (Bhavani Valley Perimeter)", "feature_type": "building", "category": "building" }, "geometry": { "type": "Polygon", "coordinates": [ [ [ 77.113291611684602, 11.467200093110922 ], [ 77.113291611684602, 11.467392696191382 ], [ 77.113099008604152, 11.467392696191382 ], [ 77.113099008604152, 11.467200093110922 ], [ 77.113291611684602, 11.467200093110922 ] ] ] } },
{ "type": "Feature", "properties": { "feature_id": "bld_1898", "name": "Building 1898 (Bhavani Valley Perimeter)", "feature_type": "building", "category": "building" }, "geometry": { "type": "Polygon", "coordinates": [ [ [ 77.114229996502033, 11.469049912834471 ], [ 77.114229996502033, 11.469293028681257 ], [ 77.113986880655247, 11.469293028681257 ], [ 77.113986880655247, 11.469049912834471 ], [ 77.114229996502033, 11.469049912834471 ] ] ] } },
{ "type": "Feature", "properties": { "feature_id": "bld_1899", "name": "Building 1899 (Bhavani Valley Perimeter)", "feature_type": "building", "category": "building" }, "geometry": { "type": "Polygon", "coordinates": [ [ [ 77.16804582926855, 11.450361770806364 ], [ 77.16804582926855, 11.450584486838256 ], [ 77.167823113236665, 11.450584486838256 ], [ 77.167823113236665, 11.450361770806364 ], [ 77.16804582926855, 11.450361770806364 ] ] ] } },
{ "type": "Feature", "properties": { "feature_id": "bld_1900", "name": "Building 1900 (Bhavani Valley Perimeter)", "feature_type": "building", "category": "building" }, "geometry": { "type": "Polygon", "coordinates": [ [ [ 77.136592908296706, 11.484104015771353 ], [ 77.136592908296706, 11.484304930625298 ], [ 77.136391993442771, 11.484304930625298 ], [ 77.136391993442771, 11.484104015771353 ], [ 77.136592908296706, 11.484104015771353 ] ] ] } },
{ "type": "Feature", "properties": { "feature_id": "bld_1901", "name": "Building 1901 (Bhavani Valley Perimeter)", "feature_type": "building", "category": "building" }, "geometry": { "type": "Polygon", "coordinates": [ [ [ 77.126653073036891, 11.45260788885574 ], [ 77.126653073036891, 11.45284693202712 ], [ 77.126414029865515, 11.45284693202712 ], [ 77.126414029865515, 11.45260788885574 ], [ 77.126653073036891, 11.45260788885574 ] ] ] } },
{ "type": "Feature", "properties": { "feature_id": "bld_1902", "name": "Building 1902 (Bhavani Valley Perimeter)", "feature_type": "building", "category": "building" }, "geometry": { "type": "Polygon", "coordinates": [ [ [ 77.122807644973264, 11.480665899029423 ], [ 77.122807644973264, 11.480863095008504 ], [ 77.122610448994195, 11.480863095008504 ], [ 77.122610448994195, 11.480665899029423 ], [ 77.122807644973264, 11.480665899029423 ] ] ] } },
{ "type": "Feature", "properties": { "feature_id": "bld_1903", "name": "Building 1903 (Bhavani Valley Perimeter)", "feature_type": "building", "category": "building" }, "geometry": { "type": "Polygon", "coordinates": [ [ [ 77.180749375229581, 11.440047793793163 ], [ 77.180749375229581, 11.440299712571498 ], [ 77.180497456451249, 11.440299712571498 ], [ 77.180497456451249, 11.440047793793163 ], [ 77.180749375229581, 11.440047793793163 ] ] ] } },
{ "type": "Feature", "properties": { "feature_id": "bld_1904", "name": "Building 1904 (Bhavani Valley Perimeter)", "feature_type": "building", "category": "building" }, "geometry": { "type": "Polygon", "coordinates": [ [ [ 77.181776479546656, 11.443289689032705 ], [ 77.181776479546656, 11.44358525480712 ], [ 77.181480913772234, 11.44358525480712 ], [ 77.181480913772234, 11.443289689032705 ], [ 77.181776479546656, 11.443289689032705 ] ] ] } },
{ "type": "Feature", "properties": { "feature_id": "bld_1905", "name": "Building 1905 (Bhavani Valley Perimeter)", "feature_type": "building", "category": "building" }, "geometry": { "type": "Polygon", "coordinates": [ [ [ 77.140886879840451, 11.482158378018998 ], [ 77.140886879840451, 11.482413132825105 ], [ 77.14063212503433, 11.482413132825105 ], [ 77.14063212503433, 11.482158378018998 ], [ 77.140886879840451, 11.482158378018998 ] ] ] } },
{ "type": "Feature", "properties": { "feature_id": "bld_1906", "name": "Building 1906 (Bhavani Valley Perimeter)", "feature_type": "building", "category": "building" }, "geometry": { "type": "Polygon", "coordinates": [ [ [ 77.127244079741857, 11.444313864792621 ], [ 77.127244079741857, 11.444516387699091 ], [ 77.12704155683538, 11.444516387699091 ], [ 77.12704155683538, 11.444313864792621 ], [ 77.127244079741857, 11.444313864792621 ] ] ] } },
{ "type": "Feature", "properties": { "feature_id": "bld_1907", "name": "Building 1907 (Bhavani Valley Perimeter)", "feature_type": "building", "category": "building" }, "geometry": { "type": "Polygon", "coordinates": [ [ [ 77.108458893064466, 11.442106072086343 ], [ 77.108458893064466, 11.442280724547992 ], [ 77.108284240602813, 11.442280724547992 ], [ 77.108284240602813, 11.442106072086343 ], [ 77.108458893064466, 11.442106072086343 ] ] ] } },
{ "type": "Feature", "properties": { "feature_id": "bld_1908", "name": "Building 1908 (Bhavani Valley Perimeter)", "feature_type": "building", "category": "building" }, "geometry": { "type": "Polygon", "coordinates": [ [ [ 77.138154815785526, 11.474689021964084 ], [ 77.138154815785526, 11.474868815661674 ], [ 77.137975022087943, 11.474868815661674 ], [ 77.137975022087943, 11.474689021964084 ], [ 77.138154815785526, 11.474689021964084 ] ] ] } },
{ "type": "Feature", "properties": { "feature_id": "bld_1909", "name": "Building 1909 (Bhavani Valley Perimeter)", "feature_type": "building", "category": "building" }, "geometry": { "type": "Polygon", "coordinates": [ [ [ 77.111822641794234, 11.467077644667128 ], [ 77.111822641794234, 11.467265250284605 ], [ 77.111635036176764, 11.467265250284605 ], [ 77.111635036176764, 11.467077644667128 ], [ 77.111822641794234, 11.467077644667128 ] ] ] } },
{ "type": "Feature", "properties": { "feature_id": "bld_1910", "name": "Building 1910 (Bhavani Valley Perimeter)", "feature_type": "building", "category": "building" }, "geometry": { "type": "Polygon", "coordinates": [ [ [ 77.108929564627516, 11.443197767712569 ], [ 77.108929564627516, 11.44348709010799 ], [ 77.108640242232099, 11.44348709010799 ], [ 77.108640242232099, 11.443197767712569 ], [ 77.108929564627516, 11.443197767712569 ] ] ] } },
{ "type": "Feature", "properties": { "feature_id": "bld_1911", "name": "Building 1911 (Bhavani Valley Perimeter)", "feature_type": "building", "category": "building" }, "geometry": { "type": "Polygon", "coordinates": [ [ [ 77.174058320203557, 11.452577320664043 ], [ 77.174058320203557, 11.452829135571468 ], [ 77.173806505296142, 11.452829135571468 ], [ 77.173806505296142, 11.452577320664043 ], [ 77.174058320203557, 11.452577320664043 ] ] ] } },
{ "type": "Feature", "properties": { "feature_id": "bld_1912", "name": "Building 1912 (Bhavani Valley Perimeter)", "feature_type": "building", "category": "building" }, "geometry": { "type": "Polygon", "coordinates": [ [ [ 77.148482597610794, 11.468728426193456 ], [ 77.148482597610794, 11.4689840001548 ], [ 77.148227023649454, 11.4689840001548 ], [ 77.148227023649454, 11.468728426193456 ], [ 77.148482597610794, 11.468728426193456 ] ] ] } },
{ "type": "Feature", "properties": { "feature_id": "bld_1913", "name": "Building 1913 (Bhavani Valley Perimeter)", "feature_type": "building", "category": "building" }, "geometry": { "type": "Polygon", "coordinates": [ [ [ 77.156668791804847, 11.448222337977413 ], [ 77.156668791804847, 11.448387798876318 ], [ 77.156503330905949, 11.448387798876318 ], [ 77.156503330905949, 11.448222337977413 ], [ 77.156668791804847, 11.448222337977413 ] ] ] } },
{ "type": "Feature", "properties": { "feature_id": "bld_1914", "name": "Building 1914 (Bhavani Valley Perimeter)", "feature_type": "building", "category": "building" }, "geometry": { "type": "Polygon", "coordinates": [ [ [ 77.141120875187198, 11.479428829426437 ], [ 77.141120875187198, 11.479668559042631 ], [ 77.140881145571001, 11.479668559042631 ], [ 77.140881145571001, 11.479428829426437 ], [ 77.141120875187198, 11.479428829426437 ] ] ] } },
{ "type": "Feature", "properties": { "feature_id": "bld_1915", "name": "Building 1915 (Bhavani Valley Perimeter)", "feature_type": "building", "category": "building" }, "geometry": { "type": "Polygon", "coordinates": [ [ [ 77.175006646887454, 11.484489764013771 ], [ 77.175006646887454, 11.484672670282352 ], [ 77.174823740618876, 11.484672670282352 ], [ 77.174823740618876, 11.484489764013771 ], [ 77.175006646887454, 11.484489764013771 ] ] ] } },
{ "type": "Feature", "properties": { "feature_id": "bld_1916", "name": "Building 1916 (Bhavani Valley Perimeter)", "feature_type": "building", "category": "building" }, "geometry": { "type": "Polygon", "coordinates": [ [ [ 77.162408584404091, 11.468566081803687 ], [ 77.162408584404091, 11.468863275566317 ], [ 77.162111390641456, 11.468863275566317 ], [ 77.162111390641456, 11.468566081803687 ], [ 77.162408584404091, 11.468566081803687 ] ] ] } },
{ "type": "Feature", "properties": { "feature_id": "bld_1917", "name": "Building 1917 (Bhavani Valley Perimeter)", "feature_type": "building", "category": "building" }, "geometry": { "type": "Polygon", "coordinates": [ [ [ 77.188801119091181, 11.469236877550767 ], [ 77.188801119091181, 11.469430983621645 ], [ 77.188607013020317, 11.469430983621645 ], [ 77.188607013020317, 11.469236877550767 ], [ 77.188801119091181, 11.469236877550767 ] ] ] } },
{ "type": "Feature", "properties": { "feature_id": "bld_1918", "name": "Building 1918 (Bhavani Valley Perimeter)", "feature_type": "building", "category": "building" }, "geometry": { "type": "Polygon", "coordinates": [ [ [ 77.172004674383032, 11.44021680775926 ], [ 77.172004674383032, 11.440486105661844 ], [ 77.171735376480456, 11.440486105661844 ], [ 77.171735376480456, 11.44021680775926 ], [ 77.172004674383032, 11.44021680775926 ] ] ] } },
{ "type": "Feature", "properties": { "feature_id": "bld_1919", "name": "Building 1919 (Bhavani Valley Perimeter)", "feature_type": "building", "category": "building" }, "geometry": { "type": "Polygon", "coordinates": [ [ [ 77.18204179564367, 11.454017525267773 ], [ 77.18204179564367, 11.454265814209069 ], [ 77.181793506702377, 11.454265814209069 ], [ 77.181793506702377, 11.454017525267773 ], [ 77.18204179564367, 11.454017525267773 ] ] ] } },
{ "type": "Feature", "properties": { "feature_id": "bld_1920", "name": "Building 1920 (Bhavani Valley Perimeter)", "feature_type": "building", "category": "building" }, "geometry": { "type": "Polygon", "coordinates": [ [ [ 77.138814571850943, 11.45678652678717 ], [ 77.138814571850943, 11.456989978711643 ], [ 77.138611119926466, 11.456989978711643 ], [ 77.138611119926466, 11.45678652678717 ], [ 77.138814571850943, 11.45678652678717 ] ] ] } },
{ "type": "Feature", "properties": { "feature_id": "bld_1921", "name": "Building 1921 (Bhavani Valley Perimeter)", "feature_type": "building", "category": "building" }, "geometry": { "type": "Polygon", "coordinates": [ [ [ 77.168737518400675, 11.481662975648177 ], [ 77.168737518400675, 11.481954680768471 ], [ 77.168445813280371, 11.481954680768471 ], [ 77.168445813280371, 11.481662975648177 ], [ 77.168737518400675, 11.481662975648177 ] ] ] } },
{ "type": "Feature", "properties": { "feature_id": "bld_1922", "name": "Building 1922 (Bhavani Valley Perimeter)", "feature_type": "building", "category": "building" }, "geometry": { "type": "Polygon", "coordinates": [ [ [ 77.115861935839646, 11.478605562281928 ], [ 77.115861935839646, 11.478868802683728 ], [ 77.115598695437839, 11.478868802683728 ], [ 77.115598695437839, 11.478605562281928 ], [ 77.115861935839646, 11.478605562281928 ] ] ] } },
{ "type": "Feature", "properties": { "feature_id": "bld_1923", "name": "Building 1923 (Bhavani Valley Perimeter)", "feature_type": "building", "category": "building" }, "geometry": { "type": "Polygon", "coordinates": [ [ [ 77.122854125870802, 11.438265470837395 ], [ 77.122854125870802, 11.438462990454758 ], [ 77.122656606253443, 11.438462990454758 ], [ 77.122656606253443, 11.438265470837395 ], [ 77.122854125870802, 11.438265470837395 ] ] ] } },
{ "type": "Feature", "properties": { "feature_id": "bld_1924", "name": "Building 1924 (Bhavani Valley Perimeter)", "feature_type": "building", "category": "building" }, "geometry": { "type": "Polygon", "coordinates": [ [ [ 77.182229215136601, 11.466528459918527 ], [ 77.182229215136601, 11.466789407571051 ], [ 77.181968267484081, 11.466789407571051 ], [ 77.181968267484081, 11.466528459918527 ], [ 77.182229215136601, 11.466528459918527 ] ] ] } },
{ "type": "Feature", "properties": { "feature_id": "bld_1925", "name": "Building 1925 (Bhavani Valley Perimeter)", "feature_type": "building", "category": "building" }, "geometry": { "type": "Polygon", "coordinates": [ [ [ 77.12322568010525, 11.470887439273302 ], [ 77.12322568010525, 11.47105137628418 ], [ 77.123061743094368, 11.47105137628418 ], [ 77.123061743094368, 11.470887439273302 ], [ 77.12322568010525, 11.470887439273302 ] ] ] } },
{ "type": "Feature", "properties": { "feature_id": "bld_1926", "name": "Building 1926 (Bhavani Valley Perimeter)", "feature_type": "building", "category": "building" }, "geometry": { "type": "Polygon", "coordinates": [ [ [ 77.133869147879153, 11.466247440667528 ], [ 77.133869147879153, 11.466427894186703 ], [ 77.133688694359989, 11.466427894186703 ], [ 77.133688694359989, 11.466247440667528 ], [ 77.133869147879153, 11.466247440667528 ] ] ] } },
{ "type": "Feature", "properties": { "feature_id": "bld_1927", "name": "Building 1927 (Bhavani Valley Perimeter)", "feature_type": "building", "category": "building" }, "geometry": { "type": "Polygon", "coordinates": [ [ [ 77.174195981378119, 11.4466259052627 ], [ 77.174195981378119, 11.446877224618493 ], [ 77.173944662022336, 11.446877224618493 ], [ 77.173944662022336, 11.4466259052627 ], [ 77.174195981378119, 11.4466259052627 ] ] ] } },
{ "type": "Feature", "properties": { "feature_id": "bld_1928", "name": "Building 1928 (Bhavani Valley Perimeter)", "feature_type": "building", "category": "building" }, "geometry": { "type": "Polygon", "coordinates": [ [ [ 77.136555264370458, 11.464714658235197 ], [ 77.136555264370458, 11.464889701312567 ], [ 77.136380221293081, 11.464889701312567 ], [ 77.136380221293081, 11.464714658235197 ], [ 77.136555264370458, 11.464714658235197 ] ] ] } },
{ "type": "Feature", "properties": { "feature_id": "bld_1929", "name": "Building 1929 (Bhavani Valley Perimeter)", "feature_type": "building", "category": "building" }, "geometry": { "type": "Polygon", "coordinates": [ [ [ 77.101621026093554, 11.480379347268402 ], [ 77.101621026093554, 11.480577095469629 ], [ 77.101423277892323, 11.480577095469629 ], [ 77.101423277892323, 11.480379347268402 ], [ 77.101621026093554, 11.480379347268402 ] ] ] } },
{ "type": "Feature", "properties": { "feature_id": "bld_1930", "name": "Building 1930 (Bhavani Valley Perimeter)", "feature_type": "building", "category": "building" }, "geometry": { "type": "Polygon", "coordinates": [ [ [ 77.173865730438308, 11.484872714835548 ], [ 77.173865730438308, 11.485062315211669 ], [ 77.173676130062177, 11.485062315211669 ], [ 77.173676130062177, 11.484872714835548 ], [ 77.173865730438308, 11.484872714835548 ] ] ] } },
{ "type": "Feature", "properties": { "feature_id": "bld_1931", "name": "Building 1931 (Bhavani Valley Perimeter)", "feature_type": "building", "category": "building" }, "geometry": { "type": "Polygon", "coordinates": [ [ [ 77.124012948110916, 11.467995407977311 ], [ 77.124012948110916, 11.468290570786154 ], [ 77.123717785302077, 11.468290570786154 ], [ 77.123717785302077, 11.467995407977311 ], [ 77.124012948110916, 11.467995407977311 ] ] ] } },
{ "type": "Feature", "properties": { "feature_id": "bld_1932", "name": "Building 1932 (Bhavani Valley Perimeter)", "feature_type": "building", "category": "building" }, "geometry": { "type": "Polygon", "coordinates": [ [ [ 77.18255894905694, 11.460008118283502 ], [ 77.18255894905694, 11.460279433723057 ], [ 77.182287633617378, 11.460279433723057 ], [ 77.182287633617378, 11.460008118283502 ], [ 77.18255894905694, 11.460008118283502 ] ] ] } },
{ "type": "Feature", "properties": { "feature_id": "bld_1933", "name": "Building 1933 (Bhavani Valley Perimeter)", "feature_type": "building", "category": "building" }, "geometry": { "type": "Polygon", "coordinates": [ [ [ 77.112364631505372, 11.483724404483818 ], [ 77.112364631505372, 11.484019413936581 ], [ 77.112069622052601, 11.484019413936581 ], [ 77.112069622052601, 11.483724404483818 ], [ 77.112364631505372, 11.483724404483818 ] ] ] } },
{ "type": "Feature", "properties": { "feature_id": "bld_1934", "name": "Building 1934 (Bhavani Valley Perimeter)", "feature_type": "building", "category": "building" }, "geometry": { "type": "Polygon", "coordinates": [ [ [ 77.114822617058948, 11.44988414539033 ], [ 77.114822617058948, 11.450058167089979 ], [ 77.114648595359299, 11.450058167089979 ], [ 77.114648595359299, 11.44988414539033 ], [ 77.114822617058948, 11.44988414539033 ] ] ] } },
{ "type": "Feature", "properties": { "feature_id": "bld_1935", "name": "Building 1935 (Bhavani Valley Perimeter)", "feature_type": "building", "category": "building" }, "geometry": { "type": "Polygon", "coordinates": [ [ [ 77.124561065993333, 11.475691307378259 ], [ 77.124561065993333, 11.475904271563262 ], [ 77.124348101808323, 11.475904271563262 ], [ 77.124348101808323, 11.475691307378259 ], [ 77.124561065993333, 11.475691307378259 ] ] ] } },
{ "type": "Feature", "properties": { "feature_id": "bld_1936", "name": "Building 1936 (Bhavani Valley Perimeter)", "feature_type": "building", "category": "building" }, "geometry": { "type": "Polygon", "coordinates": [ [ [ 77.108104423876597, 11.451962579405548 ], [ 77.108104423876597, 11.452259973072342 ], [ 77.107807030209813, 11.452259973072342 ], [ 77.107807030209813, 11.451962579405548 ], [ 77.108104423876597, 11.451962579405548 ] ] ] } },
{ "type": "Feature", "properties": { "feature_id": "bld_1937", "name": "Building 1937 (Bhavani Valley Perimeter)", "feature_type": "building", "category": "building" }, "geometry": { "type": "Polygon", "coordinates": [ [ [ 77.15676318126927, 11.455716389624364 ], [ 77.15676318126927, 11.455899705016254 ], [ 77.156579865877376, 11.455899705016254 ], [ 77.156579865877376, 11.455716389624364 ], [ 77.15676318126927, 11.455716389624364 ] ] ] } },
{ "type": "Feature", "properties": { "feature_id": "bld_1938", "name": "Building 1938 (Bhavani Valley Perimeter)", "feature_type": "building", "category": "building" }, "geometry": { "type": "Polygon", "coordinates": [ [ [ 77.188855615166702, 11.475942747051985 ], [ 77.188855615166702, 11.476142153874328 ], [ 77.188656208344369, 11.476142153874328 ], [ 77.188656208344369, 11.475942747051985 ], [ 77.188855615166702, 11.475942747051985 ] ] ] } },
{ "type": "Feature", "properties": { "feature_id": "bld_1939", "name": "Building 1939 (Bhavani Valley Perimeter)", "feature_type": "building", "category": "building" }, "geometry": { "type": "Polygon", "coordinates": [ [ [ 77.10639460908537, 11.437742851398413 ], [ 77.10639460908537, 11.437919704339345 ], [ 77.106217756144432, 11.437919704339345 ], [ 77.106217756144432, 11.437742851398413 ], [ 77.10639460908537, 11.437742851398413 ] ] ] } },
{ "type": "Feature", "properties": { "feature_id": "bld_1940", "name": "Building 1940 (Bhavani Valley Perimeter)", "feature_type": "building", "category": "building" }, "geometry": { "type": "Polygon", "coordinates": [ [ [ 77.152383944565258, 11.481323399020313 ], [ 77.152383944565258, 11.481552943100235 ], [ 77.15215440048533, 11.481552943100235 ], [ 77.15215440048533, 11.481323399020313 ], [ 77.152383944565258, 11.481323399020313 ] ] ] } },
{ "type": "Feature", "properties": { "feature_id": "bld_1941", "name": "Building 1941 (Bhavani Valley Perimeter)", "feature_type": "building", "category": "building" }, "geometry": { "type": "Polygon", "coordinates": [ [ [ 77.175994694269249, 11.457164730144786 ], [ 77.175994694269249, 11.457423931841195 ], [ 77.175735492572855, 11.457423931841195 ], [ 77.175735492572855, 11.457164730144786 ], [ 77.175994694269249, 11.457164730144786 ] ] ] } },
{ "type": "Feature", "properties": { "feature_id": "bld_1942", "name": "Building 1942 (Bhavani Valley Perimeter)", "feature_type": "building", "category": "building" }, "geometry": { "type": "Polygon", "coordinates": [ [ [ 77.165973831479903, 11.443592900171039 ], [ 77.165973831479903, 11.443803470419295 ], [ 77.16576326123166, 11.443803470419295 ], [ 77.16576326123166, 11.443592900171039 ], [ 77.165973831479903, 11.443592900171039 ] ] ] } },
{ "type": "Feature", "properties": { "feature_id": "bld_1943", "name": "Building 1943 (Bhavani Valley Perimeter)", "feature_type": "building", "category": "building" }, "geometry": { "type": "Polygon", "coordinates": [ [ [ 77.157462501901563, 11.438429522596076 ], [ 77.157462501901563, 11.438640138222363 ], [ 77.157251886275276, 11.438640138222363 ], [ 77.157251886275276, 11.438429522596076 ], [ 77.157462501901563, 11.438429522596076 ] ] ] } },
{ "type": "Feature", "properties": { "feature_id": "bld_1944", "name": "Building 1944 (Bhavani Valley Perimeter)", "feature_type": "building", "category": "building" }, "geometry": { "type": "Polygon", "coordinates": [ [ [ 77.148245169314677, 11.484698007302848 ], [ 77.148245169314677, 11.484924442001615 ], [ 77.148018734615917, 11.484924442001615 ], [ 77.148018734615917, 11.484698007302848 ], [ 77.148245169314677, 11.484698007302848 ] ] ] } },
{ "type": "Feature", "properties": { "feature_id": "bld_1945", "name": "Building 1945 (Bhavani Valley Perimeter)", "feature_type": "building", "category": "building" }, "geometry": { "type": "Polygon", "coordinates": [ [ [ 77.173580855490869, 11.456467616902748 ], [ 77.173580855490869, 11.456739111603914 ], [ 77.173309360789702, 11.456739111603914 ], [ 77.173309360789702, 11.456467616902748 ], [ 77.173580855490869, 11.456467616902748 ] ] ] } },
{ "type": "Feature", "properties": { "feature_id": "bld_1946", "name": "Building 1946 (Bhavani Valley Perimeter)", "feature_type": "building", "category": "building" }, "geometry": { "type": "Polygon", "coordinates": [ [ [ 77.15369609812447, 11.479221006096456 ], [ 77.15369609812447, 11.479438538053785 ], [ 77.153478566167138, 11.479438538053785 ], [ 77.153478566167138, 11.479221006096456 ], [ 77.15369609812447, 11.479221006096456 ] ] ] } },
{ "type": "Feature", "properties": { "feature_id": "bld_1947", "name": "Building 1947 (Bhavani Valley Perimeter)", "feature_type": "building", "category": "building" }, "geometry": { "type": "Polygon", "coordinates": [ [ [ 77.15449661458986, 11.466391717225015 ], [ 77.15449661458986, 11.466610150836868 ], [ 77.154278180978011, 11.466610150836868 ], [ 77.154278180978011, 11.466391717225015 ], [ 77.15449661458986, 11.466391717225015 ] ] ] } },
{ "type": "Feature", "properties": { "feature_id": "bld_1948", "name": "Building 1948 (Bhavani Valley Perimeter)", "feature_type": "building", "category": "building" }, "geometry": { "type": "Polygon", "coordinates": [ [ [ 77.113069250940413, 11.439596803337075 ], [ 77.113069250940413, 11.439759137354159 ], [ 77.112906916923322, 11.439759137354159 ], [ 77.112906916923322, 11.439596803337075 ], [ 77.113069250940413, 11.439596803337075 ] ] ] } },
{ "type": "Feature", "properties": { "feature_id": "bld_1949", "name": "Building 1949 (Bhavani Valley Perimeter)", "feature_type": "building", "category": "building" }, "geometry": { "type": "Polygon", "coordinates": [ [ [ 77.178712889254513, 11.446728940139485 ], [ 77.178712889254513, 11.446918551084385 ], [ 77.178523278309626, 11.446918551084385 ], [ 77.178523278309626, 11.446728940139485 ], [ 77.178712889254513, 11.446728940139485 ] ] ] } },
{ "type": "Feature", "properties": { "feature_id": "bld_1950", "name": "Building 1950 (Bhavani Valley Perimeter)", "feature_type": "building", "category": "building" }, "geometry": { "type": "Polygon", "coordinates": [ [ [ 77.166358609166807, 11.450885382525902 ], [ 77.166358609166807, 11.451116228782839 ], [ 77.166127762909881, 11.451116228782839 ], [ 77.166127762909881, 11.450885382525902 ], [ 77.166358609166807, 11.450885382525902 ] ] ] } },
{ "type": "Feature", "properties": { "feature_id": "bld_1951", "name": "Building 1951 (Bhavani Valley Perimeter)", "feature_type": "building", "category": "building" }, "geometry": { "type": "Polygon", "coordinates": [ [ [ 77.114765606574764, 11.482847675375096 ], [ 77.114765606574764, 11.483126896771099 ], [ 77.114486385178765, 11.483126896771099 ], [ 77.114486385178765, 11.482847675375096 ], [ 77.114765606574764, 11.482847675375096 ] ] ] } },
{ "type": "Feature", "properties": { "feature_id": "bld_1952", "name": "Building 1952 (Bhavani Valley Perimeter)", "feature_type": "building", "category": "building" }, "geometry": { "type": "Polygon", "coordinates": [ [ [ 77.177874431351796, 11.455205322143641 ], [ 77.177874431351796, 11.45547205271356 ], [ 77.177607700781891, 11.45547205271356 ], [ 77.177607700781891, 11.455205322143641 ], [ 77.177874431351796, 11.455205322143641 ] ] ] } },
{ "type": "Feature", "properties": { "feature_id": "bld_1953", "name": "Building 1953 (Bhavani Valley Perimeter)", "feature_type": "building", "category": "building" }, "geometry": { "type": "Polygon", "coordinates": [ [ [ 77.113030252090354, 11.435349552024309 ], [ 77.113030252090354, 11.43551234823487 ], [ 77.112867455879794, 11.43551234823487 ], [ 77.112867455879794, 11.435349552024309 ], [ 77.113030252090354, 11.435349552024309 ] ] ] } },
{ "type": "Feature", "properties": { "feature_id": "bld_1954", "name": "Building 1954 (Bhavani Valley Perimeter)", "feature_type": "building", "category": "building" }, "geometry": { "type": "Polygon", "coordinates": [ [ [ 77.152910417440836, 11.457653484187974 ], [ 77.152910417440836, 11.457886006336819 ], [ 77.152677895291987, 11.457886006336819 ], [ 77.152677895291987, 11.457653484187974 ], [ 77.152910417440836, 11.457653484187974 ] ] ] } },
{ "type": "Feature", "properties": { "feature_id": "bld_1955", "name": "Building 1955 (Bhavani Valley Perimeter)", "feature_type": "building", "category": "building" }, "geometry": { "type": "Polygon", "coordinates": [ [ [ 77.100801947408826, 11.456004066211587 ], [ 77.100801947408826, 11.456264595754156 ], [ 77.100541417866253, 11.456264595754156 ], [ 77.100541417866253, 11.456004066211587 ], [ 77.100801947408826, 11.456004066211587 ] ] ] } },
{ "type": "Feature", "properties": { "feature_id": "bld_1956", "name": "Building 1956 (Bhavani Valley Perimeter)", "feature_type": "building", "category": "building" }, "geometry": { "type": "Polygon", "coordinates": [ [ [ 77.139938744504576, 11.471514648988103 ], [ 77.139938744504576, 11.471707271643117 ], [ 77.139746121849555, 11.471707271643117 ], [ 77.139746121849555, 11.471514648988103 ], [ 77.139938744504576, 11.471514648988103 ] ] ] } },
{ "type": "Feature", "properties": { "feature_id": "bld_1957", "name": "Building 1957 (Bhavani Valley Perimeter)", "feature_type": "building", "category": "building" }, "geometry": { "type": "Polygon", "coordinates": [ [ [ 77.173277533820311, 11.464326808605712 ], [ 77.173277533820311, 11.464516315439631 ], [ 77.173088026986392, 11.464516315439631 ], [ 77.173088026986392, 11.464326808605712 ], [ 77.173277533820311, 11.464326808605712 ] ] ] } },
{ "type": "Feature", "properties": { "feature_id": "bld_1958", "name": "Building 1958 (Bhavani Valley Perimeter)", "feature_type": "building", "category": "building" }, "geometry": { "type": "Polygon", "coordinates": [ [ [ 77.121442938598364, 11.466263427456951 ], [ 77.121442938598364, 11.466539619 ], [ 77.121166747055327, 11.466539619 ], [ 77.121166747055327, 11.466263427456951 ], [ 77.121442938598364, 11.466263427456951 ] ] ] } },
{ "type": "Feature", "properties": { "feature_id": "bld_1959", "name": "Building 1959 (Bhavani Valley Perimeter)", "feature_type": "building", "category": "building" }, "geometry": { "type": "Polygon", "coordinates": [ [ [ 77.137547191195111, 11.447774330643895 ], [ 77.137547191195111, 11.448055712268864 ], [ 77.137265809570138, 11.448055712268864 ], [ 77.137265809570138, 11.447774330643895 ], [ 77.137547191195111, 11.447774330643895 ] ] ] } },
{ "type": "Feature", "properties": { "feature_id": "bld_1960", "name": "Building 1960 (Bhavani Valley Perimeter)", "feature_type": "building", "category": "building" }, "geometry": { "type": "Polygon", "coordinates": [ [ [ 77.160348299271234, 11.457290121350484 ], [ 77.160348299271234, 11.457518427377822 ], [ 77.160119993243896, 11.457518427377822 ], [ 77.160119993243896, 11.457290121350484 ], [ 77.160348299271234, 11.457290121350484 ] ] ] } },
{ "type": "Feature", "properties": { "feature_id": "bld_1961", "name": "Building 1961 (Bhavani Valley Perimeter)", "feature_type": "building", "category": "building" }, "geometry": { "type": "Polygon", "coordinates": [ [ [ 77.11848819409002, 11.466235019527504 ], [ 77.11848819409002, 11.466445243478981 ], [ 77.118277970138536, 11.466445243478981 ], [ 77.118277970138536, 11.466235019527504 ], [ 77.11848819409002, 11.466235019527504 ] ] ] } },
{ "type": "Feature", "properties": { "feature_id": "bld_1962", "name": "Building 1962 (Bhavani Valley Perimeter)", "feature_type": "building", "category": "building" }, "geometry": { "type": "Polygon", "coordinates": [ [ [ 77.189722077893123, 11.458895163770661 ], [ 77.189722077893123, 11.459123187755528 ], [ 77.189494053908248, 11.459123187755528 ], [ 77.189494053908248, 11.458895163770661 ], [ 77.189722077893123, 11.458895163770661 ] ] ] } },
{ "type": "Feature", "properties": { "feature_id": "bld_1963", "name": "Building 1963 (Bhavani Valley Perimeter)", "feature_type": "building", "category": "building" }, "geometry": { "type": "Polygon", "coordinates": [ [ [ 77.151062718133943, 11.480701742888947 ], [ 77.151062718133943, 11.480973857422928 ], [ 77.150790603599972, 11.480973857422928 ], [ 77.150790603599972, 11.480701742888947 ], [ 77.151062718133943, 11.480701742888947 ] ] ] } },
{ "type": "Feature", "properties": { "feature_id": "bld_1964", "name": "Building 1964 (Bhavani Valley Perimeter)", "feature_type": "building", "category": "building" }, "geometry": { "type": "Polygon", "coordinates": [ [ [ 77.140722742766712, 11.470813926813724 ], [ 77.140722742766712, 11.471055999783554 ], [ 77.140480669796887, 11.471055999783554 ], [ 77.140480669796887, 11.470813926813724 ], [ 77.140722742766712, 11.470813926813724 ] ] ] } },
{ "type": "Feature", "properties": { "feature_id": "bld_1965", "name": "Building 1965 (Bhavani Valley Perimeter)", "feature_type": "building", "category": "building" }, "geometry": { "type": "Polygon", "coordinates": [ [ [ 77.144425509921547, 11.444503313100777 ], [ 77.144425509921547, 11.444728264177661 ], [ 77.144200558844659, 11.444728264177661 ], [ 77.144200558844659, 11.444503313100777 ], [ 77.144425509921547, 11.444503313100777 ] ] ] } },
{ "type": "Feature", "properties": { "feature_id": "bld_1966", "name": "Building 1966 (Bhavani Valley Perimeter)", "feature_type": "building", "category": "building" }, "geometry": { "type": "Polygon", "coordinates": [ [ [ 77.122227151308977, 11.480638629015639 ], [ 77.122227151308977, 11.480845585969528 ], [ 77.122020194355088, 11.480845585969528 ], [ 77.122020194355088, 11.480638629015639 ], [ 77.122227151308977, 11.480638629015639 ] ] ] } },
{ "type": "Feature", "properties": { "feature_id": "bld_1967", "name": "Building 1967 (Bhavani Valley Perimeter)", "feature_type": "building", "category": "building" }, "geometry": { "type": "Polygon", "coordinates": [ [ [ 77.185827969414518, 11.461528556398228 ], [ 77.185827969414518, 11.461776972611244 ], [ 77.185579553201492, 11.461776972611244 ], [ 77.185579553201492, 11.461528556398228 ], [ 77.185827969414518, 11.461528556398228 ] ] ] } },
{ "type": "Feature", "properties": { "feature_id": "bld_1968", "name": "Building 1968 (Bhavani Valley Perimeter)", "feature_type": "building", "category": "building" }, "geometry": { "type": "Polygon", "coordinates": [ [ [ 77.14897094748936, 11.441362723363005 ], [ 77.14897094748936, 11.441575338333665 ], [ 77.14875833251871, 11.441575338333665 ], [ 77.14875833251871, 11.441362723363005 ], [ 77.14897094748936, 11.441362723363005 ] ] ] } },
{ "type": "Feature", "properties": { "feature_id": "bld_1969", "name": "Building 1969 (Bhavani Valley Perimeter)", "feature_type": "building", "category": "building" }, "geometry": { "type": "Polygon", "coordinates": [ [ [ 77.109034431298653, 11.466036421015504 ], [ 77.109034431298653, 11.466258983402833 ], [ 77.108811868911317, 11.466258983402833 ], [ 77.108811868911317, 11.466036421015504 ], [ 77.109034431298653, 11.466036421015504 ] ] ] } },
{ "type": "Feature", "properties": { "feature_id": "bld_1970", "name": "Building 1970 (Bhavani Valley Perimeter)", "feature_type": "building", "category": "building" }, "geometry": { "type": "Polygon", "coordinates": [ [ [ 77.170110167065474, 11.445932004425877 ], [ 77.170110167065474, 11.446115043674059 ], [ 77.169927127817289, 11.446115043674059 ], [ 77.169927127817289, 11.445932004425877 ], [ 77.170110167065474, 11.445932004425877 ] ] ] } },
{ "type": "Feature", "properties": { "feature_id": "bld_1971", "name": "Building 1971 (Bhavani Valley Perimeter)", "feature_type": "building", "category": "building" }, "geometry": { "type": "Polygon", "coordinates": [ [ [ 77.136699630313785, 11.481199539633867 ], [ 77.136699630313785, 11.48145899868797 ], [ 77.136440171259693, 11.48145899868797 ], [ 77.136440171259693, 11.481199539633867 ], [ 77.136699630313785, 11.481199539633867 ] ] ] } },
{ "type": "Feature", "properties": { "feature_id": "bld_1972", "name": "Building 1972 (Bhavani Valley Perimeter)", "feature_type": "building", "category": "building" }, "geometry": { "type": "Polygon", "coordinates": [ [ [ 77.13778902114214, 11.460777713576933 ], [ 77.13778902114214, 11.460949503398497 ], [ 77.137617231320576, 11.460949503398497 ], [ 77.137617231320576, 11.460777713576933 ], [ 77.13778902114214, 11.460777713576933 ] ] ] } },
{ "type": "Feature", "properties": { "feature_id": "bld_1973", "name": "Building 1973 (Bhavani Valley Perimeter)", "feature_type": "building", "category": "building" }, "geometry": { "type": "Polygon", "coordinates": [ [ [ 77.188711808958644, 11.468220386949953 ], [ 77.188711808958644, 11.468420343519538 ], [ 77.188511852389055, 11.468420343519538 ], [ 77.188511852389055, 11.468220386949953 ], [ 77.188711808958644, 11.468220386949953 ] ] ] } },
{ "type": "Feature", "properties": { "feature_id": "bld_1974", "name": "Building 1974 (Bhavani Valley Perimeter)", "feature_type": "building", "category": "building" }, "geometry": { "type": "Polygon", "coordinates": [ [ [ 77.152870364046194, 11.440326509736634 ], [ 77.152870364046194, 11.440621726870267 ], [ 77.152575146912554, 11.440621726870267 ], [ 77.152575146912554, 11.440326509736634 ], [ 77.152870364046194, 11.440326509736634 ] ] ] } },
{ "type": "Feature", "properties": { "feature_id": "bld_1975", "name": "Building 1975 (Bhavani Valley Perimeter)", "feature_type": "building", "category": "building" }, "geometry": { "type": "Polygon", "coordinates": [ [ [ 77.115827830721884, 11.467304334090384 ], [ 77.115827830721884, 11.467498697715138 ], [ 77.115633467097126, 11.467498697715138 ], [ 77.115633467097126, 11.467304334090384 ], [ 77.115827830721884, 11.467304334090384 ] ] ] } },
{ "type": "Feature", "properties": { "feature_id": "bld_1976", "name": "Building 1976 (Bhavani Valley Perimeter)", "feature_type": "building", "category": "building" }, "geometry": { "type": "Polygon", "coordinates": [ [ [ 77.164707663819385, 11.47371392898099 ], [ 77.164707663819385, 11.473968207743036 ], [ 77.164453385057342, 11.473968207743036 ], [ 77.164453385057342, 11.47371392898099 ], [ 77.164707663819385, 11.47371392898099 ] ] ] } },
{ "type": "Feature", "properties": { "feature_id": "bld_1977", "name": "Building 1977 (Bhavani Valley Perimeter)", "feature_type": "building", "category": "building" }, "geometry": { "type": "Polygon", "coordinates": [ [ [ 77.155390455292732, 11.479537950827831 ], [ 77.155390455292732, 11.47970895856737 ], [ 77.155219447553193, 11.47970895856737 ], [ 77.155219447553193, 11.479537950827831 ], [ 77.155390455292732, 11.479537950827831 ] ] ] } },
{ "type": "Feature", "properties": { "feature_id": "bld_1978", "name": "Building 1978 (Bhavani Valley Perimeter)", "feature_type": "building", "category": "building" }, "geometry": { "type": "Polygon", "coordinates": [ [ [ 77.129931489897558, 11.447265213004199 ], [ 77.129931489897558, 11.447563534958887 ], [ 77.12963316794287, 11.447563534958887 ], [ 77.12963316794287, 11.447265213004199 ], [ 77.129931489897558, 11.447265213004199 ] ] ] } },
{ "type": "Feature", "properties": { "feature_id": "bld_1979", "name": "Building 1979 (Bhavani Valley Perimeter)", "feature_type": "building", "category": "building" }, "geometry": { "type": "Polygon", "coordinates": [ [ [ 77.135173010931481, 11.471502704200548 ], [ 77.135173010931481, 11.471758565723492 ], [ 77.134917149408551, 11.471758565723492 ], [ 77.134917149408551, 11.471502704200548 ], [ 77.135173010931481, 11.471502704200548 ] ] ] } },
{ "type": "Feature", "properties": { "feature_id": "bld_1980", "name": "Building 1980 (Bhavani Valley Perimeter)", "feature_type": "building", "category": "building" }, "geometry": { "type": "Polygon", "coordinates": [ [ [ 77.119187001292417, 11.44685019409113 ], [ 77.119187001292417, 11.447049573930027 ], [ 77.118987621453513, 11.447049573930027 ], [ 77.118987621453513, 11.44685019409113 ], [ 77.119187001292417, 11.44685019409113 ] ] ] } },
{ "type": "Feature", "properties": { "feature_id": "bld_1981", "name": "Building 1981 (Bhavani Valley Perimeter)", "feature_type": "building", "category": "building" }, "geometry": { "type": "Polygon", "coordinates": [ [ [ 77.137082830647145, 11.446634877678735 ], [ 77.137082830647145, 11.446797628886317 ], [ 77.136920079439548, 11.446797628886317 ], [ 77.136920079439548, 11.446634877678735 ], [ 77.137082830647145, 11.446634877678735 ] ] ] } },
{ "type": "Feature", "properties": { "feature_id": "bld_1982", "name": "Building 1982 (Bhavani Valley Perimeter)", "feature_type": "building", "category": "building" }, "geometry": { "type": "Polygon", "coordinates": [ [ [ 77.179249285039731, 11.483176581641951 ], [ 77.179249285039731, 11.483384401496137 ], [ 77.179041465185549, 11.483384401496137 ], [ 77.179041465185549, 11.483176581641951 ], [ 77.179249285039731, 11.483176581641951 ] ] ] } },
{ "type": "Feature", "properties": { "feature_id": "bld_1983", "name": "Building 1983 (Bhavani Valley Perimeter)", "feature_type": "building", "category": "building" }, "geometry": { "type": "Polygon", "coordinates": [ [ [ 77.13059323669647, 11.435226973090536 ], [ 77.13059323669647, 11.435482208186901 ], [ 77.130338001600094, 11.435482208186901 ], [ 77.130338001600094, 11.435226973090536 ], [ 77.13059323669647, 11.435226973090536 ] ] ] } },
{ "type": "Feature", "properties": { "feature_id": "bld_1984", "name": "Building 1984 (Bhavani Valley Perimeter)", "feature_type": "building", "category": "building" }, "geometry": { "type": "Polygon", "coordinates": [ [ [ 77.174380767261837, 11.442239238373546 ], [ 77.174380767261837, 11.442421591662455 ], [ 77.174198413972917, 11.442421591662455 ], [ 77.174198413972917, 11.442239238373546 ], [ 77.174380767261837, 11.442239238373546 ] ] ] } },
{ "type": "Feature", "properties": { "feature_id": "bld_1985", "name": "Building 1985 (Bhavani Valley Perimeter)", "feature_type": "building", "category": "building" }, "geometry": { "type": "Polygon", "coordinates": [ [ [ 77.171190632736455, 11.465731397178672 ], [ 77.171190632736455, 11.465897677656741 ], [ 77.171024352258399, 11.465897677656741 ], [ 77.171024352258399, 11.465731397178672 ], [ 77.171190632736455, 11.465731397178672 ] ] ] } },
{ "type": "Feature", "properties": { "feature_id": "bld_1986", "name": "Building 1986 (Bhavani Valley Perimeter)", "feature_type": "building", "category": "building" }, "geometry": { "type": "Polygon", "coordinates": [ [ [ 77.15613503990248, 11.450340075381305 ], [ 77.15613503990248, 11.450551696903073 ], [ 77.155923418380709, 11.450551696903073 ], [ 77.155923418380709, 11.450340075381305 ], [ 77.15613503990248, 11.450340075381305 ] ] ] } },
{ "type": "Feature", "properties": { "feature_id": "bld_1987", "name": "Building 1987 (Bhavani Valley Perimeter)", "feature_type": "building", "category": "building" }, "geometry": { "type": "Polygon", "coordinates": [ [ [ 77.169383852610594, 11.475438734669751 ], [ 77.169383852610594, 11.475654784597509 ], [ 77.169167802682836, 11.475654784597509 ], [ 77.169167802682836, 11.475438734669751 ], [ 77.169383852610594, 11.475438734669751 ] ] ] } },
{ "type": "Feature", "properties": { "feature_id": "bld_1988", "name": "Building 1988 (Bhavani Valley Perimeter)", "feature_type": "building", "category": "building" }, "geometry": { "type": "Polygon", "coordinates": [ [ [ 77.185377792763035, 11.455189107375139 ], [ 77.185377792763035, 11.45545716442007 ], [ 77.1851097357181, 11.45545716442007 ], [ 77.1851097357181, 11.455189107375139 ], [ 77.185377792763035, 11.455189107375139 ] ] ] } },
{ "type": "Feature", "properties": { "feature_id": "bld_1989", "name": "Building 1989 (Bhavani Valley Perimeter)", "feature_type": "building", "category": "building" }, "geometry": { "type": "Polygon", "coordinates": [ [ [ 77.143692497097831, 11.479733073039048 ], [ 77.143692497097831, 11.48002015961316 ], [ 77.143405410523727, 11.48002015961316 ], [ 77.143405410523727, 11.479733073039048 ], [ 77.143692497097831, 11.479733073039048 ] ] ] } },
{ "type": "Feature", "properties": { "feature_id": "bld_1990", "name": "Building 1990 (Bhavani Valley Perimeter)", "feature_type": "building", "category": "building" }, "geometry": { "type": "Polygon", "coordinates": [ [ [ 77.108005300147298, 11.481686879126604 ], [ 77.108005300147298, 11.481962454004416 ], [ 77.107729725269493, 11.481962454004416 ], [ 77.107729725269493, 11.481686879126604 ], [ 77.108005300147298, 11.481686879126604 ] ] ] } },
{ "type": "Feature", "properties": { "feature_id": "bld_1991", "name": "Building 1991 (Bhavani Valley Perimeter)", "feature_type": "building", "category": "building" }, "geometry": { "type": "Polygon", "coordinates": [ [ [ 77.171354322632752, 11.444909208639665 ], [ 77.171354322632752, 11.445181925328889 ], [ 77.171081605943513, 11.445181925328889 ], [ 77.171081605943513, 11.444909208639665 ], [ 77.171354322632752, 11.444909208639665 ] ] ] } },
{ "type": "Feature", "properties": { "feature_id": "bld_1992", "name": "Building 1992 (Bhavani Valley Perimeter)", "feature_type": "building", "category": "building" }, "geometry": { "type": "Polygon", "coordinates": [ [ [ 77.17665860432713, 11.449310858517222 ], [ 77.17665860432713, 11.449604174928194 ], [ 77.17636528791617, 11.449604174928194 ], [ 77.17636528791617, 11.449310858517222 ], [ 77.17665860432713, 11.449310858517222 ] ] ] } },
{ "type": "Feature", "properties": { "feature_id": "bld_1993", "name": "Building 1993 (Bhavani Valley Perimeter)", "feature_type": "building", "category": "building" }, "geometry": { "type": "Polygon", "coordinates": [ [ [ 77.104605043855585, 11.442377831982693 ], [ 77.104605043855585, 11.442613093342022 ], [ 77.104369782496249, 11.442613093342022 ], [ 77.104369782496249, 11.442377831982693 ], [ 77.104605043855585, 11.442377831982693 ] ] ] } },
{ "type": "Feature", "properties": { "feature_id": "bld_1994", "name": "Building 1994 (Bhavani Valley Perimeter)", "feature_type": "building", "category": "building" }, "geometry": { "type": "Polygon", "coordinates": [ [ [ 77.151902510240063, 11.467176316325993 ], [ 77.151902510240063, 11.467338692004098 ], [ 77.151740134561948, 11.467338692004098 ], [ 77.151740134561948, 11.467176316325993 ], [ 77.151902510240063, 11.467176316325993 ] ] ] } },
{ "type": "Feature", "properties": { "feature_id": "bld_1995", "name": "Building 1995 (Bhavani Valley Perimeter)", "feature_type": "building", "category": "building" }, "geometry": { "type": "Polygon", "coordinates": [ [ [ 77.186523024052676, 11.437139390300018 ], [ 77.186523024052676, 11.437319418973399 ], [ 77.186342995379292, 11.437319418973399 ], [ 77.186342995379292, 11.437139390300018 ], [ 77.186523024052676, 11.437139390300018 ] ] ] } },
{ "type": "Feature", "properties": { "feature_id": "bld_1996", "name": "Building 1996 (Bhavani Valley Perimeter)", "feature_type": "building", "category": "building" }, "geometry": { "type": "Polygon", "coordinates": [ [ [ 77.101406565259211, 11.46319766298283 ], [ 77.101406565259211, 11.463488180346578 ], [ 77.101116047895474, 11.463488180346578 ], [ 77.101116047895474, 11.46319766298283 ], [ 77.101406565259211, 11.46319766298283 ] ] ] } },
{ "type": "Feature", "properties": { "feature_id": "bld_1997", "name": "Building 1997 (Bhavani Valley Perimeter)", "feature_type": "building", "category": "building" }, "geometry": { "type": "Polygon", "coordinates": [ [ [ 77.16001617463148, 11.47605194373978 ], [ 77.16001617463148, 11.476213803108262 ], [ 77.15985431526299, 11.476213803108262 ], [ 77.15985431526299, 11.47605194373978 ], [ 77.16001617463148, 11.47605194373978 ] ] ] } },
{ "type": "Feature", "properties": { "feature_id": "bld_1998", "name": "Building 1998 (Bhavani Valley Perimeter)", "feature_type": "building", "category": "building" }, "geometry": { "type": "Polygon", "coordinates": [ [ [ 77.148896304619271, 11.45786322111918 ], [ 77.148896304619271, 11.458093076631371 ], [ 77.148666449107068, 11.458093076631371 ], [ 77.148666449107068, 11.45786322111918 ], [ 77.148896304619271, 11.45786322111918 ] ] ] } },
{ "type": "Feature", "properties": { "feature_id": "bld_1999", "name": "Building 1999 (Bhavani Valley Perimeter)", "feature_type": "building", "category": "building" }, "geometry": { "type": "Polygon", "coordinates": [ [ [ 77.106614412109209, 11.469106542624425 ], [ 77.106614412109209, 11.469336993482505 ], [ 77.106383961251126, 11.469336993482505 ], [ 77.106383961251126, 11.469106542624425 ], [ 77.106614412109209, 11.469106542624425 ] ] ] } },
{ "type": "Feature", "properties": { "feature_id": "bld_2000", "name": "Building 2000 (Bhavani Valley Perimeter)", "feature_type": "building", "category": "building" }, "geometry": { "type": "Polygon", "coordinates": [ [ [ 77.168953853202041, 11.45917407498855 ], [ 77.168953853202041, 11.459354988417623 ], [ 77.168772939772978, 11.459354988417623 ], [ 77.168772939772978, 11.45917407498855 ], [ 77.168953853202041, 11.45917407498855 ] ] ] } },
{ "type": "Feature", "properties": { "feature_id": "bld_2001", "name": "Building 2001 (Bhavani Valley Perimeter)", "feature_type": "building", "category": "building" }, "geometry": { "type": "Polygon", "coordinates": [ [ [ 77.158484193486444, 11.443478250485825 ], [ 77.158484193486444, 11.443760385724694 ], [ 77.158202058247568, 11.443760385724694 ], [ 77.158202058247568, 11.443478250485825 ], [ 77.158484193486444, 11.443478250485825 ] ] ] } },
{ "type": "Feature", "properties": { "feature_id": "bld_2002", "name": "Building 2002 (Bhavani Valley Perimeter)", "feature_type": "building", "category": "building" }, "geometry": { "type": "Polygon", "coordinates": [ [ [ 77.155327825180251, 11.442712830513825 ], [ 77.155327825180251, 11.443007557841872 ], [ 77.155033097852197, 11.443007557841872 ], [ 77.155033097852197, 11.442712830513825 ], [ 77.155327825180251, 11.442712830513825 ] ] ] } },
{ "type": "Feature", "properties": { "feature_id": "bld_2003", "name": "Building 2003 (Bhavani Valley Perimeter)", "feature_type": "building", "category": "building" }, "geometry": { "type": "Polygon", "coordinates": [ [ [ 77.146776770003484, 11.438521044290274 ], [ 77.146776770003484, 11.438768800896893 ], [ 77.146529013396858, 11.438768800896893 ], [ 77.146529013396858, 11.438521044290274 ], [ 77.146776770003484, 11.438521044290274 ] ] ] } },
{ "type": "Feature", "properties": { "feature_id": "bld_2004", "name": "Building 2004 (Bhavani Valley Perimeter)", "feature_type": "building", "category": "building" }, "geometry": { "type": "Polygon", "coordinates": [ [ [ 77.122925149176297, 11.475047425048716 ], [ 77.122925149176297, 11.475321920139015 ], [ 77.122650654085987, 11.475321920139015 ], [ 77.122650654085987, 11.475047425048716 ], [ 77.122925149176297, 11.475047425048716 ] ] ] } },
{ "type": "Feature", "properties": { "feature_id": "bld_2005", "name": "Building 2005 (Bhavani Valley Perimeter)", "feature_type": "building", "category": "building" }, "geometry": { "type": "Polygon", "coordinates": [ [ [ 77.188217109008505, 11.459981629569645 ], [ 77.188217109008505, 11.460205323532806 ], [ 77.187993415045341, 11.460205323532806 ], [ 77.187993415045341, 11.459981629569645 ], [ 77.188217109008505, 11.459981629569645 ] ] ] } },
{ "type": "Feature", "properties": { "feature_id": "bld_2006", "name": "Building 2006 (Bhavani Valley Perimeter)", "feature_type": "building", "category": "building" }, "geometry": { "type": "Polygon", "coordinates": [ [ [ 77.167931088576154, 11.441505248731131 ], [ 77.167931088576154, 11.441741816903063 ], [ 77.167694520404211, 11.441741816903063 ], [ 77.167694520404211, 11.441505248731131 ], [ 77.167931088576154, 11.441505248731131 ] ] ] } },
{ "type": "Feature", "properties": { "feature_id": "bld_2007", "name": "Building 2007 (Bhavani Valley Perimeter)", "feature_type": "building", "category": "building" }, "geometry": { "type": "Polygon", "coordinates": [ [ [ 77.14927154289775, 11.439364397254534 ], [ 77.14927154289775, 11.439582915026504 ], [ 77.149053025125781, 11.439582915026504 ], [ 77.149053025125781, 11.439364397254534 ], [ 77.14927154289775, 11.439364397254534 ] ] ] } },
{ "type": "Feature", "properties": { "feature_id": "bld_2008", "name": "Building 2008 (Bhavani Valley Perimeter)", "feature_type": "building", "category": "building" }, "geometry": { "type": "Polygon", "coordinates": [ [ [ 77.176882578507588, 11.477720734463189 ], [ 77.176882578507588, 11.477894627736278 ], [ 77.176708685234502, 11.477894627736278 ], [ 77.176708685234502, 11.477720734463189 ], [ 77.176882578507588, 11.477720734463189 ] ] ] } },
{ "type": "Feature", "properties": { "feature_id": "bld_2009", "name": "Building 2009 (Bhavani Valley Perimeter)", "feature_type": "building", "category": "building" }, "geometry": { "type": "Polygon", "coordinates": [ [ [ 77.108306113071677, 11.447993540225717 ], [ 77.108306113071677, 11.448276007474476 ], [ 77.108023645822925, 11.448276007474476 ], [ 77.108023645822925, 11.447993540225717 ], [ 77.108306113071677, 11.447993540225717 ] ] ] } },
{ "type": "Feature", "properties": { "feature_id": "bld_2010", "name": "Building 2010 (Bhavani Valley Perimeter)", "feature_type": "building", "category": "building" }, "geometry": { "type": "Polygon", "coordinates": [ [ [ 77.111688314249989, 11.470912758537999 ], [ 77.111688314249989, 11.471086921724744 ], [ 77.111514151063233, 11.471086921724744 ], [ 77.111514151063233, 11.470912758537999 ], [ 77.111688314249989, 11.470912758537999 ] ] ] } },
{ "type": "Feature", "properties": { "feature_id": "bld_2011", "name": "Building 2011 (Bhavani Valley Perimeter)", "feature_type": "building", "category": "building" }, "geometry": { "type": "Polygon", "coordinates": [ [ [ 77.156217630814709, 11.452668140978551 ], [ 77.156217630814709, 11.452938588933366 ], [ 77.15594718285989, 11.452938588933366 ], [ 77.15594718285989, 11.452668140978551 ], [ 77.156217630814709, 11.452668140978551 ] ] ] } },
{ "type": "Feature", "properties": { "feature_id": "bld_2012", "name": "Building 2012 (Bhavani Valley Perimeter)", "feature_type": "building", "category": "building" }, "geometry": { "type": "Polygon", "coordinates": [ [ [ 77.121128638171697, 11.466863593692077 ], [ 77.121128638171697, 11.467056589246917 ], [ 77.120935642616857, 11.467056589246917 ], [ 77.120935642616857, 11.466863593692077 ], [ 77.121128638171697, 11.466863593692077 ] ] ] } },
{ "type": "Feature", "properties": { "feature_id": "bld_2013", "name": "Building 2013 (Bhavani Valley Perimeter)", "feature_type": "building", "category": "building" }, "geometry": { "type": "Polygon", "coordinates": [ [ [ 77.164318301606031, 11.478595025602097 ], [ 77.164318301606031, 11.478772777853976 ], [ 77.164140549354144, 11.478772777853976 ], [ 77.164140549354144, 11.478595025602097 ], [ 77.164318301606031, 11.478595025602097 ] ] ] } },
{ "type": "Feature", "properties": { "feature_id": "bld_2014", "name": "Building 2014 (Bhavani Valley Perimeter)", "feature_type": "building", "category": "building" }, "geometry": { "type": "Polygon", "coordinates": [ [ [ 77.178082509707949, 11.464589864986353 ], [ 77.178082509707949, 11.464767660455076 ], [ 77.177904714239233, 11.464767660455076 ], [ 77.177904714239233, 11.464589864986353 ], [ 77.178082509707949, 11.464589864986353 ] ] ] } },
{ "type": "Feature", "properties": { "feature_id": "bld_2015", "name": "Building 2015 (Bhavani Valley Perimeter)", "feature_type": "building", "category": "building" }, "geometry": { "type": "Polygon", "coordinates": [ [ [ 77.138607791334593, 11.442913990322035 ], [ 77.138607791334593, 11.443172039026477 ], [ 77.138349742630155, 11.443172039026477 ], [ 77.138349742630155, 11.442913990322035 ], [ 77.138607791334593, 11.442913990322035 ] ] ] } },
{ "type": "Feature", "properties": { "feature_id": "bld_2016", "name": "Building 2016 (Bhavani Valley Perimeter)", "feature_type": "building", "category": "building" }, "geometry": { "type": "Polygon", "coordinates": [ [ [ 77.168413561887306, 11.44017439622395 ], [ 77.168413561887306, 11.440405255803329 ], [ 77.168182702307931, 11.440405255803329 ], [ 77.168182702307931, 11.44017439622395 ], [ 77.168413561887306, 11.44017439622395 ] ] ] } },
{ "type": "Feature", "properties": { "feature_id": "bld_2017", "name": "Building 2017 (Bhavani Valley Perimeter)", "feature_type": "building", "category": "building" }, "geometry": { "type": "Polygon", "coordinates": [ [ [ 77.173432201292997, 11.481692205826878 ], [ 77.173432201292997, 11.481924098328221 ], [ 77.17320030879165, 11.481924098328221 ], [ 77.17320030879165, 11.481692205826878 ], [ 77.173432201292997, 11.481692205826878 ] ] ] } },
{ "type": "Feature", "properties": { "feature_id": "bld_2018", "name": "Building 2018 (Bhavani Valley Perimeter)", "feature_type": "building", "category": "building" }, "geometry": { "type": "Polygon", "coordinates": [ [ [ 77.185632723459648, 11.461676855188179 ], [ 77.185632723459648, 11.461892041857423 ], [ 77.185417536790411, 11.461892041857423 ], [ 77.185417536790411, 11.461676855188179 ], [ 77.185632723459648, 11.461676855188179 ] ] ] } },
{ "type": "Feature", "properties": { "feature_id": "bld_2019", "name": "Building 2019 (Bhavani Valley Perimeter)", "feature_type": "building", "category": "building" }, "geometry": { "type": "Polygon", "coordinates": [ [ [ 77.176451314745492, 11.459536102347164 ], [ 77.176451314745492, 11.459762168698644 ], [ 77.176225248394019, 11.459762168698644 ], [ 77.176225248394019, 11.459536102347164 ], [ 77.176451314745492, 11.459536102347164 ] ] ] } },
{ "type": "Feature", "properties": { "feature_id": "bld_2020", "name": "Building 2020 (Bhavani Valley Perimeter)", "feature_type": "building", "category": "building" }, "geometry": { "type": "Polygon", "coordinates": [ [ [ 77.144266359954798, 11.477201014185567 ], [ 77.144266359954798, 11.477477486001405 ], [ 77.143989888138975, 11.477477486001405 ], [ 77.143989888138975, 11.477201014185567 ], [ 77.144266359954798, 11.477201014185567 ] ] ] } },
{ "type": "Feature", "properties": { "feature_id": "bld_2021", "name": "Building 2021 (Bhavani Valley Perimeter)", "feature_type": "building", "category": "building" }, "geometry": { "type": "Polygon", "coordinates": [ [ [ 77.136431234281304, 11.451550558031844 ], [ 77.136431234281304, 11.451779427955209 ], [ 77.136202364357928, 11.451779427955209 ], [ 77.136202364357928, 11.451550558031844 ], [ 77.136431234281304, 11.451550558031844 ] ] ] } },
{ "type": "Feature", "properties": { "feature_id": "bld_2022", "name": "Building 2022 (Bhavani Valley Perimeter)", "feature_type": "building", "category": "building" }, "geometry": { "type": "Polygon", "coordinates": [ [ [ 77.151685102732259, 11.44678128367547 ], [ 77.151685102732259, 11.447052437387331 ], [ 77.151413949020409, 11.447052437387331 ], [ 77.151413949020409, 11.44678128367547 ], [ 77.151685102732259, 11.44678128367547 ] ] ] } },
{ "type": "Feature", "properties": { "feature_id": "bld_2023", "name": "Building 2023 (Bhavani Valley Perimeter)", "feature_type": "building", "category": "building" }, "geometry": { "type": "Polygon", "coordinates": [ [ [ 77.143870926385418, 11.451614799951489 ], [ 77.143870926385418, 11.451789754890505 ], [ 77.143695971446405, 11.451789754890505 ], [ 77.143695971446405, 11.451614799951489 ], [ 77.143870926385418, 11.451614799951489 ] ] ] } },
{ "type": "Feature", "properties": { "feature_id": "bld_2024", "name": "Building 2024 (Bhavani Valley Perimeter)", "feature_type": "building", "category": "building" }, "geometry": { "type": "Polygon", "coordinates": [ [ [ 77.121597421414393, 11.48236270160972 ], [ 77.121597421414393, 11.482565415565876 ], [ 77.121394707458236, 11.482565415565876 ], [ 77.121394707458236, 11.48236270160972 ], [ 77.121597421414393, 11.48236270160972 ] ] ] } },
{ "type": "Feature", "properties": { "feature_id": "bld_2025", "name": "Building 2025 (Bhavani Valley Perimeter)", "feature_type": "building", "category": "building" }, "geometry": { "type": "Polygon", "coordinates": [ [ [ 77.115298832185061, 11.457932143440715 ], [ 77.115298832185061, 11.458135135724785 ], [ 77.115095839900988, 11.458135135724785 ], [ 77.115095839900988, 11.457932143440715 ], [ 77.115298832185061, 11.457932143440715 ] ] ] } },
{ "type": "Feature", "properties": { "feature_id": "bld_2026", "name": "Building 2026 (Bhavani Valley Perimeter)", "feature_type": "building", "category": "building" }, "geometry": { "type": "Polygon", "coordinates": [ [ [ 77.103282420128082, 11.451039173260295 ], [ 77.103282420128082, 11.451275348467647 ], [ 77.103046244920719, 11.451275348467647 ], [ 77.103046244920719, 11.451039173260295 ], [ 77.103282420128082, 11.451039173260295 ] ] ] } },
{ "type": "Feature", "properties": { "feature_id": "bld_2027", "name": "Building 2027 (Bhavani Valley Perimeter)", "feature_type": "building", "category": "building" }, "geometry": { "type": "Polygon", "coordinates": [ [ [ 77.149765424674726, 11.452716634865906 ], [ 77.149765424674726, 11.452939257251783 ], [ 77.149542802288849, 11.452939257251783 ], [ 77.149542802288849, 11.452716634865906 ], [ 77.149765424674726, 11.452716634865906 ] ] ] } },
{ "type": "Feature", "properties": { "feature_id": "bld_2028", "name": "Building 2028 (Bhavani Valley Perimeter)", "feature_type": "building", "category": "building" }, "geometry": { "type": "Polygon", "coordinates": [ [ [ 77.186994688518055, 11.453769347984588 ], [ 77.186994688518055, 11.453965499738443 ], [ 77.186798536764186, 11.453965499738443 ], [ 77.186798536764186, 11.453769347984588 ], [ 77.186994688518055, 11.453769347984588 ] ] ] } },
{ "type": "Feature", "properties": { "feature_id": "bld_2029", "name": "Building 2029 (Bhavani Valley Perimeter)", "feature_type": "building", "category": "building" }, "geometry": { "type": "Polygon", "coordinates": [ [ [ 77.122045200376405, 11.457755064224797 ], [ 77.122045200376405, 11.458021397045618 ], [ 77.121778867555591, 11.458021397045618 ], [ 77.121778867555591, 11.457755064224797 ], [ 77.122045200376405, 11.457755064224797 ] ] ] } },
{ "type": "Feature", "properties": { "feature_id": "bld_2030", "name": "Building 2030 (Bhavani Valley Perimeter)", "feature_type": "building", "category": "building" }, "geometry": { "type": "Polygon", "coordinates": [ [ [ 77.118620417064591, 11.470383325869403 ], [ 77.118620417064591, 11.470546286844673 ], [ 77.118457456089317, 11.470546286844673 ], [ 77.118457456089317, 11.470383325869403 ], [ 77.118620417064591, 11.470383325869403 ] ] ] } },
{ "type": "Feature", "properties": { "feature_id": "bld_2031", "name": "Building 2031 (Bhavani Valley Perimeter)", "feature_type": "building", "category": "building" }, "geometry": { "type": "Polygon", "coordinates": [ [ [ 77.137807679325462, 11.473689541953235 ], [ 77.137807679325462, 11.473896964567043 ], [ 77.13760025671165, 11.473896964567043 ], [ 77.13760025671165, 11.473689541953235 ], [ 77.137807679325462, 11.473689541953235 ] ] ] } },
{ "type": "Feature", "properties": { "feature_id": "bld_2032", "name": "Building 2032 (Bhavani Valley Perimeter)", "feature_type": "building", "category": "building" }, "geometry": { "type": "Polygon", "coordinates": [ [ [ 77.150868278807451, 11.445117021963917 ], [ 77.150868278807451, 11.445380901318675 ], [ 77.150604399452703, 11.445380901318675 ], [ 77.150604399452703, 11.445117021963917 ], [ 77.150868278807451, 11.445117021963917 ] ] ] } },
{ "type": "Feature", "properties": { "feature_id": "bld_2033", "name": "Building 2033 (Bhavani Valley Perimeter)", "feature_type": "building", "category": "building" }, "geometry": { "type": "Polygon", "coordinates": [ [ [ 77.104798993041229, 11.477533258496726 ], [ 77.104798993041229, 11.477721005990825 ], [ 77.104611245547133, 11.477721005990825 ], [ 77.104611245547133, 11.477533258496726 ], [ 77.104798993041229, 11.477533258496726 ] ] ] } },
{ "type": "Feature", "properties": { "feature_id": "bld_2034", "name": "Building 2034 (Bhavani Valley Perimeter)", "feature_type": "building", "category": "building" }, "geometry": { "type": "Polygon", "coordinates": [ [ [ 77.178826410703948, 11.452495874214813 ], [ 77.178826410703948, 11.45275704991524 ], [ 77.178565235003532, 11.45275704991524 ], [ 77.178565235003532, 11.452495874214813 ], [ 77.178826410703948, 11.452495874214813 ] ] ] } },
{ "type": "Feature", "properties": { "feature_id": "bld_2035", "name": "Building 2035 (Bhavani Valley Perimeter)", "feature_type": "building", "category": "building" }, "geometry": { "type": "Polygon", "coordinates": [ [ [ 77.128819141399532, 11.480206718962945 ], [ 77.128819141399532, 11.480384448160519 ], [ 77.128641412201972, 11.480384448160519 ], [ 77.128641412201972, 11.480206718962945 ], [ 77.128819141399532, 11.480206718962945 ] ] ] } },
{ "type": "Feature", "properties": { "feature_id": "bld_2036", "name": "Building 2036 (Bhavani Valley Perimeter)", "feature_type": "building", "category": "building" }, "geometry": { "type": "Polygon", "coordinates": [ [ [ 77.116152516725265, 11.459565770567206 ], [ 77.116152516725265, 11.459737241948673 ], [ 77.115981045343801, 11.459737241948673 ], [ 77.115981045343801, 11.459565770567206 ], [ 77.116152516725265, 11.459565770567206 ] ] ] } },
{ "type": "Feature", "properties": { "feature_id": "bld_2037", "name": "Building 2037 (Bhavani Valley Perimeter)", "feature_type": "building", "category": "building" }, "geometry": { "type": "Polygon", "coordinates": [ [ [ 77.117786570899426, 11.482039964834319 ], [ 77.117786570899426, 11.482336673386881 ], [ 77.117489862346872, 11.482336673386881 ], [ 77.117489862346872, 11.482039964834319 ], [ 77.117786570899426, 11.482039964834319 ] ] ] } },
{ "type": "Feature", "properties": { "feature_id": "bld_2038", "name": "Building 2038 (Bhavani Valley Perimeter)", "feature_type": "building", "category": "building" }, "geometry": { "type": "Polygon", "coordinates": [ [ [ 77.13398147736703, 11.4810461633234 ], [ 77.13398147736703, 11.481282438777994 ], [ 77.133745201912433, 11.481282438777994 ], [ 77.133745201912433, 11.4810461633234 ], [ 77.13398147736703, 11.4810461633234 ] ] ] } },
{ "type": "Feature", "properties": { "feature_id": "bld_2039", "name": "Building 2039 (Bhavani Valley Perimeter)", "feature_type": "building", "category": "building" }, "geometry": { "type": "Polygon", "coordinates": [ [ [ 77.124402945055095, 11.469993812927569 ], [ 77.124402945055095, 11.470246059180489 ], [ 77.124150698802168, 11.470246059180489 ], [ 77.124150698802168, 11.469993812927569 ], [ 77.124402945055095, 11.469993812927569 ] ] ] } },
{ "type": "Feature", "properties": { "feature_id": "bld_2040", "name": "Building 2040 (Bhavani Valley Perimeter)", "feature_type": "building", "category": "building" }, "geometry": { "type": "Polygon", "coordinates": [ [ [ 77.189148322884961, 11.448125320205278 ], [ 77.189148322884961, 11.448379408535651 ], [ 77.188894234554596, 11.448379408535651 ], [ 77.188894234554596, 11.448125320205278 ], [ 77.189148322884961, 11.448125320205278 ] ] ] } },
{ "type": "Feature", "properties": { "feature_id": "bld_2041", "name": "Building 2041 (Bhavani Valley Perimeter)", "feature_type": "building", "category": "building" }, "geometry": { "type": "Polygon", "coordinates": [ [ [ 77.104762412238898, 11.440602027648591 ], [ 77.104762412238898, 11.440762576221083 ], [ 77.104601863666403, 11.440762576221083 ], [ 77.104601863666403, 11.440602027648591 ], [ 77.104762412238898, 11.440602027648591 ] ] ] } },
{ "type": "Feature", "properties": { "feature_id": "bld_2042", "name": "Building 2042 (Bhavani Valley Perimeter)", "feature_type": "building", "category": "building" }, "geometry": { "type": "Polygon", "coordinates": [ [ [ 77.190086531906402, 11.474978614246341 ], [ 77.190086531906402, 11.475248755468405 ], [ 77.189816390684328, 11.475248755468405 ], [ 77.189816390684328, 11.474978614246341 ], [ 77.190086531906402, 11.474978614246341 ] ] ] } },
{ "type": "Feature", "properties": { "feature_id": "bld_2043", "name": "Building 2043 (Bhavani Valley Perimeter)", "feature_type": "building", "category": "building" }, "geometry": { "type": "Polygon", "coordinates": [ [ [ 77.145965935275854, 11.44991276564536 ], [ 77.145965935275854, 11.450093942645184 ], [ 77.145784758276022, 11.450093942645184 ], [ 77.145784758276022, 11.44991276564536 ], [ 77.145965935275854, 11.44991276564536 ] ] ] } },
{ "type": "Feature", "properties": { "feature_id": "bld_2044", "name": "Building 2044 (Bhavani Valley Perimeter)", "feature_type": "building", "category": "building" }, "geometry": { "type": "Polygon", "coordinates": [ [ [ 77.125753668202975, 11.453665619389669 ], [ 77.125753668202975, 11.453931502803245 ], [ 77.125487784789385, 11.453931502803245 ], [ 77.125487784789385, 11.453665619389669 ], [ 77.125753668202975, 11.453665619389669 ] ] ] } },
{ "type": "Feature", "properties": { "feature_id": "bld_2045", "name": "Building 2045 (Bhavani Valley Perimeter)", "feature_type": "building", "category": "building" }, "geometry": { "type": "Polygon", "coordinates": [ [ [ 77.148650823031915, 11.438792919297148 ], [ 77.148650823031915, 11.438955443358401 ], [ 77.148488298970648, 11.438955443358401 ], [ 77.148488298970648, 11.438792919297148 ], [ 77.148650823031915, 11.438792919297148 ] ] ] } },
{ "type": "Feature", "properties": { "feature_id": "bld_2046", "name": "Building 2046 (Bhavani Valley Perimeter)", "feature_type": "building", "category": "building" }, "geometry": { "type": "Polygon", "coordinates": [ [ [ 77.109355219662262, 11.455379612180675 ], [ 77.109355219662262, 11.455670259189063 ], [ 77.109064572653864, 11.455670259189063 ], [ 77.109064572653864, 11.455379612180675 ], [ 77.109355219662262, 11.455379612180675 ] ] ] } },
{ "type": "Feature", "properties": { "feature_id": "bld_2047", "name": "Building 2047 (Bhavani Valley Perimeter)", "feature_type": "building", "category": "building" }, "geometry": { "type": "Polygon", "coordinates": [ [ [ 77.157478869530436, 11.474978648772161 ], [ 77.157478869530436, 11.475203941215391 ], [ 77.157253577087218, 11.475203941215391 ], [ 77.157253577087218, 11.474978648772161 ], [ 77.157478869530436, 11.474978648772161 ] ] ] } },
{ "type": "Feature", "properties": { "feature_id": "bld_2048", "name": "Building 2048 (Bhavani Valley Perimeter)", "feature_type": "building", "category": "building" }, "geometry": { "type": "Polygon", "coordinates": [ [ [ 77.132691262799099, 11.44027870332428 ], [ 77.132691262799099, 11.440561333947384 ], [ 77.132408632175995, 11.440561333947384 ], [ 77.132408632175995, 11.44027870332428 ], [ 77.132691262799099, 11.44027870332428 ] ] ] } },
{ "type": "Feature", "properties": { "feature_id": "bld_2049", "name": "Building 2049 (Bhavani Valley Perimeter)", "feature_type": "building", "category": "building" }, "geometry": { "type": "Polygon", "coordinates": [ [ [ 77.17060026085197, 11.443290046640415 ], [ 77.17060026085197, 11.443521763119358 ], [ 77.170368544373034, 11.443521763119358 ], [ 77.170368544373034, 11.443290046640415 ], [ 77.17060026085197, 11.443290046640415 ] ] ] } },
{ "type": "Feature", "properties": { "feature_id": "bld_2050", "name": "Building 2050 (Bhavani Valley Perimeter)", "feature_type": "building", "category": "building" }, "geometry": { "type": "Polygon", "coordinates": [ [ [ 77.144009965795476, 11.466108344551746 ], [ 77.144009965795476, 11.466400810716905 ], [ 77.143717499630327, 11.466400810716905 ], [ 77.143717499630327, 11.466108344551746 ], [ 77.144009965795476, 11.466108344551746 ] ] ] } },
{ "type": "Feature", "properties": { "feature_id": "bld_2051", "name": "Building 2051 (Bhavani Valley Perimeter)", "feature_type": "building", "category": "building" }, "geometry": { "type": "Polygon", "coordinates": [ [ [ 77.152262952363927, 11.461927340733626 ], [ 77.152262952363927, 11.462094385944235 ], [ 77.15209590715331, 11.462094385944235 ], [ 77.15209590715331, 11.461927340733626 ], [ 77.152262952363927, 11.461927340733626 ] ] ] } },
{ "type": "Feature", "properties": { "feature_id": "bld_2052", "name": "Building 2052 (Bhavani Valley Perimeter)", "feature_type": "building", "category": "building" }, "geometry": { "type": "Polygon", "coordinates": [ [ [ 77.105743945795638, 11.44428506661232 ], [ 77.105743945795638, 11.444449612520359 ], [ 77.105579399887603, 11.444449612520359 ], [ 77.105579399887603, 11.44428506661232 ], [ 77.105743945795638, 11.44428506661232 ] ] ] } },
{ "type": "Feature", "properties": { "feature_id": "bld_2053", "name": "Building 2053 (Bhavani Valley Perimeter)", "feature_type": "building", "category": "building" }, "geometry": { "type": "Polygon", "coordinates": [ [ [ 77.166991284537701, 11.471076991263288 ], [ 77.166991284537701, 11.471256039136108 ], [ 77.166812236664882, 11.471256039136108 ], [ 77.166812236664882, 11.471076991263288 ], [ 77.166991284537701, 11.471076991263288 ] ] ] } },
{ "type": "Feature", "properties": { "feature_id": "bld_2054", "name": "Building 2054 (Bhavani Valley Perimeter)", "feature_type": "building", "category": "building" }, "geometry": { "type": "Polygon", "coordinates": [ [ [ 77.175348183362672, 11.442638219451215 ], [ 77.175348183362672, 11.442840384033396 ], [ 77.175146018780481, 11.442840384033396 ], [ 77.175146018780481, 11.442638219451215 ], [ 77.175348183362672, 11.442638219451215 ] ] ] } },
{ "type": "Feature", "properties": { "feature_id": "bld_2055", "name": "Building 2055 (Bhavani Valley Perimeter)", "feature_type": "building", "category": "building" }, "geometry": { "type": "Polygon", "coordinates": [ [ [ 77.122505747388132, 11.45351752846504 ], [ 77.122505747388132, 11.453713181392265 ], [ 77.1223100944609, 11.453713181392265 ], [ 77.1223100944609, 11.45351752846504 ], [ 77.122505747388132, 11.45351752846504 ] ] ] } },
{ "type": "Feature", "properties": { "feature_id": "bld_2056", "name": "Building 2056 (Bhavani Valley Perimeter)", "feature_type": "building", "category": "building" }, "geometry": { "type": "Polygon", "coordinates": [ [ [ 77.144154643243809, 11.455221334203381 ], [ 77.144154643243809, 11.455519453932089 ], [ 77.143856523515097, 11.455519453932089 ], [ 77.143856523515097, 11.455221334203381 ], [ 77.144154643243809, 11.455221334203381 ] ] ] } },
{ "type": "Feature", "properties": { "feature_id": "bld_2057", "name": "Building 2057 (Bhavani Valley Perimeter)", "feature_type": "building", "category": "building" }, "geometry": { "type": "Polygon", "coordinates": [ [ [ 77.105117069324109, 11.442025371006794 ], [ 77.105117069324109, 11.442192766631942 ], [ 77.104949673698968, 11.442192766631942 ], [ 77.104949673698968, 11.442025371006794 ], [ 77.105117069324109, 11.442025371006794 ] ] ] } },
{ "type": "Feature", "properties": { "feature_id": "bld_2058", "name": "Building 2058 (Bhavani Valley Perimeter)", "feature_type": "building", "category": "building" }, "geometry": { "type": "Polygon", "coordinates": [ [ [ 77.156464258330018, 11.437586913089071 ], [ 77.156464258330018, 11.437864014652302 ], [ 77.156187156766791, 11.437864014652302 ], [ 77.156187156766791, 11.437586913089071 ], [ 77.156464258330018, 11.437586913089071 ] ] ] } },
{ "type": "Feature", "properties": { "feature_id": "bld_2059", "name": "Building 2059 (Bhavani Valley Perimeter)", "feature_type": "building", "category": "building" }, "geometry": { "type": "Polygon", "coordinates": [ [ [ 77.146193788376905, 11.461231069613536 ], [ 77.146193788376905, 11.461469692844616 ], [ 77.145955165145836, 11.461469692844616 ], [ 77.145955165145836, 11.461231069613536 ], [ 77.146193788376905, 11.461231069613536 ] ] ] } },
{ "type": "Feature", "properties": { "feature_id": "bld_2060", "name": "Building 2060 (Bhavani Valley Perimeter)", "feature_type": "building", "category": "building" }, "geometry": { "type": "Polygon", "coordinates": [ [ [ 77.115475550780147, 11.444782197943123 ], [ 77.115475550780147, 11.444986832368325 ], [ 77.115270916354959, 11.444986832368325 ], [ 77.115270916354959, 11.444782197943123 ], [ 77.115475550780147, 11.444782197943123 ] ] ] } },
{ "type": "Feature", "properties": { "feature_id": "bld_2061", "name": "Building 2061 (Bhavani Valley Perimeter)", "feature_type": "building", "category": "building" }, "geometry": { "type": "Polygon", "coordinates": [ [ [ 77.15350282064486, 11.445417745576112 ], [ 77.15350282064486, 11.445594032017912 ], [ 77.153326534203075, 11.445594032017912 ], [ 77.153326534203075, 11.445417745576112 ], [ 77.15350282064486, 11.445417745576112 ] ] ] } },
{ "type": "Feature", "properties": { "feature_id": "bld_2062", "name": "Building 2062 (Bhavani Valley Perimeter)", "feature_type": "building", "category": "building" }, "geometry": { "type": "Polygon", "coordinates": [ [ [ 77.187446708596028, 11.435962901922109 ], [ 77.187446708596028, 11.436235279558856 ], [ 77.18717433095928, 11.436235279558856 ], [ 77.18717433095928, 11.435962901922109 ], [ 77.187446708596028, 11.435962901922109 ] ] ] } },
{ "type": "Feature", "properties": { "feature_id": "bld_2063", "name": "Building 2063 (Bhavani Valley Perimeter)", "feature_type": "building", "category": "building" }, "geometry": { "type": "Polygon", "coordinates": [ [ [ 77.171012657324866, 11.449771211829134 ], [ 77.171012657324866, 11.449950199555374 ], [ 77.170833669598636, 11.449950199555374 ], [ 77.170833669598636, 11.449771211829134 ], [ 77.171012657324866, 11.449771211829134 ] ] ] } },
{ "type": "Feature", "properties": { "feature_id": "bld_2064", "name": "Building 2064 (Bhavani Valley Perimeter)", "feature_type": "building", "category": "building" }, "geometry": { "type": "Polygon", "coordinates": [ [ [ 77.113231574664866, 11.469746584400484 ], [ 77.113231574664866, 11.469996577323235 ], [ 77.112981581742105, 11.469996577323235 ], [ 77.112981581742105, 11.469746584400484 ], [ 77.113231574664866, 11.469746584400484 ] ] ] } },
{ "type": "Feature", "properties": { "feature_id": "bld_2065", "name": "Building 2065 (Bhavani Valley Perimeter)", "feature_type": "building", "category": "building" }, "geometry": { "type": "Polygon", "coordinates": [ [ [ 77.170575545598041, 11.481745623704526 ], [ 77.170575545598041, 11.482002493535383 ], [ 77.170318675767192, 11.482002493535383 ], [ 77.170318675767192, 11.481745623704526 ], [ 77.170575545598041, 11.481745623704526 ] ] ] } },
{ "type": "Feature", "properties": { "feature_id": "bld_2066", "name": "Building 2066 (Bhavani Valley Perimeter)", "feature_type": "building", "category": "building" }, "geometry": { "type": "Polygon", "coordinates": [ [ [ 77.114165591850792, 11.44703317727711 ], [ 77.114165591850792, 11.447311084399431 ], [ 77.113887684728468, 11.447311084399431 ], [ 77.113887684728468, 11.44703317727711 ], [ 77.114165591850792, 11.44703317727711 ] ] ] } },
{ "type": "Feature", "properties": { "feature_id": "bld_2067", "name": "Building 2067 (Bhavani Valley Perimeter)", "feature_type": "building", "category": "building" }, "geometry": { "type": "Polygon", "coordinates": [ [ [ 77.118966776428863, 11.438496886243943 ], [ 77.118966776428863, 11.438755345451508 ], [ 77.118708317221291, 11.438755345451508 ], [ 77.118708317221291, 11.438496886243943 ], [ 77.118966776428863, 11.438496886243943 ] ] ] } },
{ "type": "Feature", "properties": { "feature_id": "bld_2068", "name": "Building 2068 (Bhavani Valley Perimeter)", "feature_type": "building", "category": "building" }, "geometry": { "type": "Polygon", "coordinates": [ [ [ 77.136352889849093, 11.480876484772317 ], [ 77.136352889849093, 11.481127520482271 ], [ 77.136101854139127, 11.481127520482271 ], [ 77.136101854139127, 11.480876484772317 ], [ 77.136352889849093, 11.480876484772317 ] ] ] } },
{ "type": "Feature", "properties": { "feature_id": "bld_2069", "name": "Building 2069 (Bhavani Valley Perimeter)", "feature_type": "building", "category": "building" }, "geometry": { "type": "Polygon", "coordinates": [ [ [ 77.108235807009692, 11.482294729354228 ], [ 77.108235807009692, 11.482490927371137 ], [ 77.108039608992783, 11.482490927371137 ], [ 77.108039608992783, 11.482294729354228 ], [ 77.108235807009692, 11.482294729354228 ] ] ] } },
{ "type": "Feature", "properties": { "feature_id": "bld_2070", "name": "Building 2070 (Bhavani Valley Perimeter)", "feature_type": "building", "category": "building" }, "geometry": { "type": "Polygon", "coordinates": [ [ [ 77.130432709837308, 11.455029434983429 ], [ 77.130432709837308, 11.455196606384925 ], [ 77.130265538435808, 11.455196606384925 ], [ 77.130265538435808, 11.455029434983429 ], [ 77.130432709837308, 11.455029434983429 ] ] ] } },
{ "type": "Feature", "properties": { "feature_id": "bld_2071", "name": "Building 2071 (Bhavani Valley Perimeter)", "feature_type": "building", "category": "building" }, "geometry": { "type": "Polygon", "coordinates": [ [ [ 77.144794455923616, 11.441057856630897 ], [ 77.144794455923616, 11.441273992476633 ], [ 77.144578320077883, 11.441273992476633 ], [ 77.144578320077883, 11.441057856630897 ], [ 77.144794455923616, 11.441057856630897 ] ] ] } },
{ "type": "Feature", "properties": { "feature_id": "bld_2072", "name": "Building 2072 (Bhavani Valley Perimeter)", "feature_type": "building", "category": "building" }, "geometry": { "type": "Polygon", "coordinates": [ [ [ 77.131700102855106, 11.47350578223551 ], [ 77.131700102855106, 11.473778226107139 ], [ 77.131427658983469, 11.473778226107139 ], [ 77.131427658983469, 11.47350578223551 ], [ 77.131700102855106, 11.47350578223551 ] ] ] } },
{ "type": "Feature", "properties": { "feature_id": "bld_2073", "name": "Building 2073 (Bhavani Valley Perimeter)", "feature_type": "building", "category": "building" }, "geometry": { "type": "Polygon", "coordinates": [ [ [ 77.113913294136296, 11.453221424647689 ], [ 77.113913294136296, 11.453433694090235 ], [ 77.113701024693739, 11.453433694090235 ], [ 77.113701024693739, 11.453221424647689 ], [ 77.113913294136296, 11.453221424647689 ] ] ] } },
{ "type": "Feature", "properties": { "feature_id": "bld_2074", "name": "Building 2074 (Bhavani Valley Perimeter)", "feature_type": "building", "category": "building" }, "geometry": { "type": "Polygon", "coordinates": [ [ [ 77.113756445937227, 11.474793169269576 ], [ 77.113756445937227, 11.475052181235542 ], [ 77.113497433971261, 11.475052181235542 ], [ 77.113497433971261, 11.474793169269576 ], [ 77.113756445937227, 11.474793169269576 ] ] ] } },
{ "type": "Feature", "properties": { "feature_id": "bld_2075", "name": "Building 2075 (Bhavani Valley Perimeter)", "feature_type": "building", "category": "building" }, "geometry": { "type": "Polygon", "coordinates": [ [ [ 77.117221767118465, 11.453248689077949 ], [ 77.117221767118465, 11.45342350178143 ], [ 77.117046954414988, 11.45342350178143 ], [ 77.117046954414988, 11.453248689077949 ], [ 77.117221767118465, 11.453248689077949 ] ] ] } },
{ "type": "Feature", "properties": { "feature_id": "bld_2076", "name": "Building 2076 (Bhavani Valley Perimeter)", "feature_type": "building", "category": "building" }, "geometry": { "type": "Polygon", "coordinates": [ [ [ 77.156687609130174, 11.440919580835628 ], [ 77.156687609130174, 11.441217611619235 ], [ 77.156389578346577, 11.441217611619235 ], [ 77.156389578346577, 11.440919580835628 ], [ 77.156687609130174, 11.440919580835628 ] ] ] } },
{ "type": "Feature", "properties": { "feature_id": "bld_2077", "name": "Building 2077 (Bhavani Valley Perimeter)", "feature_type": "building", "category": "building" }, "geometry": { "type": "Polygon", "coordinates": [ [ [ 77.170381886197163, 11.454391428003939 ], [ 77.170381886197163, 11.454632426954459 ], [ 77.170140887246646, 11.454632426954459 ], [ 77.170140887246646, 11.454391428003939 ], [ 77.170381886197163, 11.454391428003939 ] ] ] } },
{ "type": "Feature", "properties": { "feature_id": "bld_2078", "name": "Building 2078 (Bhavani Valley Perimeter)", "feature_type": "building", "category": "building" }, "geometry": { "type": "Polygon", "coordinates": [ [ [ 77.18211297835353, 11.462612749125743 ], [ 77.18211297835353, 11.462797178913839 ], [ 77.181928548565423, 11.462797178913839 ], [ 77.181928548565423, 11.462612749125743 ], [ 77.18211297835353, 11.462612749125743 ] ] ] } },
{ "type": "Feature", "properties": { "feature_id": "bld_2079", "name": "Building 2079 (Bhavani Valley Perimeter)", "feature_type": "building", "category": "building" }, "geometry": { "type": "Polygon", "coordinates": [ [ [ 77.134208396913408, 11.477032148340367 ], [ 77.134208396913408, 11.477282338162606 ], [ 77.133958207091183, 11.477282338162606 ], [ 77.133958207091183, 11.477032148340367 ], [ 77.134208396913408, 11.477032148340367 ] ] ] } },
{ "type": "Feature", "properties": { "feature_id": "bld_2080", "name": "Building 2080 (Bhavani Valley Perimeter)", "feature_type": "building", "category": "building" }, "geometry": { "type": "Polygon", "coordinates": [ [ [ 77.158707772704062, 11.478198496170402 ], [ 77.158707772704062, 11.478483652398447 ], [ 77.158422616476017, 11.478483652398447 ], [ 77.158422616476017, 11.478198496170402 ], [ 77.158707772704062, 11.478198496170402 ] ] ] } },
{ "type": "Feature", "properties": { "feature_id": "bld_2081", "name": "Building 2081 (Bhavani Valley Perimeter)", "feature_type": "building", "category": "building" }, "geometry": { "type": "Polygon", "coordinates": [ [ [ 77.182899420280279, 11.439624370842521 ], [ 77.182899420280279, 11.439860548482796 ], [ 77.182663242640018, 11.439860548482796 ], [ 77.182663242640018, 11.439624370842521 ], [ 77.182899420280279, 11.439624370842521 ] ] ] } },
{ "type": "Feature", "properties": { "feature_id": "bld_2082", "name": "Building 2082 (Bhavani Valley Perimeter)", "feature_type": "building", "category": "building" }, "geometry": { "type": "Polygon", "coordinates": [ [ [ 77.166768327043783, 11.472723872122213 ], [ 77.166768327043783, 11.472968812390487 ], [ 77.166523386775495, 11.472968812390487 ], [ 77.166523386775495, 11.472723872122213 ], [ 77.166768327043783, 11.472723872122213 ] ] ] } },
{ "type": "Feature", "properties": { "feature_id": "bld_2083", "name": "Building 2083 (Bhavani Valley Perimeter)", "feature_type": "building", "category": "building" }, "geometry": { "type": "Polygon", "coordinates": [ [ [ 77.115141267959871, 11.474740619903736 ], [ 77.115141267959871, 11.475001435490428 ], [ 77.114880452373171, 11.475001435490428 ], [ 77.114880452373171, 11.474740619903736 ], [ 77.115141267959871, 11.474740619903736 ] ] ] } },
{ "type": "Feature", "properties": { "feature_id": "bld_2084", "name": "Building 2084 (Bhavani Valley Perimeter)", "feature_type": "building", "category": "building" }, "geometry": { "type": "Polygon", "coordinates": [ [ [ 77.107844397857377, 11.458098312815752 ], [ 77.107844397857377, 11.458282669651686 ], [ 77.107660041021433, 11.458282669651686 ], [ 77.107660041021433, 11.458098312815752 ], [ 77.107844397857377, 11.458098312815752 ] ] ] } },
{ "type": "Feature", "properties": { "feature_id": "bld_2085", "name": "Building 2085 (Bhavani Valley Perimeter)", "feature_type": "building", "category": "building" }, "geometry": { "type": "Polygon", "coordinates": [ [ [ 77.130480957204952, 11.435796031519496 ], [ 77.130480957204952, 11.436012077701074 ], [ 77.130264911023374, 11.436012077701074 ], [ 77.130264911023374, 11.435796031519496 ], [ 77.130480957204952, 11.435796031519496 ] ] ] } },
{ "type": "Feature", "properties": { "feature_id": "bld_2086", "name": "Building 2086 (Bhavani Valley Perimeter)", "feature_type": "building", "category": "building" }, "geometry": { "type": "Polygon", "coordinates": [ [ [ 77.149615367228208, 11.465852685317195 ], [ 77.149615367228208, 11.466105573965514 ], [ 77.149362478579903, 11.466105573965514 ], [ 77.149362478579903, 11.465852685317195 ], [ 77.149615367228208, 11.465852685317195 ] ] ] } },
{ "type": "Feature", "properties": { "feature_id": "bld_2087", "name": "Building 2087 (Bhavani Valley Perimeter)", "feature_type": "building", "category": "building" }, "geometry": { "type": "Polygon", "coordinates": [ [ [ 77.175354651906787, 11.445684711636217 ], [ 77.175354651906787, 11.445861579091359 ], [ 77.175177784451648, 11.445861579091359 ], [ 77.175177784451648, 11.445684711636217 ], [ 77.175354651906787, 11.445684711636217 ] ] ] } },
{ "type": "Feature", "properties": { "feature_id": "bld_2088", "name": "Building 2088 (Bhavani Valley Perimeter)", "feature_type": "building", "category": "building" }, "geometry": { "type": "Polygon", "coordinates": [ [ [ 77.176786578676499, 11.442682407538939 ], [ 77.176786578676499, 11.442978873950327 ], [ 77.176490112265114, 11.442978873950327 ], [ 77.176490112265114, 11.442682407538939 ], [ 77.176786578676499, 11.442682407538939 ] ] ] } },
{ "type": "Feature", "properties": { "feature_id": "bld_2089", "name": "Building 2089 (Bhavani Valley Perimeter)", "feature_type": "building", "category": "building" }, "geometry": { "type": "Polygon", "coordinates": [ [ [ 77.175977140145619, 11.459895130794735 ], [ 77.175977140145619, 11.460192529794224 ], [ 77.175679741146126, 11.460192529794224 ], [ 77.175679741146126, 11.459895130794735 ], [ 77.175977140145619, 11.459895130794735 ] ] ] } },
{ "type": "Feature", "properties": { "feature_id": "bld_2090", "name": "Building 2090 (Bhavani Valley Perimeter)", "feature_type": "building", "category": "building" }, "geometry": { "type": "Polygon", "coordinates": [ [ [ 77.10888858132877, 11.450028612349703 ], [ 77.10888858132877, 11.450277963767808 ], [ 77.108639229910651, 11.450277963767808 ], [ 77.108639229910651, 11.450028612349703 ], [ 77.10888858132877, 11.450028612349703 ] ] ] } },
{ "type": "Feature", "properties": { "feature_id": "bld_2091", "name": "Building 2091 (Bhavani Valley Perimeter)", "feature_type": "building", "category": "building" }, "geometry": { "type": "Polygon", "coordinates": [ [ [ 77.13158521198875, 11.481334033772866 ], [ 77.13158521198875, 11.481503221425212 ], [ 77.131416024336403, 11.481503221425212 ], [ 77.131416024336403, 11.481334033772866 ], [ 77.13158521198875, 11.481334033772866 ] ] ] } },
{ "type": "Feature", "properties": { "feature_id": "bld_2092", "name": "Building 2092 (Bhavani Valley Perimeter)", "feature_type": "building", "category": "building" }, "geometry": { "type": "Polygon", "coordinates": [ [ [ 77.149572755854138, 11.464417622401092 ], [ 77.149572755854138, 11.46466900433842 ], [ 77.14932137391682, 11.46466900433842 ], [ 77.14932137391682, 11.464417622401092 ], [ 77.149572755854138, 11.464417622401092 ] ] ] } },
{ "type": "Feature", "properties": { "feature_id": "bld_2093", "name": "Building 2093 (Bhavani Valley Perimeter)", "feature_type": "building", "category": "building" }, "geometry": { "type": "Polygon", "coordinates": [ [ [ 77.123149017736935, 11.453089263738917 ], [ 77.123149017736935, 11.45336737901307 ], [ 77.122870902462793, 11.45336737901307 ], [ 77.122870902462793, 11.453089263738917 ], [ 77.123149017736935, 11.453089263738917 ] ] ] } },
{ "type": "Feature", "properties": { "feature_id": "bld_2094", "name": "Building 2094 (Bhavani Valley Perimeter)", "feature_type": "building", "category": "building" }, "geometry": { "type": "Polygon", "coordinates": [ [ [ 77.117664235086906, 11.476224006479065 ], [ 77.117664235086906, 11.476462778238272 ], [ 77.117425463327706, 11.476462778238272 ], [ 77.117425463327706, 11.476224006479065 ], [ 77.117664235086906, 11.476224006479065 ] ] ] } },
{ "type": "Feature", "properties": { "feature_id": "bld_2095", "name": "Building 2095 (Bhavani Valley Perimeter)", "feature_type": "building", "category": "building" }, "geometry": { "type": "Polygon", "coordinates": [ [ [ 77.16869140181214, 11.470585842508497 ], [ 77.16869140181214, 11.47077489411785 ], [ 77.1685023502028, 11.47077489411785 ], [ 77.1685023502028, 11.470585842508497 ], [ 77.16869140181214, 11.470585842508497 ] ] ] } },
{ "type": "Feature", "properties": { "feature_id": "bld_2096", "name": "Building 2096 (Bhavani Valley Perimeter)", "feature_type": "building", "category": "building" }, "geometry": { "type": "Polygon", "coordinates": [ [ [ 77.151303394415621, 11.478275909503679 ], [ 77.151303394415621, 11.478496405776831 ], [ 77.151082898142462, 11.478496405776831 ], [ 77.151082898142462, 11.478275909503679 ], [ 77.151303394415621, 11.478275909503679 ] ] ] } },
{ "type": "Feature", "properties": { "feature_id": "bld_2097", "name": "Building 2097 (Bhavani Valley Perimeter)", "feature_type": "building", "category": "building" }, "geometry": { "type": "Polygon", "coordinates": [ [ [ 77.187083164314657, 11.457520760010519 ], [ 77.187083164314657, 11.457700749999654 ], [ 77.186903174325522, 11.457700749999654 ], [ 77.186903174325522, 11.457520760010519 ], [ 77.187083164314657, 11.457520760010519 ] ] ] } },
{ "type": "Feature", "properties": { "feature_id": "bld_2098", "name": "Building 2098 (Bhavani Valley Perimeter)", "feature_type": "building", "category": "building" }, "geometry": { "type": "Polygon", "coordinates": [ [ [ 77.135151501666442, 11.482482739860073 ], [ 77.135151501666442, 11.482687500778981 ], [ 77.134946740747537, 11.482687500778981 ], [ 77.134946740747537, 11.482482739860073 ], [ 77.135151501666442, 11.482482739860073 ] ] ] } },
{ "type": "Feature", "properties": { "feature_id": "bld_2099", "name": "Building 2099 (Bhavani Valley Perimeter)", "feature_type": "building", "category": "building" }, "geometry": { "type": "Polygon", "coordinates": [ [ [ 77.178233347444731, 11.47895802102739 ], [ 77.178233347444731, 11.479167047140796 ], [ 77.178024321331335, 11.479167047140796 ], [ 77.178024321331335, 11.47895802102739 ], [ 77.178233347444731, 11.47895802102739 ] ] ] } },
{ "type": "Feature", "properties": { "feature_id": "bld_2100", "name": "Building 2100 (Bhavani Valley Perimeter)", "feature_type": "building", "category": "building" }, "geometry": { "type": "Polygon", "coordinates": [ [ [ 77.107594995085492, 11.471126089597011 ], [ 77.107594995085492, 11.471329701318872 ], [ 77.10739138336362, 11.471329701318872 ], [ 77.10739138336362, 11.471126089597011 ], [ 77.107594995085492, 11.471126089597011 ] ] ] } },
{ "type": "Feature", "properties": { "feature_id": "bld_2101", "name": "Building 2101 (Bhavani Valley Perimeter)", "feature_type": "building", "category": "building" }, "geometry": { "type": "Polygon", "coordinates": [ [ [ 77.170577093955146, 11.457018773741057 ], [ 77.170577093955146, 11.457246711084986 ], [ 77.170349156611209, 11.457246711084986 ], [ 77.170349156611209, 11.457018773741057 ], [ 77.170577093955146, 11.457018773741057 ] ] ] } },
{ "type": "Feature", "properties": { "feature_id": "bld_2102", "name": "Building 2102 (Bhavani Valley Perimeter)", "feature_type": "building", "category": "building" }, "geometry": { "type": "Polygon", "coordinates": [ [ [ 77.170122865521535, 11.45400714763891 ], [ 77.170122865521535, 11.454229185467254 ], [ 77.169900827693198, 11.454229185467254 ], [ 77.169900827693198, 11.45400714763891 ], [ 77.170122865521535, 11.45400714763891 ] ] ] } },
{ "type": "Feature", "properties": { "feature_id": "bld_2103", "name": "Building 2103 (Bhavani Valley Perimeter)", "feature_type": "building", "category": "building" }, "geometry": { "type": "Polygon", "coordinates": [ [ [ 77.133973958449644, 11.45325020950348 ], [ 77.133973958449644, 11.453483842024248 ], [ 77.133740325928869, 11.453483842024248 ], [ 77.133740325928869, 11.45325020950348 ], [ 77.133973958449644, 11.45325020950348 ] ] ] } },
{ "type": "Feature", "properties": { "feature_id": "bld_2104", "name": "Building 2104 (Bhavani Valley Perimeter)", "feature_type": "building", "category": "building" }, "geometry": { "type": "Polygon", "coordinates": [ [ [ 77.172908647835541, 11.452971717765692 ], [ 77.172908647835541, 11.453205113426566 ], [ 77.17267525217467, 11.453205113426566 ], [ 77.17267525217467, 11.452971717765692 ], [ 77.172908647835541, 11.452971717765692 ] ] ] } },
{ "type": "Feature", "properties": { "feature_id": "bld_2105", "name": "Building 2105 (Bhavani Valley Perimeter)", "feature_type": "building", "category": "building" }, "geometry": { "type": "Polygon", "coordinates": [ [ [ 77.160464885886185, 11.44837254571884 ], [ 77.160464885886185, 11.448571398911525 ], [ 77.160266032693485, 11.448571398911525 ], [ 77.160266032693485, 11.44837254571884 ], [ 77.160464885886185, 11.44837254571884 ] ] ] } },
{ "type": "Feature", "properties": { "feature_id": "bld_2106", "name": "Building 2106 (Bhavani Valley Perimeter)", "feature_type": "building", "category": "building" }, "geometry": { "type": "Polygon", "coordinates": [ [ [ 77.18412758449945, 11.47105632559922 ], [ 77.18412758449945, 11.471297131733889 ], [ 77.183886778364766, 11.471297131733889 ], [ 77.183886778364766, 11.47105632559922 ], [ 77.18412758449945, 11.47105632559922 ] ] ] } },
{ "type": "Feature", "properties": { "feature_id": "bld_2107", "name": "Building 2107 (Bhavani Valley Perimeter)", "feature_type": "building", "category": "building" }, "geometry": { "type": "Polygon", "coordinates": [ [ [ 77.158418072105434, 11.436341704947582 ], [ 77.158418072105434, 11.436588239362761 ], [ 77.158171537690265, 11.436588239362761 ], [ 77.158171537690265, 11.436341704947582 ], [ 77.158418072105434, 11.436341704947582 ] ] ] } },
{ "type": "Feature", "properties": { "feature_id": "bld_2108", "name": "Building 2108 (Bhavani Valley Perimeter)", "feature_type": "building", "category": "building" }, "geometry": { "type": "Polygon", "coordinates": [ [ [ 77.145960958258058, 11.462182324321093 ], [ 77.145960958258058, 11.46239264365685 ], [ 77.145750638922294, 11.46239264365685 ], [ 77.145750638922294, 11.462182324321093 ], [ 77.145960958258058, 11.462182324321093 ] ] ] } },
{ "type": "Feature", "properties": { "feature_id": "bld_2109", "name": "Building 2109 (Bhavani Valley Perimeter)", "feature_type": "building", "category": "building" }, "geometry": { "type": "Polygon", "coordinates": [ [ [ 77.107479202924083, 11.444520409550679 ], [ 77.107479202924083, 11.444813513810528 ], [ 77.107186098664243, 11.444813513810528 ], [ 77.107186098664243, 11.444520409550679 ], [ 77.107479202924083, 11.444520409550679 ] ] ] } },
{ "type": "Feature", "properties": { "feature_id": "bld_2110", "name": "Building 2110 (Bhavani Valley Perimeter)", "feature_type": "building", "category": "building" }, "geometry": { "type": "Polygon", "coordinates": [ [ [ 77.136866650289662, 11.458250468106254 ], [ 77.136866650289662, 11.458417847476834 ], [ 77.136699270919095, 11.458417847476834 ], [ 77.136699270919095, 11.458250468106254 ], [ 77.136866650289662, 11.458250468106254 ] ] ] } },
{ "type": "Feature", "properties": { "feature_id": "bld_2111", "name": "Building 2111 (Bhavani Valley Perimeter)", "feature_type": "building", "category": "building" }, "geometry": { "type": "Polygon", "coordinates": [ [ [ 77.103498627285447, 11.47074140572585 ], [ 77.103498627285447, 11.470976738978827 ], [ 77.103263294032459, 11.470976738978827 ], [ 77.103263294032459, 11.47074140572585 ], [ 77.103498627285447, 11.47074140572585 ] ] ] } },
{ "type": "Feature", "properties": { "feature_id": "bld_2112", "name": "Building 2112 (Bhavani Valley Perimeter)", "feature_type": "building", "category": "building" }, "geometry": { "type": "Polygon", "coordinates": [ [ [ 77.14591567113068, 11.447024093969921 ], [ 77.14591567113068, 11.447288359072347 ], [ 77.14565140602825, 11.447288359072347 ], [ 77.14565140602825, 11.447024093969921 ], [ 77.14591567113068, 11.447024093969921 ] ] ] } },
{ "type": "Feature", "properties": { "feature_id": "bld_2113", "name": "Building 2113 (Bhavani Valley Perimeter)", "feature_type": "building", "category": "building" }, "geometry": { "type": "Polygon", "coordinates": [ [ [ 77.115253541971754, 11.444384487331057 ], [ 77.115253541971754, 11.444608987035046 ], [ 77.115029042267764, 11.444608987035046 ], [ 77.115029042267764, 11.444384487331057 ], [ 77.115253541971754, 11.444384487331057 ] ] ] } },
{ "type": "Feature", "properties": { "feature_id": "bld_2114", "name": "Building 2114 (Bhavani Valley Perimeter)", "feature_type": "building", "category": "building" }, "geometry": { "type": "Polygon", "coordinates": [ [ [ 77.125890354225191, 11.447247982426539 ], [ 77.125890354225191, 11.447498315696777 ], [ 77.125640020954961, 11.447498315696777 ], [ 77.125640020954961, 11.447247982426539 ], [ 77.125890354225191, 11.447247982426539 ] ] ] } },
{ "type": "Feature", "properties": { "feature_id": "bld_2115", "name": "Building 2115 (Bhavani Valley Perimeter)", "feature_type": "building", "category": "building" }, "geometry": { "type": "Polygon", "coordinates": [ [ [ 77.158696696669367, 11.476116613890309 ], [ 77.158696696669367, 11.476335093089684 ], [ 77.158478217469977, 11.476335093089684 ], [ 77.158478217469977, 11.476116613890309 ], [ 77.158696696669367, 11.476116613890309 ] ] ] } },
{ "type": "Feature", "properties": { "feature_id": "bld_2116", "name": "Building 2116 (Bhavani Valley Perimeter)", "feature_type": "building", "category": "building" }, "geometry": { "type": "Polygon", "coordinates": [ [ [ 77.106726258574767, 11.44853471886365 ], [ 77.106726258574767, 11.448831919628498 ], [ 77.106429057809933, 11.448831919628498 ], [ 77.106429057809933, 11.44853471886365 ], [ 77.106726258574767, 11.44853471886365 ] ] ] } },
{ "type": "Feature", "properties": { "feature_id": "bld_2117", "name": "Building 2117 (Bhavani Valley Perimeter)", "feature_type": "building", "category": "building" }, "geometry": { "type": "Polygon", "coordinates": [ [ [ 77.153743786819007, 11.470406339191976 ], [ 77.153743786819007, 11.470567369288124 ], [ 77.153582756722869, 11.470567369288124 ], [ 77.153582756722869, 11.470406339191976 ], [ 77.153743786819007, 11.470406339191976 ] ] ] } },
{ "type": "Feature", "properties": { "feature_id": "bld_2118", "name": "Building 2118 (Bhavani Valley Perimeter)", "feature_type": "building", "category": "building" }, "geometry": { "type": "Polygon", "coordinates": [ [ [ 77.146758362011269, 11.436756586761744 ], [ 77.146758362011269, 11.436996278991439 ], [ 77.146518669781585, 11.436996278991439 ], [ 77.146518669781585, 11.436756586761744 ], [ 77.146758362011269, 11.436756586761744 ] ] ] } },
{ "type": "Feature", "properties": { "feature_id": "bld_2119", "name": "Building 2119 (Bhavani Valley Perimeter)", "feature_type": "building", "category": "building" }, "geometry": { "type": "Polygon", "coordinates": [ [ [ 77.182987215154512, 11.483303117837742 ], [ 77.182987215154512, 11.483538795212297 ], [ 77.182751537779964, 11.483538795212297 ], [ 77.182751537779964, 11.483303117837742 ], [ 77.182987215154512, 11.483303117837742 ] ] ] } },
{ "type": "Feature", "properties": { "feature_id": "bld_2120", "name": "Building 2120 (Bhavani Valley Perimeter)", "feature_type": "building", "category": "building" }, "geometry": { "type": "Polygon", "coordinates": [ [ [ 77.141365585160926, 11.482123702024184 ], [ 77.141365585160926, 11.482378007400664 ], [ 77.141111279784454, 11.482378007400664 ], [ 77.141111279784454, 11.482123702024184 ], [ 77.141365585160926, 11.482123702024184 ] ] ] } },
{ "type": "Feature", "properties": { "feature_id": "bld_2121", "name": "Building 2121 (Bhavani Valley Perimeter)", "feature_type": "building", "category": "building" }, "geometry": { "type": "Polygon", "coordinates": [ [ [ 77.105937752309742, 11.458189461732083 ], [ 77.105937752309742, 11.458383096034666 ], [ 77.105744118007166, 11.458383096034666 ], [ 77.105744118007166, 11.458189461732083 ], [ 77.105937752309742, 11.458189461732083 ] ] ] } },
{ "type": "Feature", "properties": { "feature_id": "bld_2122", "name": "Building 2122 (Bhavani Valley Perimeter)", "feature_type": "building", "category": "building" }, "geometry": { "type": "Polygon", "coordinates": [ [ [ 77.142403139066573, 11.45765252846412 ], [ 77.142403139066573, 11.457894028736515 ], [ 77.142161638794192, 11.457894028736515 ], [ 77.142161638794192, 11.45765252846412 ], [ 77.142403139066573, 11.45765252846412 ] ] ] } },
{ "type": "Feature", "properties": { "feature_id": "bld_2123", "name": "Building 2123 (Bhavani Valley Perimeter)", "feature_type": "building", "category": "building" }, "geometry": { "type": "Polygon", "coordinates": [ [ [ 77.132224604491839, 11.443098262112377 ], [ 77.132224604491839, 11.443328782833218 ], [ 77.131994083771005, 11.443328782833218 ], [ 77.131994083771005, 11.443098262112377 ], [ 77.132224604491839, 11.443098262112377 ] ] ] } },
{ "type": "Feature", "properties": { "feature_id": "bld_2124", "name": "Building 2124 (Bhavani Valley Perimeter)", "feature_type": "building", "category": "building" }, "geometry": { "type": "Polygon", "coordinates": [ [ [ 77.174821945341733, 11.468096925652766 ], [ 77.174821945341733, 11.468304297153995 ], [ 77.1746145738405, 11.468304297153995 ], [ 77.1746145738405, 11.468096925652766 ], [ 77.174821945341733, 11.468096925652766 ] ] ] } },
{ "type": "Feature", "properties": { "feature_id": "bld_2125", "name": "Building 2125 (Bhavani Valley Perimeter)", "feature_type": "building", "category": "building" }, "geometry": { "type": "Polygon", "coordinates": [ [ [ 77.184291726436243, 11.480515724174502 ], [ 77.184291726436243, 11.480705032950414 ], [ 77.184102417660341, 11.480705032950414 ], [ 77.184102417660341, 11.480515724174502 ], [ 77.184291726436243, 11.480515724174502 ] ] ] } },
{ "type": "Feature", "properties": { "feature_id": "bld_2126", "name": "Building 2126 (Bhavani Valley Perimeter)", "feature_type": "building", "category": "building" }, "geometry": { "type": "Polygon", "coordinates": [ [ [ 77.103685515379112, 11.471927502699243 ], [ 77.103685515379112, 11.472203368135832 ], [ 77.103409649942535, 11.472203368135832 ], [ 77.103409649942535, 11.471927502699243 ], [ 77.103685515379112, 11.471927502699243 ] ] ] } },
{ "type": "Feature", "properties": { "feature_id": "bld_2127", "name": "Building 2127 (Bhavani Valley Perimeter)", "feature_type": "building", "category": "building" }, "geometry": { "type": "Polygon", "coordinates": [ [ [ 77.187229848369384, 11.479369782270641 ], [ 77.187229848369384, 11.47961385713819 ], [ 77.186985773501846, 11.47961385713819 ], [ 77.186985773501846, 11.479369782270641 ], [ 77.187229848369384, 11.479369782270641 ] ] ] } },
{ "type": "Feature", "properties": { "feature_id": "bld_2128", "name": "Building 2128 (Bhavani Valley Perimeter)", "feature_type": "building", "category": "building" }, "geometry": { "type": "Polygon", "coordinates": [ [ [ 77.147801976480395, 11.436294786611851 ], [ 77.147801976480395, 11.436489318514409 ], [ 77.147607444577829, 11.436489318514409 ], [ 77.147607444577829, 11.436294786611851 ], [ 77.147801976480395, 11.436294786611851 ] ] ] } },
{ "type": "Feature", "properties": { "feature_id": "bld_2129", "name": "Building 2129 (Bhavani Valley Perimeter)", "feature_type": "building", "category": "building" }, "geometry": { "type": "Polygon", "coordinates": [ [ [ 77.141484335284289, 11.466306187375846 ], [ 77.141484335284289, 11.466544202632509 ], [ 77.141246320027633, 11.466544202632509 ], [ 77.141246320027633, 11.466306187375846 ], [ 77.141484335284289, 11.466306187375846 ] ] ] } },
{ "type": "Feature", "properties": { "feature_id": "bld_2130", "name": "Building 2130 (Bhavani Valley Perimeter)", "feature_type": "building", "category": "building" }, "geometry": { "type": "Polygon", "coordinates": [ [ [ 77.166956785753896, 11.448868799861817 ], [ 77.166956785753896, 11.449107893226888 ], [ 77.166717692388815, 11.449107893226888 ], [ 77.166717692388815, 11.448868799861817 ], [ 77.166956785753896, 11.448868799861817 ] ] ] } },
{ "type": "Feature", "properties": { "feature_id": "bld_2131", "name": "Building 2131 (Bhavani Valley Perimeter)", "feature_type": "building", "category": "building" }, "geometry": { "type": "Polygon", "coordinates": [ [ [ 77.108065313163465, 11.455550764920853 ], [ 77.108065313163465, 11.455815787437468 ], [ 77.107800290646864, 11.455815787437468 ], [ 77.107800290646864, 11.455550764920853 ], [ 77.108065313163465, 11.455550764920853 ] ] ] } },
{ "type": "Feature", "properties": { "feature_id": "bld_2132", "name": "Building 2132 (Bhavani Valley Perimeter)", "feature_type": "building", "category": "building" }, "geometry": { "type": "Polygon", "coordinates": [ [ [ 77.162505529187428, 11.484432684479788 ], [ 77.162505529187428, 11.484631589237427 ], [ 77.162306624429789, 11.484631589237427 ], [ 77.162306624429789, 11.484432684479788 ], [ 77.162505529187428, 11.484432684479788 ] ] ] } },
{ "type": "Feature", "properties": { "feature_id": "bld_2133", "name": "Building 2133 (Bhavani Valley Perimeter)", "feature_type": "building", "category": "building" }, "geometry": { "type": "Polygon", "coordinates": [ [ [ 77.144947879143629, 11.451365678470717 ], [ 77.144947879143629, 11.451587362906684 ], [ 77.144726194707673, 11.451587362906684 ], [ 77.144726194707673, 11.451365678470717 ], [ 77.144947879143629, 11.451365678470717 ] ] ] } },
{ "type": "Feature", "properties": { "feature_id": "bld_2134", "name": "Building 2134 (Bhavani Valley Perimeter)", "feature_type": "building", "category": "building" }, "geometry": { "type": "Polygon", "coordinates": [ [ [ 77.177267282571634, 11.46906868287603 ], [ 77.177267282571634, 11.469352224642817 ], [ 77.176983740804857, 11.469352224642817 ], [ 77.176983740804857, 11.46906868287603 ], [ 77.177267282571634, 11.46906868287603 ] ] ] } },
{ "type": "Feature", "properties": { "feature_id": "bld_2135", "name": "Building 2135 (Bhavani Valley Perimeter)", "feature_type": "building", "category": "building" }, "geometry": { "type": "Polygon", "coordinates": [ [ [ 77.11840018310906, 11.47858387253288 ], [ 77.11840018310906, 11.478752239251264 ], [ 77.118231816390676, 11.478752239251264 ], [ 77.118231816390676, 11.47858387253288 ], [ 77.11840018310906, 11.47858387253288 ] ] ] } },
{ "type": "Feature", "properties": { "feature_id": "bld_2136", "name": "Building 2136 (Bhavani Valley Perimeter)", "feature_type": "building", "category": "building" }, "geometry": { "type": "Polygon", "coordinates": [ [ [ 77.180075956373685, 11.451351667838697 ], [ 77.180075956373685, 11.451555710107375 ], [ 77.179871914105007, 11.451555710107375 ], [ 77.179871914105007, 11.451351667838697 ], [ 77.180075956373685, 11.451351667838697 ] ] ] } },
{ "type": "Feature", "properties": { "feature_id": "bld_2137", "name": "Building 2137 (Bhavani Valley Perimeter)", "feature_type": "building", "category": "building" }, "geometry": { "type": "Polygon", "coordinates": [ [ [ 77.146171316598398, 11.481951164690633 ], [ 77.146171316598398, 11.482117854081688 ], [ 77.146004627207347, 11.482117854081688 ], [ 77.146004627207347, 11.481951164690633 ], [ 77.146171316598398, 11.481951164690633 ] ] ] } },
{ "type": "Feature", "properties": { "feature_id": "bld_2138", "name": "Building 2138 (Bhavani Valley Perimeter)", "feature_type": "building", "category": "building" }, "geometry": { "type": "Polygon", "coordinates": [ [ [ 77.131808511569773, 11.477720875620747 ], [ 77.131808511569773, 11.477936323247587 ], [ 77.131593063942944, 11.477936323247587 ], [ 77.131593063942944, 11.477720875620747 ], [ 77.131808511569773, 11.477720875620747 ] ] ] } },
{ "type": "Feature", "properties": { "feature_id": "bld_2139", "name": "Building 2139 (Bhavani Valley Perimeter)", "feature_type": "building", "category": "building" }, "geometry": { "type": "Polygon", "coordinates": [ [ [ 77.118031109458826, 11.456132720391466 ], [ 77.118031109458826, 11.456346697741676 ], [ 77.117817132108627, 11.456346697741676 ], [ 77.117817132108627, 11.456132720391466 ], [ 77.118031109458826, 11.456132720391466 ] ] ] } },
{ "type": "Feature", "properties": { "feature_id": "bld_2140", "name": "Building 2140 (Bhavani Valley Perimeter)", "feature_type": "building", "category": "building" }, "geometry": { "type": "Polygon", "coordinates": [ [ [ 77.182502816220904, 11.472981360698252 ], [ 77.182502816220904, 11.473212076876056 ], [ 77.182272100043093, 11.473212076876056 ], [ 77.182272100043093, 11.472981360698252 ], [ 77.182502816220904, 11.472981360698252 ] ] ] } },
{ "type": "Feature", "properties": { "feature_id": "bld_2141", "name": "Building 2141 (Bhavani Valley Perimeter)", "feature_type": "building", "category": "building" }, "geometry": { "type": "Polygon", "coordinates": [ [ [ 77.189037427653105, 11.458179799915639 ], [ 77.189037427653105, 11.458347953211954 ], [ 77.188869274356776, 11.458347953211954 ], [ 77.188869274356776, 11.458179799915639 ], [ 77.189037427653105, 11.458179799915639 ] ] ] } },
{ "type": "Feature", "properties": { "feature_id": "bld_2142", "name": "Building 2142 (Bhavani Valley Perimeter)", "feature_type": "building", "category": "building" }, "geometry": { "type": "Polygon", "coordinates": [ [ [ 77.123695672147036, 11.456712540827274 ], [ 77.123695672147036, 11.456894507194656 ], [ 77.123513705779644, 11.456894507194656 ], [ 77.123513705779644, 11.456712540827274 ], [ 77.123695672147036, 11.456712540827274 ] ] ] } },
{ "type": "Feature", "properties": { "feature_id": "bld_2143", "name": "Building 2143 (Bhavani Valley Perimeter)", "feature_type": "building", "category": "building" }, "geometry": { "type": "Polygon", "coordinates": [ [ [ 77.18537964147319, 11.473243664786859 ], [ 77.18537964147319, 11.47344122499492 ], [ 77.18518208126514, 11.47344122499492 ], [ 77.18518208126514, 11.473243664786859 ], [ 77.18537964147319, 11.473243664786859 ] ] ] } },
{ "type": "Feature", "properties": { "feature_id": "bld_2144", "name": "Building 2144 (Bhavani Valley Perimeter)", "feature_type": "building", "category": "building" }, "geometry": { "type": "Polygon", "coordinates": [ [ [ 77.153318297541645, 11.470926568330453 ], [ 77.153318297541645, 11.471218347380502 ], [ 77.153026518491586, 11.471218347380502 ], [ 77.153026518491586, 11.470926568330453 ], [ 77.153318297541645, 11.470926568330453 ] ] ] } },
{ "type": "Feature", "properties": { "feature_id": "bld_2145", "name": "Building 2145 (Bhavani Valley Perimeter)", "feature_type": "building", "category": "building" }, "geometry": { "type": "Polygon", "coordinates": [ [ [ 77.179481407109165, 11.460625385623525 ], [ 77.179481407109165, 11.460893836990296 ], [ 77.1792129557424, 11.460893836990296 ], [ 77.1792129557424, 11.460625385623525 ], [ 77.179481407109165, 11.460625385623525 ] ] ] } },
{ "type": "Feature", "properties": { "feature_id": "bld_2146", "name": "Building 2146 (Bhavani Valley Perimeter)", "feature_type": "building", "category": "building" }, "geometry": { "type": "Polygon", "coordinates": [ [ [ 77.150681059781562, 11.462547162565192 ], [ 77.150681059781562, 11.46272322643936 ], [ 77.150504995907397, 11.46272322643936 ], [ 77.150504995907397, 11.462547162565192 ], [ 77.150681059781562, 11.462547162565192 ] ] ] } },
{ "type": "Feature", "properties": { "feature_id": "bld_2147", "name": "Building 2147 (Bhavani Valley Perimeter)", "feature_type": "building", "category": "building" }, "geometry": { "type": "Polygon", "coordinates": [ [ [ 77.111451209529605, 11.461377860442974 ], [ 77.111451209529605, 11.46157550105927 ], [ 77.111253568913298, 11.46157550105927 ], [ 77.111253568913298, 11.461377860442974 ], [ 77.111451209529605, 11.461377860442974 ] ] ] } },
{ "type": "Feature", "properties": { "feature_id": "bld_2148", "name": "Building 2148 (Bhavani Valley Perimeter)", "feature_type": "building", "category": "building" }, "geometry": { "type": "Polygon", "coordinates": [ [ [ 77.101975595283207, 11.471059686133243 ], [ 77.101975595283207, 11.471224234256779 ], [ 77.101811047159671, 11.471224234256779 ], [ 77.101811047159671, 11.471059686133243 ], [ 77.101975595283207, 11.471059686133243 ] ] ] } },
{ "type": "Feature", "properties": { "feature_id": "bld_2149", "name": "Building 2149 (Bhavani Valley Perimeter)", "feature_type": "building", "category": "building" }, "geometry": { "type": "Polygon", "coordinates": [ [ [ 77.153722732727701, 11.461811872678025 ], [ 77.153722732727701, 11.462107506734705 ], [ 77.153427098671031, 11.462107506734705 ], [ 77.153427098671031, 11.461811872678025 ], [ 77.153722732727701, 11.461811872678025 ] ] ] } },
{ "type": "Feature", "properties": { "feature_id": "bld_2150", "name": "Building 2150 (Bhavani Valley Perimeter)", "feature_type": "building", "category": "building" }, "geometry": { "type": "Polygon", "coordinates": [ [ [ 77.14369780069903, 11.438061453661144 ], [ 77.14369780069903, 11.438298689976635 ], [ 77.143460564383545, 11.438298689976635 ], [ 77.143460564383545, 11.438061453661144 ], [ 77.14369780069903, 11.438061453661144 ] ] ] } }
]
}
